INSERT INTO gzx.cfg_account_account_state (id, name) VALUES (1, '有效');
INSERT INTO gzx.cfg_account_account_state (id, name) VALUES (2, '作废');
INSERT INTO gzx.cfg_account_account_state (id, name) VALUES (3, '全部');
INSERT INTO gzx.cfg_account_balance (id, code, name, type) VALUES (1, '1001', '库存现金', 1);
INSERT INTO gzx.cfg_account_balance (id, code, name, type) VALUES (3, '1002', '银行存款', 1);
INSERT INTO gzx.cfg_account_balance (id, code, name, type) VALUES (4, '1121', '应收票据', 1);
INSERT INTO gzx.cfg_account_balance (id, code, name, type) VALUES (5, '1122', '应收帐款	', 1);
INSERT INTO gzx.cfg_account_balance (id, code, name, type) VALUES (6, '1123', '预付帐款', 1);
INSERT INTO gzx.cfg_account_balance (id, code, name, type) VALUES (7, '1132', '应收利息', 1);
INSERT INTO gzx.cfg_account_balance (id, code, name, type) VALUES (8, '1231', '其它应收款', 1);
INSERT INTO gzx.cfg_account_balance (id, code, name, type) VALUES (9, '1241', '坏帐准备', 1);
INSERT INTO gzx.cfg_account_balance (id, code, name, type) VALUES (10, '1601', '固定资产', 1);
INSERT INTO gzx.cfg_account_balance (id, code, name, type) VALUES (11, '2001', '短期借款', 2);
INSERT INTO gzx.cfg_account_balance (id, code, name, type) VALUES (12, '2202', '应付帐款', 2);
INSERT INTO gzx.cfg_account_balance (id, code, name, type) VALUES (13, '2205', '预收帐款', 2);
INSERT INTO gzx.cfg_account_balance (id, code, name, type) VALUES (14, '2211', '应付职工薪酬', 2);
INSERT INTO gzx.cfg_account_balance (id, code, name, type) VALUES (15, '2221', '应交税费', 2);
INSERT INTO gzx.cfg_account_balance (id, code, name, type) VALUES (16, '2232', '应付利息', 2);
INSERT INTO gzx.cfg_account_balance (id, code, name, type) VALUES (17, '2241', '其他应付款', 2);
INSERT INTO gzx.cfg_account_balance (id, code, name, type) VALUES (18, '2231', '应付股利', 2);
INSERT INTO gzx.cfg_account_balance (id, code, name, type) VALUES (19, '4001', '实收资本', 3);
INSERT INTO gzx.cfg_account_balance (id, code, name, type) VALUES (20, '4002', '资本公积', 3);
INSERT INTO gzx.cfg_account_balance (id, code, name, type) VALUES (21, '4101', '盈余公积', 3);
INSERT INTO gzx.cfg_account_balance (id, code, name, type) VALUES (22, '4103', '本年利润', 3);
INSERT INTO gzx.cfg_account_balance (id, code, name, type) VALUES (23, '4104', '利润分配', 3);
INSERT INTO gzx.cfg_account_balance (id, code, name, type) VALUES (24, '6001', '主营业务收入', 4);
INSERT INTO gzx.cfg_account_balance (id, code, name, type) VALUES (25, '6011', '利息收入', 4);
INSERT INTO gzx.cfg_account_balance (id, code, name, type) VALUES (26, '6021', '手续费收入', 4);
INSERT INTO gzx.cfg_account_balance (id, code, name, type) VALUES (27, '6301', '营业外收入', 4);
INSERT INTO gzx.cfg_account_balance (id, code, name, type) VALUES (28, '6401', '主营业务成本', 5);
INSERT INTO gzx.cfg_account_balance (id, code, name, type) VALUES (29, '6405', '营业税金及附加', 5);
INSERT INTO gzx.cfg_account_balance (id, code, name, type) VALUES (30, '6411', '利息支出', 5);
INSERT INTO gzx.cfg_account_balance (id, code, name, type) VALUES (31, '6421', '手续费支出', 5);
INSERT INTO gzx.cfg_account_balance (id, code, name, type) VALUES (32, '6601', '销售费用', 5);
INSERT INTO gzx.cfg_account_balance (id, code, name, type) VALUES (33, '6602', '管理费用', 5);
INSERT INTO gzx.cfg_account_balance (id, code, name, type) VALUES (34, '6603', '财务费用', 5);
INSERT INTO gzx.cfg_account_balance (id, code, name, type) VALUES (35, '6711', '营业外支出', 5);
INSERT INTO gzx.cfg_account_balance (id, code, name, type) VALUES (36, '6801', '所得税', 5);
INSERT INTO gzx.cfg_account_balance (id, code, name, type) VALUES (37, '1003', '短期贷款', 1);
INSERT INTO gzx.cfg_account_balance (id, code, name, type) VALUES (38, '1004', '长期贷款', 1);
INSERT INTO gzx.cfg_account_balance (id, code, name, type) VALUES (39, '2002', '长期借款', 2);
INSERT INTO gzx.cfg_account_bank (id, name) VALUES (0, '全部');
INSERT INTO gzx.cfg_account_bank (id, name) VALUES (1, '中国银行');
INSERT INTO gzx.cfg_account_bank (id, name) VALUES (2, '建设银行');
INSERT INTO gzx.cfg_account_bank (id, name) VALUES (3, '工商银行');
INSERT INTO gzx.cfg_account_company (id, name) VALUES (1, '帮你贷');
INSERT INTO gzx.cfg_account_company (id, name) VALUES (2, '大数科技');
INSERT INTO gzx.cfg_account_company (id, name) VALUES (3, '全部');
INSERT INTO gzx.cfg_accounting_period_period_state (id, name) VALUES (1, '生效中');
INSERT INTO gzx.cfg_accounting_period_period_state (id, name) VALUES (2, '已关账');
INSERT INTO gzx.cfg_accounting_period_period_state (id, name) VALUES (3, '已结转');
INSERT INTO gzx.cfg_accounting_period_period_state (id, name) VALUES (4, '全部');
INSERT INTO gzx.cfg_accounting_rule_fee_type (id, name) VALUES (1, '利息收入');
INSERT INTO gzx.cfg_accounting_rule_fee_type (id, name) VALUES (2, '利息支出');
INSERT INTO gzx.cfg_accounting_rule_fee_type (id, name) VALUES (3, '员工工资');
INSERT INTO gzx.cfg_accounting_rule_fee_type (id, name) VALUES (4, '房屋租金');
INSERT INTO gzx.cfg_accounting_rule_fee_type (id, name) VALUES (5, '全部');
INSERT INTO gzx.cfg_agent_business_type (id, name) VALUES (0, '全部');
INSERT INTO gzx.cfg_agent_business_type (id, name) VALUES (1, '贷款业务');
INSERT INTO gzx.cfg_agent_business_type (id, name) VALUES (2, '居间业务');
INSERT INTO gzx.cfg_agent_business_type (id, name) VALUES (3, '垫资过桥');
INSERT INTO gzx.cfg_agent_channel_type (id, name, type) VALUES (1, '内部销售', 1);
INSERT INTO gzx.cfg_agent_channel_type (id, name, type) VALUES (2, '外部销售', 2);
INSERT INTO gzx.cfg_agent_channel_type (id, name, type) VALUES (3, '外部机构', 2);
INSERT INTO gzx.cfg_agent_channel_type (id, name, type) VALUES (4, '内部兼职销售', 1);
INSERT INTO gzx.cfg_agent_channel_type (id, name, type) VALUES (5, '全部', 0);
INSERT INTO gzx.cfg_attendance_ask_type (id, name) VALUES (1, '年假');
INSERT INTO gzx.cfg_attendance_ask_type (id, name) VALUES (2, '病假');
INSERT INTO gzx.cfg_attendance_ask_type (id, name) VALUES (3, '事假');
INSERT INTO gzx.cfg_attendance_ask_type (id, name) VALUES (4, '产假');
INSERT INTO gzx.cfg_attendance_ask_type (id, name) VALUES (5, '全部');
INSERT INTO gzx.cfg_calc_formula_type (id, name) VALUES (0, '全部');
INSERT INTO gzx.cfg_calc_formula_type (id, name) VALUES (1, '非交易垫资利息');
INSERT INTO gzx.cfg_calc_formula_type (id, name) VALUES (2, '非交易垫资下户费');
INSERT INTO gzx.cfg_calc_formula_type (id, name) VALUES (3, '非交易垫资律师费');
INSERT INTO gzx.cfg_calc_formula_type (id, name) VALUES (4, '非交易垫资专员工资');
INSERT INTO gzx.cfg_calc_formula_type (id, name) VALUES (5, '非交易垫资专员提成');
INSERT INTO gzx.cfg_calc_formula_type (id, name) VALUES (6, '非交易垫资经理工资');
INSERT INTO gzx.cfg_calc_formula_type (id, name) VALUES (7, '非交易垫资经理提成');
INSERT INTO gzx.cfg_calc_formula_type (id, name) VALUES (8, '非交易垫资专员最低提成');
INSERT INTO gzx.cfg_calc_formula_type (id, name) VALUES (9, '非交易垫资专员最高提成');
INSERT INTO gzx.cfg_calc_formula_type (id, name) VALUES (10, '非交易垫资外勤逐单提成');
INSERT INTO gzx.cfg_calc_formula_type (id, name) VALUES (11, '非交易垫资经理最高提成');
INSERT INTO gzx.cfg_calc_formula_type (id, name) VALUES (12, '非交易垫资经理最低提成');
INSERT INTO gzx.cfg_cbs_business_type (id, name) VALUES (0, '全部');
INSERT INTO gzx.cfg_cbs_business_type (id, name) VALUES (1, '居间业务');
INSERT INTO gzx.cfg_cbs_business_type (id, name) VALUES (2, '垫资-非交易类');
INSERT INTO gzx.cfg_cbs_business_type (id, name) VALUES (3, '抵押业务');
INSERT INTO gzx.cfg_cbs_business_type (id, name) VALUES (4, '融资业务');
INSERT INTO gzx.cfg_cbs_business_type (id, name) VALUES (6, '垫资-交易类');
INSERT INTO gzx.cfg_cbs_business_type (id, name) VALUES (7, '垫资-提放业务');
INSERT INTO gzx.cfg_cbs_estate_area (id, city, name) VALUES (0, '2', '全部');
INSERT INTO gzx.cfg_cbs_estate_area (id, city, name) VALUES (1, '2', '东西朝海');
INSERT INTO gzx.cfg_cbs_estate_area (id, city, name) VALUES (2, '2', '城六区');
INSERT INTO gzx.cfg_cbs_estate_area (id, city, name) VALUES (3, '2', '近郊');
INSERT INTO gzx.cfg_cbs_estate_area (id, city, name) VALUES (4, '2', '远郊');
INSERT INTO gzx.cfg_cbs_estate_type (id, name) VALUES (1, '住宅');
INSERT INTO gzx.cfg_cbs_estate_type (id, name) VALUES (2, '别墅');
INSERT INTO gzx.cfg_cbs_estate_type (id, name) VALUES (3, '经济适用房');
INSERT INTO gzx.cfg_cbs_estate_type (id, name) VALUES (4, '商住两用');
INSERT INTO gzx.cfg_cbs_estate_type (id, name) VALUES (5, '纯商业');
INSERT INTO gzx.cfg_cbs_estate_type (id, name) VALUES (6, '纯商业实际为居住');
INSERT INTO gzx.cfg_cbs_estate_type (id, name) VALUES (7, '公司名下房产');
INSERT INTO gzx.cfg_cbs_estate_type (id, name) VALUES (8, '公寓');
INSERT INTO gzx.cfg_cbs_estate_type (id, name) VALUES (9, '酒店式公寓');
INSERT INTO gzx.cfg_cbs_estate_type (id, name) VALUES (10, '央产房');
INSERT INTO gzx.cfg_cbs_estate_type (id, name) VALUES (11, '公寓式酒店');
INSERT INTO gzx.cfg_cbs_estate_type (id, name) VALUES (12, '学区房');
INSERT INTO gzx.cfg_cbs_estate_type (id, name) VALUES (13, '别墅立项为住宅');
INSERT INTO gzx.cfg_cbs_estate_type (id, name) VALUES (14, '别墅立项为别墅');
INSERT INTO gzx.cfg_cbs_estate_type (id, name) VALUES (15, '底商');
INSERT INTO gzx.cfg_cbs_estate_type (id, name) VALUES (16, '标准价');
INSERT INTO gzx.cfg_cbs_estate_type (id, name) VALUES (17, '公寓住人');
INSERT INTO gzx.cfg_cbs_estate_type (id, name) VALUES (18, '公寓办公');
INSERT INTO gzx.cfg_cbs_estate_type (id, name) VALUES (19, '成本价房');
INSERT INTO gzx.cfg_cbs_estate_type (id, name) VALUES (20, '写字楼');
INSERT INTO gzx.cfg_cbs_estate_type (id, name) VALUES (21, '商铺');
INSERT INTO gzx.cfg_cbs_estate_type (id, name) VALUES (22, '商品房');
INSERT INTO gzx.cfg_cbs_estate_type (id, name) VALUES (23, '独栋别墅');
INSERT INTO gzx.cfg_cbs_estate_type (id, name) VALUES (26, '全部');
INSERT INTO gzx.cfg_cbs_identity_type (id, name) VALUES (1, '贷款人');
INSERT INTO gzx.cfg_cbs_identity_type (id, name) VALUES (2, '抵押人');
INSERT INTO gzx.cfg_cbs_identity_type (id, name) VALUES (3, '连带借款人');
INSERT INTO gzx.cfg_cbs_identity_type (id, name) VALUES (4, '全部');
INSERT INTO gzx.cfg_cbs_order_state (id, name, busi_type) VALUES (0, '全部', 0);
INSERT INTO gzx.cfg_cbs_order_state (id, name, busi_type) VALUES (101, '订单暂存', 1);
INSERT INTO gzx.cfg_cbs_order_state (id, name, busi_type) VALUES (102, '订单初录入', 1);
INSERT INTO gzx.cfg_cbs_order_state (id, name, busi_type) VALUES (103, '初审不通过', 1);
INSERT INTO gzx.cfg_cbs_order_state (id, name, busi_type) VALUES (104, '初审通过', 1);
INSERT INTO gzx.cfg_cbs_order_state (id, name, busi_type) VALUES (105, '初审上报', 1);
INSERT INTO gzx.cfg_cbs_order_state (id, name, busi_type) VALUES (106, '订单关闭', 1);
INSERT INTO gzx.cfg_cbs_order_state (id, name, busi_type) VALUES (107, '订单已录入', 1);
INSERT INTO gzx.cfg_cbs_order_state (id, name, busi_type) VALUES (108, '复审通过', 1);
INSERT INTO gzx.cfg_cbs_order_state (id, name, busi_type) VALUES (109, '复审不通过', 1);
INSERT INTO gzx.cfg_cbs_order_state (id, name, busi_type) VALUES (110, '订单复暂存', 1);
INSERT INTO gzx.cfg_cbs_order_state (id, name, busi_type) VALUES (111, '已收下户费', 1);
INSERT INTO gzx.cfg_cbs_order_state (id, name, busi_type) VALUES (112, '下户通过', 1);
INSERT INTO gzx.cfg_cbs_order_state (id, name, busi_type) VALUES (113, '下户不通过', 1);
INSERT INTO gzx.cfg_cbs_order_state (id, name, busi_type) VALUES (114, '汇审通过', 1);
INSERT INTO gzx.cfg_cbs_order_state (id, name, busi_type) VALUES (115, '汇审不通过', 1);
INSERT INTO gzx.cfg_cbs_order_state (id, name, busi_type) VALUES (116, '已签约', 1);
INSERT INTO gzx.cfg_cbs_order_state (id, name, busi_type) VALUES (117, '已收费', 1);
INSERT INTO gzx.cfg_cbs_order_state (id, name, busi_type) VALUES (118, '已上报机构', 1);
INSERT INTO gzx.cfg_cbs_order_state (id, name, busi_type) VALUES (119, '同意放款', 1);
INSERT INTO gzx.cfg_cbs_order_state (id, name, busi_type) VALUES (120, '不同意放款', 1);
INSERT INTO gzx.cfg_cbs_order_state (id, name, busi_type) VALUES (121, '放款完成', 1);
INSERT INTO gzx.cfg_cbs_order_state (id, name, busi_type) VALUES (122, '扣款完成', 1);
INSERT INTO gzx.cfg_cbs_order_state (id, name, busi_type) VALUES (123, '解押材料已领取', 1);
INSERT INTO gzx.cfg_cbs_order_state (id, name, busi_type) VALUES (124, '下家已抵押', 1);
INSERT INTO gzx.cfg_cbs_order_state (id, name, busi_type) VALUES (125, '已回款', 1);
INSERT INTO gzx.cfg_cbs_order_state (id, name, busi_type) VALUES (126, '已交接', 1);
INSERT INTO gzx.cfg_cbs_order_state (id, name, busi_type) VALUES (127, '已完结', 1);
INSERT INTO gzx.cfg_cbs_pay_interest_way (id, name) VALUES (0, '全部');
INSERT INTO gzx.cfg_cbs_pay_interest_way (id, name) VALUES (1, '一次性付息');
INSERT INTO gzx.cfg_cbs_pay_interest_way (id, name) VALUES (2, '按周期付息');
INSERT INTO gzx.cfg_cbs_pay_way (id, name) VALUES (1, '等额本息');
INSERT INTO gzx.cfg_cbs_pay_way (id, name) VALUES (2, '等额本金');
INSERT INTO gzx.cfg_cbs_pay_way (id, name) VALUES (3, '月息年本');
INSERT INTO gzx.cfg_cbs_pay_way (id, name) VALUES (5, '一次性支付');
INSERT INTO gzx.cfg_cbs_pay_way (id, name) VALUES (7, '全部');
INSERT INTO gzx.cfg_cbs_period_type (id, name) VALUES (0, '全部');
INSERT INTO gzx.cfg_cbs_period_type (id, name) VALUES (1, '日');
INSERT INTO gzx.cfg_cbs_period_type (id, name) VALUES (2, '三天');
INSERT INTO gzx.cfg_cbs_period_type (id, name) VALUES (3, '七天');
INSERT INTO gzx.cfg_cbs_period_type (id, name) VALUES (4, '十天');
INSERT INTO gzx.cfg_cbs_prod_type (id, name) VALUES (0, '全部');
INSERT INTO gzx.cfg_cbs_prod_type (id, name) VALUES (1, '经营贷');
INSERT INTO gzx.cfg_cbs_prod_type (id, name) VALUES (2, '消费贷');
INSERT INTO gzx.cfg_cbs_prod_type (id, name) VALUES (3, '保单贷');
INSERT INTO gzx.cfg_cbs_prod_type (id, name) VALUES (4, '月供贷');
INSERT INTO gzx.cfg_cbs_prod_type (id, name) VALUES (5, '公积金贷');
INSERT INTO gzx.cfg_cbs_prod_type (id, name) VALUES (6, '信用贷');
INSERT INTO gzx.cfg_cbs_rend_object (id, name) VALUES (1, '全部');
INSERT INTO gzx.cfg_cbs_rend_object (id, name) VALUES (2, '学校');
INSERT INTO gzx.cfg_cbs_rend_object (id, name) VALUES (3, '幼儿园');
INSERT INTO gzx.cfg_cbs_rend_object (id, name) VALUES (4, '医院');
INSERT INTO gzx.cfg_certificate_certi_state (id, name) VALUES (0, '全部');
INSERT INTO gzx.cfg_certificate_certi_state (id, name) VALUES (1, '收押中');
INSERT INTO gzx.cfg_certificate_certi_state (id, name) VALUES (2, '出借中');
INSERT INTO gzx.cfg_certificate_certi_state (id, name) VALUES (3, '已归还');
INSERT INTO gzx.cfg_certificate_certi_state (id, name) VALUES (4, '免归还');
INSERT INTO gzx.cfg_certificate_type (id, name) VALUES (0, '全部');
INSERT INTO gzx.cfg_certificate_type (id, name) VALUES (1, '身份证');
INSERT INTO gzx.cfg_certificate_type (id, name) VALUES (2, '房产证');
INSERT INTO gzx.cfg_commission_base_type (id, name) VALUES (1, '业务额');
INSERT INTO gzx.cfg_commission_base_type (id, name) VALUES (2, '手续费');
INSERT INTO gzx.cfg_commission_base_type (id, name) VALUES (3, '全部');
INSERT INTO gzx.cfg_commission_business_type (id, name) VALUES (1, '贷款业务');
INSERT INTO gzx.cfg_commission_business_type (id, name) VALUES (2, '居间业务');
INSERT INTO gzx.cfg_commission_business_type (id, name) VALUES (3, '垫资过桥');
INSERT INTO gzx.cfg_commission_business_type (id, name) VALUES (4, '全部');
INSERT INTO gzx.cfg_commission_channel_type (id, name) VALUES (0, '全部');
INSERT INTO gzx.cfg_commission_channel_type (id, name) VALUES (1, '外部员工');
INSERT INTO gzx.cfg_commission_channel_type (id, name) VALUES (2, '内部员工');
INSERT INTO gzx.cfg_commission_level (id, name) VALUES (1, '基础员工');
INSERT INTO gzx.cfg_commission_level (id, name) VALUES (2, '团队负责人');
INSERT INTO gzx.cfg_commission_level (id, name) VALUES (3, '部门经理');
INSERT INTO gzx.cfg_commission_level (id, name) VALUES (4, '全部');
INSERT INTO gzx.cfg_commission_product_type (id, name) VALUES (1, '全部');
INSERT INTO gzx.cfg_commission_product_type (id, name) VALUES (2, '抵押贷款');
INSERT INTO gzx.cfg_commission_product_type (id, name) VALUES (3, '居间业务');
INSERT INTO gzx.cfg_commission_type (id, name) VALUES (1, '销售人员');
INSERT INTO gzx.cfg_commission_type (id, name) VALUES (2, '风控人员');
INSERT INTO gzx.cfg_commission_type (id, name) VALUES (3, '服务人员');
INSERT INTO gzx.cfg_commission_type (id, name) VALUES (4, '全部');
INSERT INTO gzx.cfg_commission_way (id, name) VALUES (1, '简单比例');
INSERT INTO gzx.cfg_commission_way (id, name) VALUES (2, '累进比例');
INSERT INTO gzx.cfg_commission_way (id, name) VALUES (3, '累进');
INSERT INTO gzx.cfg_commission_way (id, name) VALUES (4, '全部');
INSERT INTO gzx.cfg_cust_city (id, name) VALUES (1, '北京');
INSERT INTO gzx.cfg_cust_city (id, name) VALUES (2, '上海');
INSERT INTO gzx.cfg_cust_city (id, name) VALUES (3, '全部');
INSERT INTO gzx.cfg_cust_info_original (id, name) VALUES (1, '陌生拜访');
INSERT INTO gzx.cfg_cust_info_original (id, name) VALUES (2, '互联网');
INSERT INTO gzx.cfg_cust_info_original (id, name) VALUES (3, '熟人推荐');
INSERT INTO gzx.cfg_cust_info_original (id, name) VALUES (4, '电话筛选');
INSERT INTO gzx.cfg_cust_info_original (id, name) VALUES (5, '全部');
INSERT INTO gzx.cfg_cust_is_new_stockholder (id, name) VALUES (1, '是');
INSERT INTO gzx.cfg_cust_is_new_stockholder (id, name) VALUES (2, '否');
INSERT INTO gzx.cfg_cust_is_new_stockholder (id, name) VALUES (3, '全部');
INSERT INTO gzx.cfg_cust_job (id, name) VALUES (1, '做生意');
INSERT INTO gzx.cfg_cust_job (id, name) VALUES (2, '上班');
INSERT INTO gzx.cfg_cust_job (id, name) VALUES (3, '全部');
INSERT INTO gzx.cfg_cust_sales_state (id, name) VALUES (1, '准客户');
INSERT INTO gzx.cfg_cust_sales_state (id, name) VALUES (2, '服务客户');
INSERT INTO gzx.cfg_cust_sales_state (id, name) VALUES (3, '服务完结客户');
INSERT INTO gzx.cfg_cust_sales_state (id, name) VALUES (4, '全部');
INSERT INTO gzx.cfg_cust_sex (id, name) VALUES (1, '男');
INSERT INTO gzx.cfg_cust_sex (id, name) VALUES (2, '女');
INSERT INTO gzx.cfg_cust_sex (id, name) VALUES (3, '全部');
INSERT INTO gzx.cfg_cust_why_borrow (id, name) VALUES (1, '做生意用钱');
INSERT INTO gzx.cfg_cust_why_borrow (id, name) VALUES (2, '增贷');
INSERT INTO gzx.cfg_cust_why_borrow (id, name) VALUES (3, '延长贷款期限');
INSERT INTO gzx.cfg_cust_why_borrow (id, name) VALUES (4, '全部');
INSERT INTO gzx.cfg_employee_city (id, name) VALUES (0, '全部');
INSERT INTO gzx.cfg_employee_city (id, name) VALUES (1, '北京');
INSERT INTO gzx.cfg_employee_city (id, name) VALUES (2, '上海');
INSERT INTO gzx.cfg_employee_city (id, name) VALUES (3, '武汉');
INSERT INTO gzx.cfg_employee_manage_grade (id, name) VALUES (0, '全部');
INSERT INTO gzx.cfg_employee_manage_grade (id, name) VALUES (1, '普通员工');
INSERT INTO gzx.cfg_employee_manage_grade (id, name) VALUES (2, '组长');
INSERT INTO gzx.cfg_employee_manage_grade (id, name) VALUES (3, '部门经理');
INSERT INTO gzx.cfg_employee_manage_grade (id, name) VALUES (4, '总监');
INSERT INTO gzx.cfg_employee_position_type (id, name) VALUES (0, '全部');
INSERT INTO gzx.cfg_employee_position_type (id, name) VALUES (1, '全职岗位');
INSERT INTO gzx.cfg_employee_position_type (id, name) VALUES (2, '兼职岗位');
INSERT INTO gzx.cfg_employee_tech_grade (id, name) VALUES (0, '全部');
INSERT INTO gzx.cfg_employee_tech_grade (id, name) VALUES (1, '初级');
INSERT INTO gzx.cfg_employee_tech_grade (id, name) VALUES (2, '中级');
INSERT INTO gzx.cfg_employee_tech_grade (id, name) VALUES (3, '高级');
INSERT INTO gzx.cfg_format_info_client_mapping (id, client_key, format_info_key, ocr_file_type) VALUES (1, 'address', '发证地址', 1);
INSERT INTO gzx.cfg_format_info_client_mapping (id, client_key, format_info_key, ocr_file_type) VALUES (2, 'nationality', '民族', 1);
INSERT INTO gzx.cfg_format_info_client_mapping (id, client_key, format_info_key, ocr_file_type) VALUES (3, 'start_date', '身份证有效期起', 1);
INSERT INTO gzx.cfg_format_info_client_mapping (id, client_key, format_info_key, ocr_file_type) VALUES (4, 'end_date', '身份证有效期止', 1);
INSERT INTO gzx.cfg_format_info_client_mapping (id, client_key, format_info_key, ocr_file_type) VALUES (5, 'issue', '发证机关', 1);
INSERT INTO gzx.cfg_format_info_client_mapping (id, client_key, format_info_key, ocr_file_type) VALUES (6, '房产证号', '房产证号', 6);
INSERT INTO gzx.cfg_format_info_client_mapping (id, client_key, format_info_key, ocr_file_type) VALUES (7, '权利人', '产权人', 6);
INSERT INTO gzx.cfg_format_info_client_mapping (id, client_key, format_info_key, ocr_file_type) VALUES (8, '共有情况', '共有情况', 6);
INSERT INTO gzx.cfg_format_info_client_mapping (id, client_key, format_info_key, ocr_file_type) VALUES (9, '坐落', '房屋坐落', 6);
INSERT INTO gzx.cfg_format_info_client_mapping (id, client_key, format_info_key, ocr_file_type) VALUES (10, '不动产单元号', '不动产单元号', 6);
INSERT INTO gzx.cfg_format_info_client_mapping (id, client_key, format_info_key, ocr_file_type) VALUES (11, '土地权利类型', '土地权利类型', 6);
INSERT INTO gzx.cfg_format_info_client_mapping (id, client_key, format_info_key, ocr_file_type) VALUES (12, '房屋权利类型', '房屋权利类型', 6);
INSERT INTO gzx.cfg_format_info_client_mapping (id, client_key, format_info_key, ocr_file_type) VALUES (13, '土地权利性质/取得方式', '土地权利性质/取得方式', 6);
INSERT INTO gzx.cfg_format_info_client_mapping (id, client_key, format_info_key, ocr_file_type) VALUES (14, '房屋权利性质/取得方式', '房屋权利性质/取得方式', 6);
INSERT INTO gzx.cfg_format_info_client_mapping (id, client_key, format_info_key, ocr_file_type) VALUES (15, '土地用途', '土地用途', 6);
INSERT INTO gzx.cfg_format_info_client_mapping (id, client_key, format_info_key, ocr_file_type) VALUES (16, '房屋用途', '房屋用途', 6);
INSERT INTO gzx.cfg_format_info_client_mapping (id, client_key, format_info_key, ocr_file_type) VALUES (17, '建筑面积', '建筑面积', 6);
INSERT INTO gzx.cfg_format_info_client_mapping (id, client_key, format_info_key, ocr_file_type) VALUES (18, '使用期限', '使用期限', 6);
INSERT INTO gzx.cfg_format_info_data_type (id, name) VALUES (0, '全部');
INSERT INTO gzx.cfg_format_info_data_type (id, name) VALUES (1, 'Integer');
INSERT INTO gzx.cfg_format_info_data_type (id, name) VALUES (2, 'Long');
INSERT INTO gzx.cfg_format_info_data_type (id, name) VALUES (3, 'String');
INSERT INTO gzx.cfg_format_info_data_type (id, name) VALUES (4, 'Date');
INSERT INTO gzx.cfg_format_info_data_type (id, name) VALUES (5, 'BigDecimal');
INSERT INTO gzx.cfg_format_info_if_scatter (id, name) VALUES (0, '全部');
INSERT INTO gzx.cfg_format_info_if_scatter (id, name) VALUES (1, '是');
INSERT INTO gzx.cfg_format_info_if_scatter (id, name) VALUES (2, '否');
INSERT INTO gzx.cfg_format_info_who_object (id, name) VALUES (0, '全部');
INSERT INTO gzx.cfg_format_info_who_object (id, name) VALUES (1, 'Order');
INSERT INTO gzx.cfg_group_grade (id, name) VALUES (0, '全部');
INSERT INTO gzx.cfg_group_grade (id, name) VALUES (1, '部');
INSERT INTO gzx.cfg_group_grade (id, name) VALUES (2, '组');
INSERT INTO gzx.cfg_knowledge_question_type (id, name) VALUES (1, '产品类');
INSERT INTO gzx.cfg_knowledge_question_type (id, name) VALUES (2, '销售类');
INSERT INTO gzx.cfg_knowledge_question_type (id, name) VALUES (3, '服务类');
INSERT INTO gzx.cfg_knowledge_question_type (id, name) VALUES (4, '全部');
INSERT INTO gzx.cfg_order_doc_type (id, ch_name, en_name) VALUES (1, '身份证明', 'certificate');
INSERT INTO gzx.cfg_order_doc_type (id, ch_name, en_name) VALUES (2, '婚姻证明', 'marriage');
INSERT INTO gzx.cfg_order_doc_type (id, ch_name, en_name) VALUES (3, '户口本', 'householdRegister');
INSERT INTO gzx.cfg_order_doc_type (id, ch_name, en_name) VALUES (4, '诉讼材料', 'litigationMaterials');
INSERT INTO gzx.cfg_order_doc_type (id, ch_name, en_name) VALUES (5, '征信', 'creditReporting');
INSERT INTO gzx.cfg_order_doc_type (id, ch_name, en_name) VALUES (6, '房产证', 'propertyOwnership');
INSERT INTO gzx.cfg_organ_type (id, name) VALUES (1, '银行');
INSERT INTO gzx.cfg_organ_type (id, name) VALUES (2, '机构');
INSERT INTO gzx.cfg_organ_type (id, name) VALUES (3, '全部');
INSERT INTO gzx.cfg_payment_in_out (id, name) VALUES (0, '全部');
INSERT INTO gzx.cfg_payment_in_out (id, name) VALUES (1, '收');
INSERT INTO gzx.cfg_payment_in_out (id, name) VALUES (2, '支');
INSERT INTO gzx.cfg_payment_offset (id, name) VALUES (0, '全部');
INSERT INTO gzx.cfg_payment_offset (id, name) VALUES (1, '已核销');
INSERT INTO gzx.cfg_payment_offset (id, name) VALUES (2, '未核销');
INSERT INTO gzx.cfg_payment_pay_data_type (id, name) VALUES (0, '全部');
INSERT INTO gzx.cfg_payment_pay_data_type (id, name) VALUES (1, '实');
INSERT INTO gzx.cfg_payment_pay_data_type (id, name) VALUES (2, '应');
INSERT INTO gzx.cfg_payment_pay_state (id, name) VALUES (0, '全部');
INSERT INTO gzx.cfg_payment_pay_state (id, name) VALUES (1, '待支付');
INSERT INTO gzx.cfg_payment_pay_state (id, name) VALUES (3, '支付中');
INSERT INTO gzx.cfg_payment_pay_state (id, name) VALUES (4, '撤销');
INSERT INTO gzx.cfg_payment_pay_state (id, name) VALUES (5, '支付成功');
INSERT INTO gzx.cfg_payment_pay_state (id, name) VALUES (6, '已确认');
INSERT INTO gzx.cfg_payment_pay_state (id, name) VALUES (7, '待确认');
INSERT INTO gzx.cfg_payment_pay_type (id, name, busi_type, fee_type, relate_id) VALUES (0, '全部', 0, 0, 0);
INSERT INTO gzx.cfg_payment_pay_type (id, name, busi_type, fee_type, relate_id) VALUES (1, '应收利息', 1, 1, 18);
INSERT INTO gzx.cfg_payment_pay_type (id, name, busi_type, fee_type, relate_id) VALUES (2, '应付利息', 1, 2, 8);
INSERT INTO gzx.cfg_payment_pay_type (id, name, busi_type, fee_type, relate_id) VALUES (3, '应收手续费', 1, 1, 14);
INSERT INTO gzx.cfg_payment_pay_type (id, name, busi_type, fee_type, relate_id) VALUES (5, '应付工资', 1, 2, 23);
INSERT INTO gzx.cfg_payment_pay_type (id, name, busi_type, fee_type, relate_id) VALUES (6, '应付佣金', 1, 2, 24);
INSERT INTO gzx.cfg_payment_pay_type (id, name, busi_type, fee_type, relate_id) VALUES (7, '应付渠道费用', 1, 2, 25);
INSERT INTO gzx.cfg_payment_pay_type (id, name, busi_type, fee_type, relate_id) VALUES (8, '实付利息', 1, 4, 1);
INSERT INTO gzx.cfg_payment_pay_type (id, name, busi_type, fee_type, relate_id) VALUES (9, '应收律师费', 1, 1, 15);
INSERT INTO gzx.cfg_payment_pay_type (id, name, busi_type, fee_type, relate_id) VALUES (10, '应收公证费', 1, 1, 16);
INSERT INTO gzx.cfg_payment_pay_type (id, name, busi_type, fee_type, relate_id) VALUES (11, '应收执照费', 1, 1, 17);
INSERT INTO gzx.cfg_payment_pay_type (id, name, busi_type, fee_type, relate_id) VALUES (12, '实付办公费用', 2, 4, 0);
INSERT INTO gzx.cfg_payment_pay_type (id, name, busi_type, fee_type, relate_id) VALUES (13, '实收客户借款', 1, 3, 20);
INSERT INTO gzx.cfg_payment_pay_type (id, name, busi_type, fee_type, relate_id) VALUES (14, '实收手续费', 1, 3, 3);
INSERT INTO gzx.cfg_payment_pay_type (id, name, busi_type, fee_type, relate_id) VALUES (15, '实收律师费', 1, 3, 9);
INSERT INTO gzx.cfg_payment_pay_type (id, name, busi_type, fee_type, relate_id) VALUES (16, '实收公证费', 1, 3, 10);
INSERT INTO gzx.cfg_payment_pay_type (id, name, busi_type, fee_type, relate_id) VALUES (17, '实收执照费', 1, 3, 11);
INSERT INTO gzx.cfg_payment_pay_type (id, name, busi_type, fee_type, relate_id) VALUES (18, '实收利息', 1, 3, 1);
INSERT INTO gzx.cfg_payment_pay_type (id, name, busi_type, fee_type, relate_id) VALUES (19, '实付客户贷款', 1, 4, 21);
INSERT INTO gzx.cfg_payment_pay_type (id, name, busi_type, fee_type, relate_id) VALUES (20, '应收客户借款', 1, 1, 13);
INSERT INTO gzx.cfg_payment_pay_type (id, name, busi_type, fee_type, relate_id) VALUES (21, '应付客户贷款', 1, 2, 19);
INSERT INTO gzx.cfg_payment_pay_type (id, name, busi_type, fee_type, relate_id) VALUES (23, '实付工资', 1, 4, 5);
INSERT INTO gzx.cfg_payment_pay_type (id, name, busi_type, fee_type, relate_id) VALUES (24, '实付佣金', 1, 4, 6);
INSERT INTO gzx.cfg_payment_pay_type (id, name, busi_type, fee_type, relate_id) VALUES (25, '实付渠道费用', 1, 4, 7);
INSERT INTO gzx.cfg_payment_pay_type (id, name, busi_type, fee_type, relate_id) VALUES (26, '应收客户贷款', 1, 1, 28);
INSERT INTO gzx.cfg_payment_pay_type (id, name, busi_type, fee_type, relate_id) VALUES (27, '应付客户借款', 1, 2, 29);
INSERT INTO gzx.cfg_payment_pay_type (id, name, busi_type, fee_type, relate_id) VALUES (28, '实收客户贷款', 1, 3, 26);
INSERT INTO gzx.cfg_payment_pay_type (id, name, busi_type, fee_type, relate_id) VALUES (29, '实付客户借款', 1, 4, 27);
INSERT INTO gzx.cfg_payment_pay_type (id, name, busi_type, fee_type, relate_id) VALUES (30, '应收下户费', 1, 1, 31);
INSERT INTO gzx.cfg_payment_pay_type (id, name, busi_type, fee_type, relate_id) VALUES (31, '实收下户费', 1, 3, 30);
INSERT INTO gzx.cfg_performance_commission_process (id, name) VALUES (0, '全部');
INSERT INTO gzx.cfg_performance_commission_process (id, name) VALUES (1, '已经核算');
INSERT INTO gzx.cfg_performance_commission_process (id, name) VALUES (2, '已经发放');
INSERT INTO gzx.cfg_position_is_commission (id, name) VALUES (0, '全部');
INSERT INTO gzx.cfg_position_is_commission (id, name) VALUES (1, '是');
INSERT INTO gzx.cfg_position_is_commission (id, name) VALUES (2, '否');
INSERT INTO gzx.cfg_product_bank_id (id, name) VALUES (0, '全部');
INSERT INTO gzx.cfg_product_bank_id (id, name) VALUES (1, '中国银行');
INSERT INTO gzx.cfg_product_bank_id (id, name) VALUES (2, '工商银行');
INSERT INTO gzx.cfg_product_bank_id (id, name) VALUES (3, '招商银行');
INSERT INTO gzx.cfg_product_bank_id (id, name) VALUES (4, '贯泽信');
INSERT INTO gzx.cfg_product_bank_id (id, name) VALUES (5, '小科金融');
INSERT INTO gzx.cfg_product_product_state (id, name) VALUES (1, '生效中');
INSERT INTO gzx.cfg_product_product_state (id, name) VALUES (2, '已停售');
INSERT INTO gzx.cfg_product_product_state (id, name) VALUES (3, '全部');
INSERT INTO gzx.cfg_product_product_type (id, name) VALUES (0, '全部');
INSERT INTO gzx.cfg_product_product_type (id, name) VALUES (1, '抵押贷');
INSERT INTO gzx.cfg_product_product_type (id, name) VALUES (2, '经营贷');
INSERT INTO gzx.cfg_product_product_type (id, name) VALUES (3, '消费贷');
INSERT INTO gzx.cfg_resource_type (id, name) VALUES (0, '全部');
INSERT INTO gzx.cfg_resource_type (id, name) VALUES (1, '链接');
INSERT INTO gzx.cfg_resource_type (id, name) VALUES (2, '按钮');
INSERT INTO gzx.cfg_resource_type (id, name) VALUES (3, '数据');
INSERT INTO gzx.cfg_role_resource_type (id, name) VALUES (1, '可读');
INSERT INTO gzx.cfg_role_resource_type (id, name) VALUES (2, '读增改');
INSERT INTO gzx.cfg_role_resource_type (id, name) VALUES (3, '读增改删');
INSERT INTO gzx.cfg_role_resource_type (id, name) VALUES (4, '全部');
INSERT INTO gzx.cfg_salary_extend_state (id, name) VALUES (0, '全部');
INSERT INTO gzx.cfg_salary_extend_state (id, name) VALUES (1, '已发放');
INSERT INTO gzx.cfg_salary_extend_state (id, name) VALUES (2, '未发放');
INSERT INTO gzx.cfg_task_task_period (id, name) VALUES (1, '天');
INSERT INTO gzx.cfg_task_task_period (id, name) VALUES (2, '周');
INSERT INTO gzx.cfg_task_task_period (id, name) VALUES (3, '月');
INSERT INTO gzx.cfg_task_task_period (id, name) VALUES (4, '年');
INSERT INTO gzx.cfg_task_task_period (id, name) VALUES (6, '全部');
INSERT INTO gzx.cfg_task_task_state (id, name) VALUES (1, '待完成');
INSERT INTO gzx.cfg_task_task_state (id, name) VALUES (2, '进行中');
INSERT INTO gzx.cfg_task_task_state (id, name) VALUES (3, '已完成');
INSERT INTO gzx.cfg_task_task_state (id, name) VALUES (4, '全部');
INSERT INTO gzx.cfg_task_type (id, name) VALUES (1, '销售任务');
INSERT INTO gzx.cfg_task_type (id, name) VALUES (2, '一般日常');
INSERT INTO gzx.cfg_task_type (id, name) VALUES (3, '全部');
INSERT INTO gzx.cfg_tel_sales_result (id, name) VALUES (1, '不接');
INSERT INTO gzx.cfg_tel_sales_result (id, name) VALUES (2, '不需要');
INSERT INTO gzx.cfg_tel_sales_result (id, name) VALUES (3, '没空');
INSERT INTO gzx.cfg_tel_sales_result (id, name) VALUES (4, '需要进一步了解');
INSERT INTO gzx.cfg_tel_sales_result (id, name) VALUES (5, '全部');
INSERT INTO gzx.cfg_tel_sales_task_delay (id, name) VALUES (1, '一天后');
INSERT INTO gzx.cfg_tel_sales_task_delay (id, name) VALUES (2, '两天后');
INSERT INTO gzx.cfg_tel_sales_task_delay (id, name) VALUES (3, '三天后');
INSERT INTO gzx.cfg_tel_sales_task_delay (id, name) VALUES (4, '一周后');
INSERT INTO gzx.cfg_tel_sales_task_delay (id, name) VALUES (5, '一月后');
INSERT INTO gzx.cfg_tel_sales_task_delay (id, name) VALUES (6, '全部');
INSERT INTO gzx.cfg_work_flow_work_type (id, name) VALUES (1, '订单处理工作');
INSERT INTO gzx.cfg_work_flow_work_type (id, name) VALUES (2, '其他工作');
INSERT INTO gzx.cfg_work_flow_work_type (id, name) VALUES (3, '全部');
INSERT INTO gzx.t_bank (id, name, org_type) VALUES (1, '华夏银行', 1);
INSERT INTO gzx.t_bank (id, name, org_type) VALUES (2, '包商银行', 1);
INSERT INTO gzx.t_bank (id, name, org_type) VALUES (3, '招商银行', 1);
INSERT INTO gzx.t_bank (id, name, org_type) VALUES (4, '兴业银行', 1);
INSERT INTO gzx.t_bank (id, name, org_type) VALUES (5, '廊坊银行', 1);
INSERT INTO gzx.t_bank (id, name, org_type) VALUES (6, '厦门国际银行', 1);
INSERT INTO gzx.t_bank (id, name, org_type) VALUES (7, '平安银行', 1);
INSERT INTO gzx.t_bank (id, name, org_type) VALUES (8, '工商银行', 1);
INSERT INTO gzx.t_bank (id, name, org_type) VALUES (9, '浙商银行', 1);
INSERT INTO gzx.t_bank (id, name, org_type) VALUES (10, '广发银行', 1);
INSERT INTO gzx.t_bank (id, name, org_type) VALUES (11, '交通银行', 1);
INSERT INTO gzx.t_bank (id, name, org_type) VALUES (12, '邮储银行', 1);
INSERT INTO gzx.t_bank (id, name, org_type) VALUES (13, '友利银行', 1);
INSERT INTO gzx.t_bank (id, name, org_type) VALUES (14, '浦发银行', 1);
INSERT INTO gzx.t_bank (id, name, org_type) VALUES (15, '民生银行', 1);
INSERT INTO gzx.t_bank (id, name, org_type) VALUES (16, '南京银行', 1);
INSERT INTO gzx.t_bank (id, name, org_type) VALUES (17, '光大银行', 1);
INSERT INTO gzx.t_bank (id, name, org_type) VALUES (19, '中信银行', 1);
INSERT INTO gzx.t_bank (id, name, org_type) VALUES (20, '贯泽信担保', 2);
INSERT INTO gzx.t_cbs_certi_log (id, certi_id, operator, opt_time, opt_type) VALUES (1, 1, 1, '2019-04-15 08:04:32', 1);
INSERT INTO gzx.t_cbs_certi_log (id, certi_id, operator, opt_time, opt_type) VALUES (2, 1, 1, '2019-04-15 08:04:37', 2);
INSERT INTO gzx.t_cbs_certi_log (id, certi_id, operator, opt_time, opt_type) VALUES (3, 3, 1, '2019-04-22 08:11:17', 1);
INSERT INTO gzx.t_cbs_certi_log (id, certi_id, operator, opt_time, opt_type) VALUES (4, 3, 1, '2019-04-22 08:11:19', 2);
INSERT INTO gzx.t_cbs_certificate (id, box_no, certi_state, create_time, creator, name, order_id, receive_time, return_time, state, type, update_time, updator, user_id) VALUES (1, 0, 1, '2019-04-15 07:43:23', 1, null, 0, '2019-04-15 07:43:23', null, 1, 1, '2019-04-15 08:04:36', 1, 1);
INSERT INTO gzx.t_cbs_certificate (id, box_no, certi_state, create_time, creator, name, order_id, receive_time, return_time, state, type, update_time, updator, user_id) VALUES (2, 0, 1, '2019-04-15 07:43:23', 1, null, 0, '2019-04-15 07:43:23', null, 1, 2, null, 0, 1);
INSERT INTO gzx.t_cbs_certificate (id, box_no, certi_state, create_time, creator, name, order_id, receive_time, return_time, state, type, update_time, updator, user_id) VALUES (3, 1, 1, '2019-04-15 09:34:45', 1, null, 1, '2019-04-15 09:34:45', null, 1, 1, '2019-04-22 08:11:19', 1, 1);
INSERT INTO gzx.t_cbs_certificate (id, box_no, certi_state, create_time, creator, name, order_id, receive_time, return_time, state, type, update_time, updator, user_id) VALUES (4, 1, 1, '2019-04-15 09:34:45', 1, null, 1, '2019-04-15 09:34:45', null, 1, 2, null, 0, 1);
INSERT INTO gzx.t_cbs_certificate (id, box_no, certi_state, create_time, creator, name, order_id, receive_time, return_time, state, type, update_time, updator, user_id) VALUES (5, 2, 1, '2019-04-15 09:34:56', 1, null, 2, '2019-04-15 09:34:56', null, 1, 1, null, 0, 1);
INSERT INTO gzx.t_cbs_certificate (id, box_no, certi_state, create_time, creator, name, order_id, receive_time, return_time, state, type, update_time, updator, user_id) VALUES (6, 2, 1, '2019-04-15 09:34:56', 1, null, 2, '2019-04-15 09:34:56', null, 1, 2, null, 0, 1);
INSERT INTO gzx.t_cbs_certificate (id, box_no, certi_state, create_time, creator, name, order_id, receive_time, return_time, state, type, update_time, updator, user_id) VALUES (7, 3, 1, '2019-04-15 09:35:04', 1, null, 3, '2019-04-15 09:35:04', null, 1, 1, null, 0, 1);
INSERT INTO gzx.t_cbs_certificate (id, box_no, certi_state, create_time, creator, name, order_id, receive_time, return_time, state, type, update_time, updator, user_id) VALUES (8, 3, 1, '2019-04-15 09:35:05', 1, null, 3, '2019-04-15 09:35:05', null, 1, 2, null, 0, 1);
INSERT INTO gzx.t_cbs_certificate (id, box_no, certi_state, create_time, creator, name, order_id, receive_time, return_time, state, type, update_time, updator, user_id) VALUES (9, 4, 1, '2019-04-15 09:35:17', 1, null, 4, '2019-04-15 09:35:17', null, 1, 1, null, 0, 1);
INSERT INTO gzx.t_cbs_certificate (id, box_no, certi_state, create_time, creator, name, order_id, receive_time, return_time, state, type, update_time, updator, user_id) VALUES (10, 4, 1, '2019-04-15 09:35:17', 1, null, 4, '2019-04-15 09:35:17', null, 1, 2, null, 0, 1);
INSERT INTO gzx.t_cbs_certificate (id, box_no, certi_state, create_time, creator, name, order_id, receive_time, return_time, state, type, update_time, updator, user_id) VALUES (11, 5, 1, '2019-04-15 09:35:26', 1, null, 5, '2019-04-15 09:35:26', null, 1, 1, null, 0, 1);
INSERT INTO gzx.t_cbs_certificate (id, box_no, certi_state, create_time, creator, name, order_id, receive_time, return_time, state, type, update_time, updator, user_id) VALUES (12, 5, 1, '2019-04-15 09:35:26', 1, null, 5, '2019-04-15 09:35:26', null, 1, 2, null, 0, 1);
INSERT INTO gzx.t_cbs_order (id, saler_id, applicant_name, apply_time, business_type, cell_phone, create_time, creator, demand_amount, demand_date, demand_interest, demand_pay_way, state, period_num, period_type, update_time, updator, check_time, sign_date, order_state, pay_interest_way, next_org_type, channel_type, approve_id) VALUES (47, 11, '运河', '2019-03-22 23:47:06', 2, '18611300304', '2019-03-22 23:47:06', 13, 222.00, '2019-03-17 11:00:00', 22.00, 1, 100, 22, 1, '2019-03-23 01:29:19', 13, null, '2019-06-11 11:00:00', 102, 2, 1, 1, null);
INSERT INTO gzx.t_cbs_order (id, saler_id, applicant_name, apply_time, business_type, cell_phone, create_time, creator, demand_amount, demand_date, demand_interest, demand_pay_way, state, period_num, period_type, update_time, updator, check_time, sign_date, order_state, pay_interest_way, next_org_type, channel_type, approve_id) VALUES (48, 11, '三三', '2019-03-22 23:54:13', 2, '18611300304', '2019-03-22 23:54:13', 13, 100.00, '2019-03-17 11:00:00', 11.00, 1, 100, 11, 1, '2019-03-23 01:29:53', 13, null, '2019-06-11 11:00:00', 102, 1, 1, 1, null);
INSERT INTO gzx.t_cbs_order (id, saler_id, applicant_name, apply_time, business_type, cell_phone, create_time, creator, demand_amount, demand_date, demand_interest, demand_pay_way, state, period_num, period_type, update_time, updator, check_time, sign_date, order_state, pay_interest_way, next_org_type, channel_type, approve_id) VALUES (50, 11, '晶晶', '2019-03-23 08:22:29', 2, '18611300304', '2019-03-23 08:22:29', 13, 22.00, '2019-03-17 11:00:00', 22.00, 1, 100, 22, 1, '2019-03-25 02:14:12', 14, null, '2019-06-09 11:00:00', 127, 2, 1, 1, null);
INSERT INTO gzx.t_cbs_order (id, saler_id, applicant_name, apply_time, business_type, cell_phone, create_time, creator, demand_amount, demand_date, demand_interest, demand_pay_way, state, period_num, period_type, update_time, updator, check_time, sign_date, order_state, pay_interest_way, next_org_type, channel_type, approve_id) VALUES (51, 11, '紫霞', '2019-03-23 08:28:10', 2, '18611300304', '2019-03-23 08:28:10', 13, 222.00, '2019-03-17 11:00:00', 111.00, 1, 100, 11, 1, '2019-03-25 02:14:17', 14, null, null, 127, 1, 1, 1, null);
INSERT INTO gzx.t_cbs_order (id, saler_id, applicant_name, apply_time, business_type, cell_phone, create_time, creator, demand_amount, demand_date, demand_interest, demand_pay_way, state, period_num, period_type, update_time, updator, check_time, sign_date, order_state, pay_interest_way, next_org_type, channel_type, approve_id) VALUES (52, 11, '小强', '2019-03-25 10:09:32', 2, '18611300304', '2019-03-25 10:09:32', 13, 222.00, '2019-03-17 11:00:00', 22.00, 1, 100, 22, 1, '2019-03-25 10:13:48', 8, null, null, 108, 1, 1, 1, null);
INSERT INTO gzx.t_cbs_order (id, saler_id, applicant_name, apply_time, business_type, cell_phone, create_time, creator, demand_amount, demand_date, demand_interest, demand_pay_way, state, period_num, period_type, update_time, updator, check_time, sign_date, order_state, pay_interest_way, next_org_type, channel_type, approve_id) VALUES (54, 11, '姑姑', '2019-03-26 20:54:26', 2, '18611300304', '2019-03-26 20:54:26', 13, 222.00, '2019-03-27 11:00:00', 0.00, 0, 100, 14, 1, '2019-03-27 03:32:04', 8, null, null, 108, 0, 1, 1, null);
INSERT INTO gzx.t_cbs_order (id, saler_id, applicant_name, apply_time, business_type, cell_phone, create_time, creator, demand_amount, demand_date, demand_interest, demand_pay_way, state, period_num, period_type, update_time, updator, check_time, sign_date, order_state, pay_interest_way, next_org_type, channel_type, approve_id) VALUES (55, 11, '我', '2019-03-27 03:40:48', 2, '18611300304', '2019-03-27 03:40:48', 13, 333.00, '2019-03-28 11:00:00', 0.00, 0, 100, 22, 1, '2019-03-27 07:39:43', 14, null, null, 127, 0, 1, 1, null);
INSERT INTO gzx.t_cbs_order (id, saler_id, applicant_name, apply_time, business_type, cell_phone, create_time, creator, demand_amount, demand_date, demand_interest, demand_pay_way, state, period_num, period_type, update_time, updator, check_time, sign_date, order_state, pay_interest_way, next_org_type, channel_type, approve_id) VALUES (56, 0, '全能王', '2019-03-28 06:45:33', 2, '18611300304', '2019-03-28 06:45:33', 13, 222.00, '2019-03-28 11:00:00', 0.00, 0, 100, 14, 1, null, 0, null, '2019-03-27 11:00:00', 101, 0, 0, 0, null);
INSERT INTO gzx.t_cbs_order (id, saler_id, applicant_name, apply_time, business_type, cell_phone, create_time, creator, demand_amount, demand_date, demand_interest, demand_pay_way, state, period_num, period_type, update_time, updator, check_time, sign_date, order_state, pay_interest_way, next_org_type, channel_type, approve_id) VALUES (57, 0, '全能王', '2019-03-28 06:50:10', 2, '18611300304', '2019-03-28 06:50:10', 15, 333.00, '2019-03-28 11:00:00', 0.00, 0, 100, 22, 1, null, 0, null, '2019-03-27 11:00:00', 101, 0, 1, 0, null);
INSERT INTO gzx.t_cbs_order (id, saler_id, applicant_name, apply_time, business_type, cell_phone, create_time, creator, demand_amount, demand_date, demand_interest, demand_pay_way, state, period_num, period_type, update_time, updator, check_time, sign_date, order_state, pay_interest_way, next_org_type, channel_type, approve_id) VALUES (58, 9, '全能王', '2019-03-28 07:15:11', 2, '18611300304', '2019-03-28 07:15:11', 16, 333.00, '2019-03-28 11:00:00', 0.00, 0, 100, 14, 1, '2019-03-28 07:29:20', 9, null, '2019-03-27 11:00:00', 116, 0, 1, 1, null);
INSERT INTO gzx.t_cbs_order (id, saler_id, applicant_name, apply_time, business_type, cell_phone, create_time, creator, demand_amount, demand_date, demand_interest, demand_pay_way, state, period_num, period_type, update_time, updator, check_time, sign_date, order_state, pay_interest_way, next_org_type, channel_type, approve_id) VALUES (59, 9, '姥姥2', '2019-03-28 08:01:58', 2, '18611300304', '2019-03-28 08:01:58', 16, 400.00, '2019-03-28 11:00:00', 0.00, 0, 100, 20, 1, '2019-03-28 08:12:05', 14, null, '2019-03-27 11:00:00', 127, 0, 1, 1, null);
INSERT INTO gzx.t_cbs_order (id, saler_id, applicant_name, apply_time, business_type, cell_phone, create_time, creator, demand_amount, demand_date, demand_interest, demand_pay_way, state, period_num, period_type, update_time, updator, check_time, sign_date, order_state, pay_interest_way, next_org_type, channel_type, approve_id) VALUES (60, 9, '老师', '2019-03-28 09:35:14', 2, '222333', '2019-03-28 09:35:14', 16, 300.00, '2019-03-28 11:00:00', 0.00, 0, 100, 14, 1, '2019-03-28 09:45:22', 14, null, '2019-03-27 11:00:00', 127, 0, 1, 1, null);
INSERT INTO gzx.t_cbs_order (id, saler_id, applicant_name, apply_time, business_type, cell_phone, create_time, creator, demand_amount, demand_date, demand_interest, demand_pay_way, state, period_num, period_type, update_time, updator, check_time, sign_date, order_state, pay_interest_way, next_org_type, channel_type, approve_id) VALUES (61, 9, '胜利', '2019-03-28 20:30:24', 2, '18611300304', '2019-03-28 20:30:24', 16, 900.00, '2019-03-29 11:00:00', 0.00, 0, 100, 2, 2, '2019-03-28 20:46:32', 14, null, '2019-03-28 11:00:00', 127, 0, 1, 1, null);
INSERT INTO gzx.t_cbs_order (id, saler_id, applicant_name, apply_time, business_type, cell_phone, create_time, creator, demand_amount, demand_date, demand_interest, demand_pay_way, state, period_num, period_type, update_time, updator, check_time, sign_date, order_state, pay_interest_way, next_org_type, channel_type, approve_id) VALUES (62, 9, '小刀', '2019-03-28 22:41:09', 2, '18611300304', '2019-03-28 22:41:09', 16, 9000000.00, '2019-03-28 11:00:00', 0.00, 0, 100, 22, 1, '2019-03-28 22:56:36', 14, null, '2019-03-28 11:00:00', 127, 0, 1, 1, null);
INSERT INTO gzx.t_cbs_order (id, saler_id, applicant_name, apply_time, business_type, cell_phone, create_time, creator, demand_amount, demand_date, demand_interest, demand_pay_way, state, period_num, period_type, update_time, updator, check_time, sign_date, order_state, pay_interest_way, next_org_type, channel_type, approve_id) VALUES (63, 9, '六六', '2019-04-02 02:06:47', 2, '18611300304', '2019-04-02 02:06:47', 16, 2220000.00, '2019-04-01 11:00:00', 0.00, 0, 100, 22, 1, '2019-04-02 02:14:24', 14, null, '2019-03-31 11:00:00', 127, 0, 1, 1, null);
INSERT INTO gzx.t_cbs_order (id, saler_id, applicant_name, apply_time, business_type, cell_phone, create_time, creator, demand_amount, demand_date, demand_interest, demand_pay_way, state, period_num, period_type, update_time, updator, check_time, sign_date, order_state, pay_interest_way, next_org_type, channel_type, approve_id) VALUES (64, 9, '七七', '2019-04-02 04:53:10', 2, '18611300304', '2019-04-02 04:53:10', 16, 3330000.00, '2019-04-01 11:00:00', 0.00, 0, 100, 22, 1, '2019-04-02 08:05:20', 14, null, '2019-04-02 11:00:00', 127, 0, 1, 1, null);
INSERT INTO gzx.t_cbs_order (id, saler_id, applicant_name, apply_time, business_type, cell_phone, create_time, creator, demand_amount, demand_date, demand_interest, demand_pay_way, state, period_num, period_type, update_time, updator, check_time, sign_date, order_state, pay_interest_way, next_org_type, channel_type, approve_id) VALUES (65, 9, '王置换33', '2019-04-08 08:16:44', 2, '18611300304', '2019-04-08 08:16:44', 16, 2220000.00, '2019-04-01 16:00:00', 0.00, 0, 100, 20, 1, '2019-04-18 08:15:29', 16, null, '2019-06-09 16:00:00', 102, 0, 2, 1, null);
INSERT INTO gzx.t_cbs_order (id, saler_id, applicant_name, apply_time, business_type, cell_phone, create_time, creator, demand_amount, demand_date, demand_interest, demand_pay_way, state, period_num, period_type, update_time, updator, check_time, sign_date, order_state, pay_interest_way, next_org_type, channel_type, approve_id) VALUES (79, 8, null, '2019-04-12 05:45:14', 2, null, '2019-04-12 05:45:14', 0, 0.00, '2019-04-12 05:45:14', 0.00, 0, 100, 0, 0, '2019-04-12 05:47:28', 0, null, null, 104, 0, 0, 0, '064deaf4-b054-4ed1-8107-c73a7b040000');
INSERT INTO gzx.t_cbs_order (id, saler_id, applicant_name, apply_time, business_type, cell_phone, create_time, creator, demand_amount, demand_date, demand_interest, demand_pay_way, state, period_num, period_type, update_time, updator, check_time, sign_date, order_state, pay_interest_way, next_org_type, channel_type, approve_id) VALUES (80, 8, '', '2019-04-12 05:45:16', 2, '', '2019-04-12 05:45:16', 0, 0.00, '2019-04-11 16:00:00', 0.00, 0, 100, 0, 0, '2019-04-18 06:21:03', 16, null, null, 107, 0, 0, 0, 'ed9ef910-7f62-4537-8318-c754cd194f42');
INSERT INTO gzx.t_cbs_order (id, saler_id, applicant_name, apply_time, business_type, cell_phone, create_time, creator, demand_amount, demand_date, demand_interest, demand_pay_way, state, period_num, period_type, update_time, updator, check_time, sign_date, order_state, pay_interest_way, next_org_type, channel_type, approve_id) VALUES (81, 4, '王润海', '2019-04-13 16:26:53', 0, '18611300304', '2019-04-13 16:26:53', 1, 2000000.00, '2019-09-08 16:00:00', 0.00, 0, 100, 0, 1, null, 0, null, '2019-09-08 16:00:00', 101, 0, 1, 2, null);
INSERT INTO gzx.t_cbs_order (id, saler_id, applicant_name, apply_time, business_type, cell_phone, create_time, creator, demand_amount, demand_date, demand_interest, demand_pay_way, state, period_num, period_type, update_time, updator, check_time, sign_date, order_state, pay_interest_way, next_org_type, channel_type, approve_id) VALUES (82, 9, '关羽', '2019-04-14 02:02:12', 2, '18611300304', '2019-04-14 02:02:12', 16, 1100000.00, '2019-09-17 16:00:00', 0.00, 0, 100, 10, 2, '2019-04-18 06:34:17', 16, null, '2019-06-09 16:00:00', 102, 0, 2, 1, null);
INSERT INTO gzx.t_cbs_order (id, saler_id, applicant_name, apply_time, business_type, cell_phone, create_time, creator, demand_amount, demand_date, demand_interest, demand_pay_way, state, period_num, period_type, update_time, updator, check_time, sign_date, order_state, pay_interest_way, next_org_type, channel_type, approve_id) VALUES (83, 9, '张飞', '2019-04-14 02:57:32', 0, '222333', '2019-04-14 02:57:32', 16, 1000000.00, '2019-04-01 16:00:00', 0.00, 0, 100, 10, 2, null, 0, null, null, 101, 0, 2, 1, null);
INSERT INTO gzx.t_cbs_order (id, saler_id, applicant_name, apply_time, business_type, cell_phone, create_time, creator, demand_amount, demand_date, demand_interest, demand_pay_way, state, period_num, period_type, update_time, updator, check_time, sign_date, order_state, pay_interest_way, next_org_type, channel_type, approve_id) VALUES (84, 9, '张飞', '2019-04-14 03:01:19', 2, '18611300304', '2019-04-14 03:01:19', 16, 1500000.00, '2019-09-17 16:00:00', 0.00, 0, 100, 20, 1, '2019-04-18 06:27:38', 16, null, null, 102, 0, 2, 1, null);
INSERT INTO gzx.t_cbs_order (id, saler_id, applicant_name, apply_time, business_type, cell_phone, create_time, creator, demand_amount, demand_date, demand_interest, demand_pay_way, state, period_num, period_type, update_time, updator, check_time, sign_date, order_state, pay_interest_way, next_org_type, channel_type, approve_id) VALUES (85, 9, '赵云', '2019-04-14 06:07:17', 2, '222', '2019-04-14 06:07:17', 16, 1000000.00, '2019-03-27 16:00:00', 0.00, 0, 100, 0, 1, '2019-04-16 05:58:03', 16, null, null, 102, 0, 2, 1, null);
INSERT INTO gzx.t_cbs_order (id, saler_id, applicant_name, apply_time, business_type, cell_phone, create_time, creator, demand_amount, demand_date, demand_interest, demand_pay_way, state, period_num, period_type, update_time, updator, check_time, sign_date, order_state, pay_interest_way, next_org_type, channel_type, approve_id) VALUES (86, 9, '魏延', '2019-04-15 15:47:44', 2, '18611300304', '2019-04-15 15:47:44', 16, 2220000.00, '2019-09-17 16:00:00', 0.00, 0, 100, 20, 1, '2019-04-16 05:57:03', 16, null, '2019-06-09 16:00:00', 107, 0, 2, 1, null);
INSERT INTO gzx.t_cbs_order (id, saler_id, applicant_name, apply_time, business_type, cell_phone, create_time, creator, demand_amount, demand_date, demand_interest, demand_pay_way, state, period_num, period_type, update_time, updator, check_time, sign_date, order_state, pay_interest_way, next_org_type, channel_type, approve_id) VALUES (87, 9, '黄忠', '2019-04-19 15:44:22', 2, '18611300304', '2019-04-19 15:44:22', 16, 1500000.00, '2019-06-27 16:00:00', 0.00, 0, 100, 15, 1, '2019-04-19 15:47:31', 14, null, '2019-06-09 16:00:00', 104, 0, 2, 1, null);
INSERT INTO gzx.t_cbs_order (id, saler_id, applicant_name, apply_time, business_type, cell_phone, create_time, creator, demand_amount, demand_date, demand_interest, demand_pay_way, state, period_num, period_type, update_time, updator, check_time, sign_date, order_state, pay_interest_way, next_org_type, channel_type, approve_id) VALUES (88, 8, null, '2019-04-22 01:22:19', 2, null, '2019-04-22 01:22:19', 0, 5000000.00, '2019-04-22 16:00:00', 0.00, 0, 100, 15, 1, '2019-04-22 02:00:05', 0, null, null, 104, 0, 0, 0, '7e7a915c-92c2-4886-9c6f-07d39e5b17a8');
INSERT INTO gzx.t_cbs_order (id, saler_id, applicant_name, apply_time, business_type, cell_phone, create_time, creator, demand_amount, demand_date, demand_interest, demand_pay_way, state, period_num, period_type, update_time, updator, check_time, sign_date, order_state, pay_interest_way, next_org_type, channel_type, approve_id) VALUES (89, 8, '百晶晶', '2019-04-22 07:20:01', 2, '1112223333', '2019-04-22 07:20:01', 0, 6000000.00, '2019-04-23 16:00:00', 0.00, 0, 100, 15, 1, '2019-04-22 09:31:34', 10, null, null, 122, 0, 0, 0, 'e1e21565-4db3-49c0-bbe8-5e686caf9a37');
INSERT INTO gzx.t_cbs_order (id, saler_id, applicant_name, apply_time, business_type, cell_phone, create_time, creator, demand_amount, demand_date, demand_interest, demand_pay_way, state, period_num, period_type, update_time, updator, check_time, sign_date, order_state, pay_interest_way, next_org_type, channel_type, approve_id) VALUES (90, 8, '', '2019-04-22 10:40:02', 2, '', '2019-04-22 10:40:02', 0, 2350000.00, '2019-04-23 16:00:00', 0.00, 0, 100, 20, 1, '2019-04-22 15:04:55', 14, null, '2019-06-09 16:00:00', 127, 0, 0, 0, 'ce6fb530-2b92-44ce-95d7-9d22f4ac0d5f');
INSERT INTO gzx.t_cbs_order (id, saler_id, applicant_name, apply_time, business_type, cell_phone, create_time, creator, demand_amount, demand_date, demand_interest, demand_pay_way, state, period_num, period_type, update_time, updator, check_time, sign_date, order_state, pay_interest_way, next_org_type, channel_type, approve_id) VALUES (91, 8, '', '2019-04-22 15:00:01', 2, '', '2019-04-22 15:00:01', 0, 1230000.00, '2019-04-23 16:00:00', 0.00, 0, 100, 69, 1, '2019-04-22 15:05:20', 14, null, null, 104, 0, 0, 0, '596337af-3831-49be-ac4b-96c8173a4211');
INSERT INTO gzx.t_cbs_order (id, saler_id, applicant_name, apply_time, business_type, cell_phone, create_time, creator, demand_amount, demand_date, demand_interest, demand_pay_way, state, period_num, period_type, update_time, updator, check_time, sign_date, order_state, pay_interest_way, next_org_type, channel_type, approve_id) VALUES (92, 8, '', '2019-04-24 00:28:04', 2, null, '2019-04-24 00:28:04', 0, 5860000.00, '2019-04-24 16:00:00', 0.00, 0, 100, 15, 1, '2019-04-24 02:05:43', 14, null, '2019-06-09 16:00:00', 127, 0, 0, 0, '96eadf8e-820b-4ce2-b1ad-6f36f41b9762');
INSERT INTO gzx.t_cbs_order (id, saler_id, applicant_name, apply_time, business_type, cell_phone, create_time, creator, demand_amount, demand_date, demand_interest, demand_pay_way, state, period_num, period_type, update_time, updator, check_time, sign_date, order_state, pay_interest_way, next_org_type, channel_type, approve_id) VALUES (93, 8, null, '2019-04-24 02:00:01', 2, null, '2019-04-24 02:00:01', 0, 3330000.00, '2019-04-24 16:00:00', 0.00, 0, 100, 42, 1, '2019-04-24 03:11:07', 0, null, null, 104, 0, 0, 0, '28d8b7fc-286b-4df8-b765-a96aaca6b155');
INSERT INTO gzx.t_cbs_order (id, saler_id, applicant_name, apply_time, business_type, cell_phone, create_time, creator, demand_amount, demand_date, demand_interest, demand_pay_way, state, period_num, period_type, update_time, updator, check_time, sign_date, order_state, pay_interest_way, next_org_type, channel_type, approve_id) VALUES (94, 8, null, '2019-04-24 03:00:25', 2, null, '2019-04-24 03:00:25', 0, 5550000.00, '2019-04-24 16:00:00', 0.00, 0, 0, 32, 1, '2019-04-24 03:11:07', 0, null, null, 104, 0, 0, 0, '56baefe6-33cd-4272-8425-f570172726fb');
INSERT INTO gzx.t_cbs_order_doc (id, uuidname, uuidnamed_file_path, condense_name_path, create_time, creator, doc_type, order_id, origina_name, original_file_path, state, update_time, updator) VALUES (4, '89517c7a-8da1-4162-9be8-1abbb822ac7c.jpeg', 'uploadfile/raw/byOrder/39/89517c7a-8da1-4162-9be8-1abbb822ac7c.jpeg', 'uploadfile/raw/byOrder/39/89517c7a-8da1-4162-9be8-1abbb822ac7c.jpeg', '2018-12-11 10:20:06', 0, 0, 39, 'large.jpeg', 'uploadfile/raw/byOrder/39/large.jpeg', 1, null, 0);
INSERT INTO gzx.t_cbs_order_doc (id, uuidname, uuidnamed_file_path, condense_name_path, create_time, creator, doc_type, order_id, origina_name, original_file_path, state, update_time, updator) VALUES (5, 'ec859167-a8ab-457e-86fc-203c24a8d127.jpeg', 'uploadfile/raw/byOrder/39/ec859167-a8ab-457e-86fc-203c24a8d127.jpeg', 'uploadfile/raw/byOrder/39/ec859167-a8ab-457e-86fc-203c24a8d127.jpeg', '2018-12-11 10:20:06', 0, 0, 39, 'large (1).jpeg', 'uploadfile/raw/byOrder/39/large (1).jpeg', 1, null, 0);
INSERT INTO gzx.t_cbs_order_doc (id, uuidname, uuidnamed_file_path, condense_name_path, create_time, creator, doc_type, order_id, origina_name, original_file_path, state, update_time, updator) VALUES (6, 'c6dc42f2-f0a5-4b83-9b09-87131b085890.jpeg', 'uploadfile/raw/byOrder/39/c6dc42f2-f0a5-4b83-9b09-87131b085890.jpeg', 'uploadfile/raw/byOrder/39/c6dc42f2-f0a5-4b83-9b09-87131b085890.jpeg', '2018-12-11 10:20:06', 0, 0, 39, '红黄蓝造谣者.jpeg', 'uploadfile/raw/byOrder/39/红黄蓝造谣者.jpeg', 1, null, 0);
INSERT INTO gzx.t_cbs_order_doc (id, uuidname, uuidnamed_file_path, condense_name_path, create_time, creator, doc_type, order_id, origina_name, original_file_path, state, update_time, updator) VALUES (7, 'ea6852e0-be43-433d-8936-f15f8c919fdd.jpeg', 'uploadfile/raw/byOrder/39/ea6852e0-be43-433d-8936-f15f8c919fdd.jpeg', 'uploadfile/raw/byOrder/39/ea6852e0-be43-433d-8936-f15f8c919fdd.jpeg', '2018-12-11 10:26:55', 0, 0, 39, 'large.jpeg', 'uploadfile/raw/byOrder/39/large.jpeg', 1, null, 0);
INSERT INTO gzx.t_cbs_order_doc (id, uuidname, uuidnamed_file_path, condense_name_path, create_time, creator, doc_type, order_id, origina_name, original_file_path, state, update_time, updator) VALUES (8, '468f75bf-e68d-4710-868a-ae4a21231c2b.jpeg', 'uploadfile/raw/byOrder/39/468f75bf-e68d-4710-868a-ae4a21231c2b.jpeg', 'uploadfile/raw/byOrder/39/468f75bf-e68d-4710-868a-ae4a21231c2b.jpeg', '2018-12-11 10:26:55', 0, 0, 39, 'large (1).jpeg', 'uploadfile/raw/byOrder/39/large (1).jpeg', 1, null, 0);
INSERT INTO gzx.t_cbs_order_doc (id, uuidname, uuidnamed_file_path, condense_name_path, create_time, creator, doc_type, order_id, origina_name, original_file_path, state, update_time, updator) VALUES (9, '0278c7ed-6832-4758-8682-c23a344e1ffb.jpeg', 'uploadfile/raw/byOrder/40/0278c7ed-6832-4758-8682-c23a344e1ffb.jpeg', 'uploadfile/raw/byOrder/40/0278c7ed-6832-4758-8682-c23a344e1ffb.jpeg', '2018-12-11 12:05:57', 0, 0, 40, 'large.jpeg', 'uploadfile/raw/byOrder/40/large.jpeg', 1, null, 0);
INSERT INTO gzx.t_cbs_order_doc (id, uuidname, uuidnamed_file_path, condense_name_path, create_time, creator, doc_type, order_id, origina_name, original_file_path, state, update_time, updator) VALUES (10, 'e8a875be-28e7-4458-8cd7-dc6493d515e9.jpeg', 'uploadfile/raw/byOrder/40/e8a875be-28e7-4458-8cd7-dc6493d515e9.jpeg', 'uploadfile/raw/byOrder/40/e8a875be-28e7-4458-8cd7-dc6493d515e9.jpeg', '2018-12-11 12:05:57', 0, 0, 40, 'large (1).jpeg', 'uploadfile/raw/byOrder/40/large (1).jpeg', 1, null, 0);
INSERT INTO gzx.t_cbs_order_doc (id, uuidname, uuidnamed_file_path, condense_name_path, create_time, creator, doc_type, order_id, origina_name, original_file_path, state, update_time, updator) VALUES (11, '3965bdea-c679-499c-994b-ac482daefc5e.jpeg', 'uploadfile/raw/byOrder/40/3965bdea-c679-499c-994b-ac482daefc5e.jpeg', 'uploadfile/raw/byOrder/40/3965bdea-c679-499c-994b-ac482daefc5e.jpeg', '2018-12-11 12:05:57', 0, 0, 40, '红黄蓝造谣者.jpeg', 'uploadfile/raw/byOrder/40/红黄蓝造谣者.jpeg', 1, null, 0);
INSERT INTO gzx.t_cbs_order_doc (id, uuidname, uuidnamed_file_path, condense_name_path, create_time, creator, doc_type, order_id, origina_name, original_file_path, state, update_time, updator) VALUES (12, '9ace9c4f-fdb9-4e84-ae98-e952e12d506c.jpeg', 'uploadfile/raw/byOrder/40/9ace9c4f-fdb9-4e84-ae98-e952e12d506c.jpeg', 'uploadfile/raw/byOrder/40/9ace9c4f-fdb9-4e84-ae98-e952e12d506c.jpeg', '2018-12-11 14:40:59', 0, 0, 40, 'large (1).jpeg', 'uploadfile/raw/byOrder/40/large (1).jpeg', 1, null, 0);
INSERT INTO gzx.t_cbs_order_doc (id, uuidname, uuidnamed_file_path, condense_name_path, create_time, creator, doc_type, order_id, origina_name, original_file_path, state, update_time, updator) VALUES (13, '9a0d48f6-9c3e-4116-987a-4d84d5a17be8.jpeg', 'uploadfile/raw/byOrder/40/9a0d48f6-9c3e-4116-987a-4d84d5a17be8.jpeg', 'uploadfile/raw/byOrder/40/9a0d48f6-9c3e-4116-987a-4d84d5a17be8.jpeg', '2018-12-11 14:40:59', 0, 0, 40, '红黄蓝造谣者.jpeg', 'uploadfile/raw/byOrder/40/红黄蓝造谣者.jpeg', 1, null, 0);
INSERT INTO gzx.t_cbs_order_doc (id, uuidname, uuidnamed_file_path, condense_name_path, create_time, creator, doc_type, order_id, origina_name, original_file_path, state, update_time, updator) VALUES (14, 'fe6fda3e-5ea3-4f20-b5d5-e4205eae014f.jpeg', 'uploadfile/raw/byOrder/40/fe6fda3e-5ea3-4f20-b5d5-e4205eae014f.jpeg', 'uploadfile/raw/byOrder/40/fe6fda3e-5ea3-4f20-b5d5-e4205eae014f.jpeg', '2018-12-11 14:40:59', 0, 0, 40, 'large.jpeg', 'uploadfile/raw/byOrder/40/large.jpeg', 1, null, 0);
INSERT INTO gzx.t_cbs_order_doc (id, uuidname, uuidnamed_file_path, condense_name_path, create_time, creator, doc_type, order_id, origina_name, original_file_path, state, update_time, updator) VALUES (15, '54f3ce75-1592-424c-9b12-89fb5540cdfa.png', 'uploadfile/raw/byOrder/30/54f3ce75-1592-424c-9b12-89fb5540cdfa.png', 'uploadfile/raw/byOrder/30/54f3ce75-1592-424c-9b12-89fb5540cdfa.png', '2019-03-01 00:50:14', 0, 0, 30, '183614qwmfwh3jklpmvzfy.png', 'uploadfile/raw/byOrder/30/183614qwmfwh3jklpmvzfy.png', 1, null, 0);
INSERT INTO gzx.t_cbs_order_doc (id, uuidname, uuidnamed_file_path, condense_name_path, create_time, creator, doc_type, order_id, origina_name, original_file_path, state, update_time, updator) VALUES (16, '9ca3a478-2d2e-48f3-95e2-52a1682bdbbe.jpeg', 'uploadfile/raw/byOrder/33/9ca3a478-2d2e-48f3-95e2-52a1682bdbbe.jpeg', 'uploadfile/raw/byOrder/33/9ca3a478-2d2e-48f3-95e2-52a1682bdbbe.jpeg', '2019-03-07 02:30:58', 0, 0, 33, 'WechatIMG1.jpeg', 'uploadfile/raw/byOrder/33/WechatIMG1.jpeg', 1, null, 0);
INSERT INTO gzx.t_cbs_order_doc (id, uuidname, uuidnamed_file_path, condense_name_path, create_time, creator, doc_type, order_id, origina_name, original_file_path, state, update_time, updator) VALUES (17, '878a64cb-cad9-440f-86b7-3921b26b7654.png', 'uploadfile/raw/byOrder/33/878a64cb-cad9-440f-86b7-3921b26b7654.png', 'uploadfile/raw/byOrder/33/878a64cb-cad9-440f-86b7-3921b26b7654.png', '2019-03-07 02:31:10', 0, 0, 33, '183614qwmfwh3jklpmvzfy.png', 'uploadfile/raw/byOrder/33/183614qwmfwh3jklpmvzfy.png', 1, null, 0);
INSERT INTO gzx.t_cbs_order_doc (id, uuidname, uuidnamed_file_path, condense_name_path, create_time, creator, doc_type, order_id, origina_name, original_file_path, state, update_time, updator) VALUES (18, '7abdc1aa-a538-43e7-a2e5-c59e9e2e60b1.jpeg', 'uploadfile/raw/byOrder/33/7abdc1aa-a538-43e7-a2e5-c59e9e2e60b1.jpeg', 'uploadfile/raw/byOrder/33/7abdc1aa-a538-43e7-a2e5-c59e9e2e60b1.jpeg', '2019-03-07 02:31:10', 0, 0, 33, '红黄蓝造谣者.jpeg', 'uploadfile/raw/byOrder/33/红黄蓝造谣者.jpeg', 1, null, 0);
INSERT INTO gzx.t_cbs_order_doc (id, uuidname, uuidnamed_file_path, condense_name_path, create_time, creator, doc_type, order_id, origina_name, original_file_path, state, update_time, updator) VALUES (19, 'd15de5ac-3375-4e02-a961-c323a3e54420.jpeg', 'uploadfile/raw/byOrder/33/d15de5ac-3375-4e02-a961-c323a3e54420.jpeg', 'uploadfile/raw/byOrder/33/d15de5ac-3375-4e02-a961-c323a3e54420.jpeg', '2019-03-07 02:31:10', 0, 0, 33, '纽约时报.jpeg', 'uploadfile/raw/byOrder/33/纽约时报.jpeg', 1, null, 0);
INSERT INTO gzx.t_cbs_order_doc (id, uuidname, uuidnamed_file_path, condense_name_path, create_time, creator, doc_type, order_id, origina_name, original_file_path, state, update_time, updator) VALUES (20, 'c93f1c29-1901-4fb5-811c-77ab149fd22c.jpeg', 'uploadfile/raw/byOrder/41/c93f1c29-1901-4fb5-811c-77ab149fd22c.jpeg', 'uploadfile/raw/byOrder/41/c93f1c29-1901-4fb5-811c-77ab149fd22c.jpeg', '2019-03-18 21:42:34', 0, 0, 41, 'large.jpeg', 'uploadfile/raw/byOrder/41/large.jpeg', 1, null, 0);
INSERT INTO gzx.t_cbs_order_doc (id, uuidname, uuidnamed_file_path, condense_name_path, create_time, creator, doc_type, order_id, origina_name, original_file_path, state, update_time, updator) VALUES (21, 'b03feaac-81c4-4c01-acad-7ffee3caef29.png', 'uploadfile/raw/byOrder/41/b03feaac-81c4-4c01-acad-7ffee3caef29.png', 'uploadfile/raw/byOrder/41/b03feaac-81c4-4c01-acad-7ffee3caef29.png', '2019-03-18 21:44:39', 0, 0, 41, '183614qwmfwh3jklpmvzfy.png', 'uploadfile/raw/byOrder/41/183614qwmfwh3jklpmvzfy.png', 1, null, 0);
INSERT INTO gzx.t_cbs_order_doc (id, uuidname, uuidnamed_file_path, condense_name_path, create_time, creator, doc_type, order_id, origina_name, original_file_path, state, update_time, updator) VALUES (22, 'ae1f45ef-6327-4ac2-8c00-4871f18b7fae.jpeg', 'uploadfile/raw/byOrder/49/ae1f45ef-6327-4ac2-8c00-4871f18b7fae.jpeg', 'uploadfile/raw/byOrder/49/ae1f45ef-6327-4ac2-8c00-4871f18b7fae.jpeg', '2019-03-23 07:42:49', 0, 0, 49, 'large.jpeg', 'uploadfile/raw/byOrder/49/large.jpeg', 1, null, 0);
INSERT INTO gzx.t_cbs_order_doc (id, uuidname, uuidnamed_file_path, condense_name_path, create_time, creator, doc_type, order_id, origina_name, original_file_path, state, update_time, updator) VALUES (23, '505cfef8-279d-4942-a24b-cabc4b57d0ce.jpeg', 'uploadfile/raw/byOrder/49/505cfef8-279d-4942-a24b-cabc4b57d0ce.jpeg', 'uploadfile/raw/byOrder/49/505cfef8-279d-4942-a24b-cabc4b57d0ce.jpeg', '2019-03-23 07:43:00', 0, 0, 49, '纽约时报.jpeg', 'uploadfile/raw/byOrder/49/纽约时报.jpeg', 1, null, 0);
INSERT INTO gzx.t_cbs_order_doc (id, uuidname, uuidnamed_file_path, condense_name_path, create_time, creator, doc_type, order_id, origina_name, original_file_path, state, update_time, updator) VALUES (24, '87920bcf-d91a-4b9d-b26a-7ccec01fe98b.jpeg', 'uploadfile/raw/byOrder/51/87920bcf-d91a-4b9d-b26a-7ccec01fe98b.jpeg', 'uploadfile/raw/byOrder/51/87920bcf-d91a-4b9d-b26a-7ccec01fe98b.jpeg', '2019-03-23 08:28:27', 0, 0, 51, '纽约时报.jpeg', 'uploadfile/raw/byOrder/51/纽约时报.jpeg', 1, null, 0);
INSERT INTO gzx.t_cbs_order_doc (id, uuidname, uuidnamed_file_path, condense_name_path, create_time, creator, doc_type, order_id, origina_name, original_file_path, state, update_time, updator) VALUES (25, 'e2570d94-802e-4fc1-86a3-43a86ec0628c.jpeg', 'uploadfile/raw/byOrder/52/e2570d94-802e-4fc1-86a3-43a86ec0628c.jpeg', 'uploadfile/raw/byOrder/52/e2570d94-802e-4fc1-86a3-43a86ec0628c.jpeg', '2019-03-25 10:11:12', 0, 0, 52, 'large.jpeg', 'uploadfile/raw/byOrder/52/large.jpeg', 1, null, 0);
INSERT INTO gzx.t_cbs_order_doc (id, uuidname, uuidnamed_file_path, condense_name_path, create_time, creator, doc_type, order_id, origina_name, original_file_path, state, update_time, updator) VALUES (26, '5210ad0e-832f-4d5b-8abd-3fbe7cb2076e.jpeg', 'uploadfile/raw/byOrder/52/5210ad0e-832f-4d5b-8abd-3fbe7cb2076e.jpeg', 'uploadfile/raw/byOrder/52/5210ad0e-832f-4d5b-8abd-3fbe7cb2076e.jpeg', '2019-03-25 10:13:24', 0, 0, 52, '纽约时报.jpeg', 'uploadfile/raw/byOrder/52/纽约时报.jpeg', 1, null, 0);
INSERT INTO gzx.t_cbs_order_doc (id, uuidname, uuidnamed_file_path, condense_name_path, create_time, creator, doc_type, order_id, origina_name, original_file_path, state, update_time, updator) VALUES (27, '531c8d7e-54b5-4b5d-8d33-110807645d4e.jpeg', 'uploadfile/raw/byOrder/54/531c8d7e-54b5-4b5d-8d33-110807645d4e.jpeg', 'uploadfile/raw/byOrder/54/531c8d7e-54b5-4b5d-8d33-110807645d4e.jpeg', '2019-03-26 20:55:09', 0, 0, 54, 'WechatIMG1.jpeg', 'uploadfile/raw/byOrder/54/WechatIMG1.jpeg', 1, null, 0);
INSERT INTO gzx.t_cbs_order_doc (id, uuidname, uuidnamed_file_path, condense_name_path, create_time, creator, doc_type, order_id, origina_name, original_file_path, state, update_time, updator) VALUES (28, 'fb6540bb-f825-4b20-8e24-39b455f07570.jpeg', 'uploadfile/raw/byOrder/55/fb6540bb-f825-4b20-8e24-39b455f07570.jpeg', 'uploadfile/raw/byOrder/55/fb6540bb-f825-4b20-8e24-39b455f07570.jpeg', '2019-03-27 03:44:35', 0, 0, 55, 'large.jpeg', 'uploadfile/raw/byOrder/55/large.jpeg', 1, null, 0);
INSERT INTO gzx.t_cbs_order_doc (id, uuidname, uuidnamed_file_path, condense_name_path, create_time, creator, doc_type, order_id, origina_name, original_file_path, state, update_time, updator) VALUES (29, 'b443925a-7f55-4224-b770-c4f6e628f400.jpg', 'uploadfile/raw/byOrder/55/b443925a-7f55-4224-b770-c4f6e628f400.jpg', 'uploadfile/raw/byOrder/55/b443925a-7f55-4224-b770-c4f6e628f400.jpg', '2019-03-27 04:01:54', 0, 0, 55, 'IMG_20190327_165843_[B@2647bba.jpg', 'uploadfile/raw/byOrder/55/IMG_20190327_165843_[B@2647bba.jpg', 1, null, 0);
INSERT INTO gzx.t_cbs_order_doc (id, uuidname, uuidnamed_file_path, condense_name_path, create_time, creator, doc_type, order_id, origina_name, original_file_path, state, update_time, updator) VALUES (30, '70a54e7c-4e79-4bec-a3e5-c27cc166b866.jpeg', 'uploadfile/raw/byOrder/58/70a54e7c-4e79-4bec-a3e5-c27cc166b866.jpeg', 'uploadfile/raw/byOrder/58/70a54e7c-4e79-4bec-a3e5-c27cc166b866.jpeg', '2019-03-28 07:23:42', 0, 0, 58, 'WechatIMG1.jpeg', 'uploadfile/raw/byOrder/58/WechatIMG1.jpeg', 1, null, 0);
INSERT INTO gzx.t_cbs_order_doc (id, uuidname, uuidnamed_file_path, condense_name_path, create_time, creator, doc_type, order_id, origina_name, original_file_path, state, update_time, updator) VALUES (31, 'c0846e89-c002-4505-aeaa-ea929ba5c511.jpeg', 'uploadfile/raw/byOrder/59/c0846e89-c002-4505-aeaa-ea929ba5c511.jpeg', 'uploadfile/raw/byOrder/59/c0846e89-c002-4505-aeaa-ea929ba5c511.jpeg', '2019-03-28 08:03:00', 0, 0, 59, '纽约时报.jpeg', 'uploadfile/raw/byOrder/59/纽约时报.jpeg', 1, null, 0);
INSERT INTO gzx.t_cbs_order_doc (id, uuidname, uuidnamed_file_path, condense_name_path, create_time, creator, doc_type, order_id, origina_name, original_file_path, state, update_time, updator) VALUES (32, '29e9b0b9-2fc1-4cdd-93e5-6d4824711d2a.jpeg', 'uploadfile/raw/byOrder/59/29e9b0b9-2fc1-4cdd-93e5-6d4824711d2a.jpeg', 'uploadfile/raw/byOrder/59/29e9b0b9-2fc1-4cdd-93e5-6d4824711d2a.jpeg', '2019-03-28 08:05:31', 0, 0, 59, 'large (1).jpeg', 'uploadfile/raw/byOrder/59/large (1).jpeg', 1, null, 0);
INSERT INTO gzx.t_cbs_order_doc (id, uuidname, uuidnamed_file_path, condense_name_path, create_time, creator, doc_type, order_id, origina_name, original_file_path, state, update_time, updator) VALUES (33, '19fa4155-5fe2-41de-a4c3-530e135bd2ec.jpeg', 'uploadfile/raw/byOrder/60/19fa4155-5fe2-41de-a4c3-530e135bd2ec.jpeg', 'uploadfile/raw/byOrder/60/19fa4155-5fe2-41de-a4c3-530e135bd2ec.jpeg', '2019-03-28 09:39:19', 0, 0, 60, 'WechatIMG1.jpeg', 'uploadfile/raw/byOrder/60/WechatIMG1.jpeg', 1, null, 0);
INSERT INTO gzx.t_cbs_order_doc (id, uuidname, uuidnamed_file_path, condense_name_path, create_time, creator, doc_type, order_id, origina_name, original_file_path, state, update_time, updator) VALUES (34, 'feda7dac-d9d1-49ee-a90e-8be777e73c19.jpeg', 'uploadfile/raw/byOrder/61/feda7dac-d9d1-49ee-a90e-8be777e73c19.jpeg', 'uploadfile/raw/byOrder/61/feda7dac-d9d1-49ee-a90e-8be777e73c19.jpeg', '2019-03-28 20:31:42', 0, 0, 61, 'WechatIMG3.jpeg', 'uploadfile/raw/byOrder/61/WechatIMG3.jpeg', 1, null, 0);
INSERT INTO gzx.t_cbs_order_doc (id, uuidname, uuidnamed_file_path, condense_name_path, create_time, creator, doc_type, order_id, origina_name, original_file_path, state, update_time, updator) VALUES (35, '20c4f2b7-86ef-4f49-9c90-e0d86a83575e.jpeg', 'uploadfile/raw/byOrder/62/20c4f2b7-86ef-4f49-9c90-e0d86a83575e.jpeg', 'uploadfile/raw/byOrder/62/20c4f2b7-86ef-4f49-9c90-e0d86a83575e.jpeg', '2019-03-28 22:42:35', 0, 0, 62, 'WechatIMG5.jpeg', 'uploadfile/raw/byOrder/62/WechatIMG5.jpeg', 1, null, 0);
INSERT INTO gzx.t_cbs_order_doc (id, uuidname, uuidnamed_file_path, condense_name_path, create_time, creator, doc_type, order_id, origina_name, original_file_path, state, update_time, updator) VALUES (36, 'ac1d27fb-2c82-4804-8439-6ba83e845655.jpeg', 'uploadfile/raw/byOrder/63/ac1d27fb-2c82-4804-8439-6ba83e845655.jpeg', 'uploadfile/raw/byOrder/63/ac1d27fb-2c82-4804-8439-6ba83e845655.jpeg', '2019-04-02 02:07:02', 0, 0, 63, 'WechatIMG177.jpeg', 'uploadfile/raw/byOrder/63/WechatIMG177.jpeg', 1, null, 0);
INSERT INTO gzx.t_cbs_order_doc (id, uuidname, uuidnamed_file_path, condense_name_path, create_time, creator, doc_type, order_id, origina_name, original_file_path, state, update_time, updator) VALUES (37, '05b2d810-27cf-4dae-9c51-6bf6d52d01c6.jpeg', 'uploadfile/raw/byOrder/65/05b2d810-27cf-4dae-9c51-6bf6d52d01c6.jpeg', 'uploadfile/raw/byOrder/65/05b2d810-27cf-4dae-9c51-6bf6d52d01c6.jpeg', '2019-04-08 08:17:26', 0, 0, 65, 'large (3).jpeg', 'uploadfile/raw/byOrder/65/large (3).jpeg', 1, null, 0);
INSERT INTO gzx.t_cbs_order_doc (id, uuidname, uuidnamed_file_path, condense_name_path, create_time, creator, doc_type, order_id, origina_name, original_file_path, state, update_time, updator) VALUES (38, '403c7c04-3d52-4239-9f11-0d5600423254.jpeg', 'uploadfile/raw/byOrder/65/403c7c04-3d52-4239-9f11-0d5600423254.jpeg', 'uploadfile/raw/byOrder/65/403c7c04-3d52-4239-9f11-0d5600423254.jpeg', '2019-04-08 08:17:37', 0, 0, 65, 'large.jpeg', 'uploadfile/raw/byOrder/65/large.jpeg', 1, null, 0);
INSERT INTO gzx.t_cbs_order_doc (id, uuidname, uuidnamed_file_path, condense_name_path, create_time, creator, doc_type, order_id, origina_name, original_file_path, state, update_time, updator) VALUES (39, '"https://static.dingtalk.com/media/lADPDgQ9qmknzX3NBQDNAtA_720_1280.jpg"', 'uploadfile/raw/byOrder/73/"https://static.dingtalk.com/media/lADPDgQ9qmknzX3NBQDNAtA_720_1280.jpg"', 'uploadfile/raw/byOrder/73/"https://static.dingtalk.com/media/lADPDgQ9qmknzX3NBQDNAtA_720_1280.jpg"', '2019-04-12 05:31:53', 0, 0, 73, '"https://static.dingtalk.com/media/lADPDgQ9qmknzX3NBQDNAtA_720_1280.jpg"', 'uploadfile/raw/byOrder/73/"https://static.dingtalk.com/media/lADPDgQ9qmknzX3NBQDNAtA_720_1280.jpg"', 1, null, 0);
INSERT INTO gzx.t_cbs_order_doc (id, uuidname, uuidnamed_file_path, condense_name_path, create_time, creator, doc_type, order_id, origina_name, original_file_path, state, update_time, updator) VALUES (40, '"https://static.dingtalk.com/media/lADPDgQ9qmko5bPNBQDNAtA_720_1280.jpg"', 'uploadfile/raw/byOrder/73/"https://static.dingtalk.com/media/lADPDgQ9qmko5bPNBQDNAtA_720_1280.jpg"', 'uploadfile/raw/byOrder/73/"https://static.dingtalk.com/media/lADPDgQ9qmko5bPNBQDNAtA_720_1280.jpg"', '2019-04-12 05:31:53', 0, 0, 73, '"https://static.dingtalk.com/media/lADPDgQ9qmko5bPNBQDNAtA_720_1280.jpg"', 'uploadfile/raw/byOrder/73/"https://static.dingtalk.com/media/lADPDgQ9qmko5bPNBQDNAtA_720_1280.jpg"', 1, null, 0);
INSERT INTO gzx.t_cbs_order_doc (id, uuidname, uuidnamed_file_path, condense_name_path, create_time, creator, doc_type, order_id, origina_name, original_file_path, state, update_time, updator) VALUES (41, '"https://static.dingtalk.com/media/lADPDgQ9qmko5bTNBQDNAtA_720_1280.jpg"', 'uploadfile/raw/byOrder/73/"https://static.dingtalk.com/media/lADPDgQ9qmko5bTNBQDNAtA_720_1280.jpg"', 'uploadfile/raw/byOrder/73/"https://static.dingtalk.com/media/lADPDgQ9qmko5bTNBQDNAtA_720_1280.jpg"', '2019-04-12 05:31:53', 0, 0, 73, '"https://static.dingtalk.com/media/lADPDgQ9qmko5bTNBQDNAtA_720_1280.jpg"', 'uploadfile/raw/byOrder/73/"https://static.dingtalk.com/media/lADPDgQ9qmko5bTNBQDNAtA_720_1280.jpg"', 1, null, 0);
INSERT INTO gzx.t_cbs_order_doc (id, uuidname, uuidnamed_file_path, condense_name_path, create_time, creator, doc_type, order_id, origina_name, original_file_path, state, update_time, updator) VALUES (42, '"https://static.dingtalk.com/media/lADPDgQ9qmknzX_NBQDNAtA_720_1280.jpg"', 'uploadfile/raw/byOrder/73/"https://static.dingtalk.com/media/lADPDgQ9qmknzX_NBQDNAtA_720_1280.jpg"', 'uploadfile/raw/byOrder/73/"https://static.dingtalk.com/media/lADPDgQ9qmknzX_NBQDNAtA_720_1280.jpg"', '2019-04-12 05:31:53', 0, 0, 73, '"https://static.dingtalk.com/media/lADPDgQ9qmknzX_NBQDNAtA_720_1280.jpg"', 'uploadfile/raw/byOrder/73/"https://static.dingtalk.com/media/lADPDgQ9qmknzX_NBQDNAtA_720_1280.jpg"', 1, null, 0);
INSERT INTO gzx.t_cbs_order_doc (id, uuidname, uuidnamed_file_path, condense_name_path, create_time, creator, doc_type, order_id, origina_name, original_file_path, state, update_time, updator) VALUES (43, '"https://static.dingtalk.com/media/lADPDgQ9qmknzX7NBQDNAtA_720_1280.jpg"', 'uploadfile/raw/byOrder/73/"https://static.dingtalk.com/media/lADPDgQ9qmknzX7NBQDNAtA_720_1280.jpg"', 'uploadfile/raw/byOrder/73/"https://static.dingtalk.com/media/lADPDgQ9qmknzX7NBQDNAtA_720_1280.jpg"', '2019-04-12 05:31:53', 0, 0, 73, '"https://static.dingtalk.com/media/lADPDgQ9qmknzX7NBQDNAtA_720_1280.jpg"', 'uploadfile/raw/byOrder/73/"https://static.dingtalk.com/media/lADPDgQ9qmknzX7NBQDNAtA_720_1280.jpg"', 1, null, 0);
INSERT INTO gzx.t_cbs_order_doc (id, uuidname, uuidnamed_file_path, condense_name_path, create_time, creator, doc_type, order_id, origina_name, original_file_path, state, update_time, updator) VALUES (44, '"https://static.dingtalk.com/media/lADPDgQ9qmjaFbPNBQDNAtA_720_1280.jpg"', 'uploadfile/raw/byOrder/74/"https://static.dingtalk.com/media/lADPDgQ9qmjaFbPNBQDNAtA_720_1280.jpg"', 'uploadfile/raw/byOrder/74/"https://static.dingtalk.com/media/lADPDgQ9qmjaFbPNBQDNAtA_720_1280.jpg"', '2019-04-12 05:31:53', 0, 0, 74, '"https://static.dingtalk.com/media/lADPDgQ9qmjaFbPNBQDNAtA_720_1280.jpg"', 'uploadfile/raw/byOrder/74/"https://static.dingtalk.com/media/lADPDgQ9qmjaFbPNBQDNAtA_720_1280.jpg"', 1, null, 0);
INSERT INTO gzx.t_cbs_order_doc (id, uuidname, uuidnamed_file_path, condense_name_path, create_time, creator, doc_type, order_id, origina_name, original_file_path, state, update_time, updator) VALUES (45, '"https://static.dingtalk.com/media/lADPDgQ9qmknzX3NBQDNAtA_720_1280.jpg"', 'uploadfile/raw/byOrder/75/"https://static.dingtalk.com/media/lADPDgQ9qmknzX3NBQDNAtA_720_1280.jpg"', 'uploadfile/raw/byOrder/75/"https://static.dingtalk.com/media/lADPDgQ9qmknzX3NBQDNAtA_720_1280.jpg"', '2019-04-12 05:38:07', 0, 0, 75, '"https://static.dingtalk.com/media/lADPDgQ9qmknzX3NBQDNAtA_720_1280.jpg"', 'uploadfile/raw/byOrder/75/"https://static.dingtalk.com/media/lADPDgQ9qmknzX3NBQDNAtA_720_1280.jpg"', 1, null, 0);
INSERT INTO gzx.t_cbs_order_doc (id, uuidname, uuidnamed_file_path, condense_name_path, create_time, creator, doc_type, order_id, origina_name, original_file_path, state, update_time, updator) VALUES (46, '"https://static.dingtalk.com/media/lADPDgQ9qmko5bPNBQDNAtA_720_1280.jpg"', 'uploadfile/raw/byOrder/75/"https://static.dingtalk.com/media/lADPDgQ9qmko5bPNBQDNAtA_720_1280.jpg"', 'uploadfile/raw/byOrder/75/"https://static.dingtalk.com/media/lADPDgQ9qmko5bPNBQDNAtA_720_1280.jpg"', '2019-04-12 05:38:07', 0, 0, 75, '"https://static.dingtalk.com/media/lADPDgQ9qmko5bPNBQDNAtA_720_1280.jpg"', 'uploadfile/raw/byOrder/75/"https://static.dingtalk.com/media/lADPDgQ9qmko5bPNBQDNAtA_720_1280.jpg"', 1, null, 0);
INSERT INTO gzx.t_cbs_order_doc (id, uuidname, uuidnamed_file_path, condense_name_path, create_time, creator, doc_type, order_id, origina_name, original_file_path, state, update_time, updator) VALUES (47, '"https://static.dingtalk.com/media/lADPDgQ9qmko5bTNBQDNAtA_720_1280.jpg"', 'uploadfile/raw/byOrder/75/"https://static.dingtalk.com/media/lADPDgQ9qmko5bTNBQDNAtA_720_1280.jpg"', 'uploadfile/raw/byOrder/75/"https://static.dingtalk.com/media/lADPDgQ9qmko5bTNBQDNAtA_720_1280.jpg"', '2019-04-12 05:38:07', 0, 0, 75, '"https://static.dingtalk.com/media/lADPDgQ9qmko5bTNBQDNAtA_720_1280.jpg"', 'uploadfile/raw/byOrder/75/"https://static.dingtalk.com/media/lADPDgQ9qmko5bTNBQDNAtA_720_1280.jpg"', 1, null, 0);
INSERT INTO gzx.t_cbs_order_doc (id, uuidname, uuidnamed_file_path, condense_name_path, create_time, creator, doc_type, order_id, origina_name, original_file_path, state, update_time, updator) VALUES (48, '"https://static.dingtalk.com/media/lADPDgQ9qmknzX_NBQDNAtA_720_1280.jpg"', 'uploadfile/raw/byOrder/75/"https://static.dingtalk.com/media/lADPDgQ9qmknzX_NBQDNAtA_720_1280.jpg"', 'uploadfile/raw/byOrder/75/"https://static.dingtalk.com/media/lADPDgQ9qmknzX_NBQDNAtA_720_1280.jpg"', '2019-04-12 05:38:07', 0, 0, 75, '"https://static.dingtalk.com/media/lADPDgQ9qmknzX_NBQDNAtA_720_1280.jpg"', 'uploadfile/raw/byOrder/75/"https://static.dingtalk.com/media/lADPDgQ9qmknzX_NBQDNAtA_720_1280.jpg"', 1, null, 0);
INSERT INTO gzx.t_cbs_order_doc (id, uuidname, uuidnamed_file_path, condense_name_path, create_time, creator, doc_type, order_id, origina_name, original_file_path, state, update_time, updator) VALUES (49, '"https://static.dingtalk.com/media/lADPDgQ9qmknzX7NBQDNAtA_720_1280.jpg"', 'uploadfile/raw/byOrder/75/"https://static.dingtalk.com/media/lADPDgQ9qmknzX7NBQDNAtA_720_1280.jpg"', 'uploadfile/raw/byOrder/75/"https://static.dingtalk.com/media/lADPDgQ9qmknzX7NBQDNAtA_720_1280.jpg"', '2019-04-12 05:38:07', 0, 0, 75, '"https://static.dingtalk.com/media/lADPDgQ9qmknzX7NBQDNAtA_720_1280.jpg"', 'uploadfile/raw/byOrder/75/"https://static.dingtalk.com/media/lADPDgQ9qmknzX7NBQDNAtA_720_1280.jpg"', 1, null, 0);
INSERT INTO gzx.t_cbs_order_doc (id, uuidname, uuidnamed_file_path, condense_name_path, create_time, creator, doc_type, order_id, origina_name, original_file_path, state, update_time, updator) VALUES (50, '"https://static.dingtalk.com/media/lADPDgQ9qmjaFbPNBQDNAtA_720_1280.jpg"', 'uploadfile/raw/byOrder/76/"https://static.dingtalk.com/media/lADPDgQ9qmjaFbPNBQDNAtA_720_1280.jpg"', 'uploadfile/raw/byOrder/76/"https://static.dingtalk.com/media/lADPDgQ9qmjaFbPNBQDNAtA_720_1280.jpg"', '2019-04-12 05:38:07', 0, 0, 76, '"https://static.dingtalk.com/media/lADPDgQ9qmjaFbPNBQDNAtA_720_1280.jpg"', 'uploadfile/raw/byOrder/76/"https://static.dingtalk.com/media/lADPDgQ9qmjaFbPNBQDNAtA_720_1280.jpg"', 1, null, 0);
INSERT INTO gzx.t_cbs_order_doc (id, uuidname, uuidnamed_file_path, condense_name_path, create_time, creator, doc_type, order_id, origina_name, original_file_path, state, update_time, updator) VALUES (57, 'lADPDgQ9qmknzX3NBQDNAtA_720_1280.jpg', 'uploadfile/raw/byOrder/79/lADPDgQ9qmknzX3NBQDNAtA_720_1280.jpg', 'uploadfile/raw/byOrder/79/lADPDgQ9qmknzX3NBQDNAtA_720_1280.jpg', '2019-04-12 05:45:16', 0, 0, 79, 'lADPDgQ9qmknzX3NBQDNAtA_720_1280.jpg', 'uploadfile/raw/byOrder/79/lADPDgQ9qmknzX3NBQDNAtA_720_1280.jpg', 1, null, 0);
INSERT INTO gzx.t_cbs_order_doc (id, uuidname, uuidnamed_file_path, condense_name_path, create_time, creator, doc_type, order_id, origina_name, original_file_path, state, update_time, updator) VALUES (58, 'lADPDgQ9qmknzX_NBQDNAtA_720_1280.jpg', 'uploadfile/raw/byOrder/79/lADPDgQ9qmknzX_NBQDNAtA_720_1280.jpg', 'uploadfile/raw/byOrder/79/lADPDgQ9qmknzX_NBQDNAtA_720_1280.jpg', '2019-04-12 05:45:16', 0, 0, 79, 'lADPDgQ9qmknzX_NBQDNAtA_720_1280.jpg', 'uploadfile/raw/byOrder/79/lADPDgQ9qmknzX_NBQDNAtA_720_1280.jpg', 1, null, 0);
INSERT INTO gzx.t_cbs_order_doc (id, uuidname, uuidnamed_file_path, condense_name_path, create_time, creator, doc_type, order_id, origina_name, original_file_path, state, update_time, updator) VALUES (59, 'lADPDgQ9qmko5bTNBQDNAtA_720_1280.jpg', 'uploadfile/raw/byOrder/79/lADPDgQ9qmko5bTNBQDNAtA_720_1280.jpg', 'uploadfile/raw/byOrder/79/lADPDgQ9qmko5bTNBQDNAtA_720_1280.jpg', '2019-04-12 05:45:16', 0, 0, 79, 'lADPDgQ9qmko5bTNBQDNAtA_720_1280.jpg', 'uploadfile/raw/byOrder/79/lADPDgQ9qmko5bTNBQDNAtA_720_1280.jpg', 1, null, 0);
INSERT INTO gzx.t_cbs_order_doc (id, uuidname, uuidnamed_file_path, condense_name_path, create_time, creator, doc_type, order_id, origina_name, original_file_path, state, update_time, updator) VALUES (60, 'lADPDgQ9qmknzX7NBQDNAtA_720_1280.jpg', 'uploadfile/raw/byOrder/79/lADPDgQ9qmknzX7NBQDNAtA_720_1280.jpg', 'uploadfile/raw/byOrder/79/lADPDgQ9qmknzX7NBQDNAtA_720_1280.jpg', '2019-04-12 05:45:16', 0, 0, 79, 'lADPDgQ9qmknzX7NBQDNAtA_720_1280.jpg', 'uploadfile/raw/byOrder/79/lADPDgQ9qmknzX7NBQDNAtA_720_1280.jpg', 1, null, 0);
INSERT INTO gzx.t_cbs_order_doc (id, uuidname, uuidnamed_file_path, condense_name_path, create_time, creator, doc_type, order_id, origina_name, original_file_path, state, update_time, updator) VALUES (61, 'lADPDgQ9qmko5bPNBQDNAtA_720_1280.jpg', 'uploadfile/raw/byOrder/79/lADPDgQ9qmko5bPNBQDNAtA_720_1280.jpg', 'uploadfile/raw/byOrder/79/lADPDgQ9qmko5bPNBQDNAtA_720_1280.jpg', '2019-04-12 05:45:16', 0, 0, 79, 'lADPDgQ9qmko5bPNBQDNAtA_720_1280.jpg', 'uploadfile/raw/byOrder/79/lADPDgQ9qmko5bPNBQDNAtA_720_1280.jpg', 1, null, 0);
INSERT INTO gzx.t_cbs_order_doc (id, uuidname, uuidnamed_file_path, condense_name_path, create_time, creator, doc_type, order_id, origina_name, original_file_path, state, update_time, updator) VALUES (81, '14f4e25b-09a7-496b-8370-1411d6317675.jpeg', 'uploadfile/raw/byOrder/80/14f4e25b-09a7-496b-8370-1411d6317675.jpeg', 'uploadfile/raw/byOrder/80/14f4e25b-09a7-496b-8370-1411d6317675.jpeg', '2019-04-17 12:47:34', 0, 1, 80, 'large (2).jpeg', 'uploadfile/raw/byOrder/80/large (2).jpeg', 1, null, 0);
INSERT INTO gzx.t_cbs_order_doc (id, uuidname, uuidnamed_file_path, condense_name_path, create_time, creator, doc_type, order_id, origina_name, original_file_path, state, update_time, updator) VALUES (82, 'c04bdd26-c1ae-4d75-b250-fd7bde1efaee.jpeg', 'uploadfile/raw/byOrder/80/c04bdd26-c1ae-4d75-b250-fd7bde1efaee.jpeg', 'uploadfile/raw/byOrder/80/c04bdd26-c1ae-4d75-b250-fd7bde1efaee.jpeg', '2019-04-17 12:47:34', 0, 1, 80, 'large (3).jpeg', 'uploadfile/raw/byOrder/80/large (3).jpeg', 1, null, 0);
INSERT INTO gzx.t_cbs_order_doc (id, uuidname, uuidnamed_file_path, condense_name_path, create_time, creator, doc_type, order_id, origina_name, original_file_path, state, update_time, updator) VALUES (83, '3cd675ca-ee40-4a53-bb13-ee9f90091afe.jpeg', 'uploadfile/raw/byOrder/80/3cd675ca-ee40-4a53-bb13-ee9f90091afe.jpeg', 'uploadfile/raw/byOrder/80/3cd675ca-ee40-4a53-bb13-ee9f90091afe.jpeg', '2019-04-17 12:47:34', 0, 1, 80, 'large (5).jpeg', 'uploadfile/raw/byOrder/80/large (5).jpeg', 1, null, 0);
INSERT INTO gzx.t_cbs_order_doc (id, uuidname, uuidnamed_file_path, condense_name_path, create_time, creator, doc_type, order_id, origina_name, original_file_path, state, update_time, updator) VALUES (84, '9aa8da97-4d9a-453f-923e-ede7f50b3250.jpeg', 'uploadfile/raw/byOrder/80/9aa8da97-4d9a-453f-923e-ede7f50b3250.jpeg', 'uploadfile/raw/byOrder/80/9aa8da97-4d9a-453f-923e-ede7f50b3250.jpeg', '2019-04-17 12:47:34', 0, 1, 80, 'large (4).jpeg', 'uploadfile/raw/byOrder/80/large (4).jpeg', 1, null, 0);
INSERT INTO gzx.t_cbs_order_doc (id, uuidname, uuidnamed_file_path, condense_name_path, create_time, creator, doc_type, order_id, origina_name, original_file_path, state, update_time, updator) VALUES (85, 'd53bbb6b-01ef-4bc2-a29b-b38fdfcb0f72.jpeg', 'uploadfile/raw/byOrder/80/d53bbb6b-01ef-4bc2-a29b-b38fdfcb0f72.jpeg', 'uploadfile/raw/byOrder/80/d53bbb6b-01ef-4bc2-a29b-b38fdfcb0f72.jpeg', '2019-04-17 12:47:42', 0, 2, 80, 'large (5).jpeg', 'uploadfile/raw/byOrder/80/large (5).jpeg', 1, null, 0);
INSERT INTO gzx.t_cbs_order_doc (id, uuidname, uuidnamed_file_path, condense_name_path, create_time, creator, doc_type, order_id, origina_name, original_file_path, state, update_time, updator) VALUES (86, 'f65ff2ad-aca4-43ae-9f1a-1c8a7e9cf86d.jpeg', 'uploadfile/raw/byOrder/80/f65ff2ad-aca4-43ae-9f1a-1c8a7e9cf86d.jpeg', 'uploadfile/raw/byOrder/80/f65ff2ad-aca4-43ae-9f1a-1c8a7e9cf86d.jpeg', '2019-04-17 12:47:42', 0, 2, 80, 'large (6).jpeg', 'uploadfile/raw/byOrder/80/large (6).jpeg', 1, null, 0);
INSERT INTO gzx.t_cbs_order_doc (id, uuidname, uuidnamed_file_path, condense_name_path, create_time, creator, doc_type, order_id, origina_name, original_file_path, state, update_time, updator) VALUES (87, '7ff18665-48d8-414c-b091-01a398b54bad.jpeg', 'uploadfile/raw/byOrder/80/7ff18665-48d8-414c-b091-01a398b54bad.jpeg', 'uploadfile/raw/byOrder/80/7ff18665-48d8-414c-b091-01a398b54bad.jpeg', '2019-04-17 12:47:42', 0, 2, 80, 'large (4).jpeg', 'uploadfile/raw/byOrder/80/large (4).jpeg', 1, null, 0);
INSERT INTO gzx.t_cbs_order_doc (id, uuidname, uuidnamed_file_path, condense_name_path, create_time, creator, doc_type, order_id, origina_name, original_file_path, state, update_time, updator) VALUES (88, '243de642-edc9-4097-8efa-0b6471eac9b2.jpeg', 'uploadfile/raw/byOrder/80/243de642-edc9-4097-8efa-0b6471eac9b2.jpeg', 'uploadfile/raw/byOrder/80/243de642-edc9-4097-8efa-0b6471eac9b2.jpeg', '2019-04-17 12:47:42', 0, 2, 80, 'large (3).jpeg', 'uploadfile/raw/byOrder/80/large (3).jpeg', 1, null, 0);
INSERT INTO gzx.t_cbs_order_doc (id, uuidname, uuidnamed_file_path, condense_name_path, create_time, creator, doc_type, order_id, origina_name, original_file_path, state, update_time, updator) VALUES (89, 'd3bfbf0a-8d48-47f1-bc58-9b3da646afc6.jpeg', 'uploadfile/raw/byOrder/80/d3bfbf0a-8d48-47f1-bc58-9b3da646afc6.jpeg', 'uploadfile/raw/byOrder/80/d3bfbf0a-8d48-47f1-bc58-9b3da646afc6.jpeg', '2019-04-17 12:47:48', 0, 3, 80, 'large (5).jpeg', 'uploadfile/raw/byOrder/80/large (5).jpeg', 1, null, 0);
INSERT INTO gzx.t_cbs_order_doc (id, uuidname, uuidnamed_file_path, condense_name_path, create_time, creator, doc_type, order_id, origina_name, original_file_path, state, update_time, updator) VALUES (90, 'a87e1d2c-119a-4b7b-9c1d-3968322a13f1.jpeg', 'uploadfile/raw/byOrder/80/a87e1d2c-119a-4b7b-9c1d-3968322a13f1.jpeg', 'uploadfile/raw/byOrder/80/a87e1d2c-119a-4b7b-9c1d-3968322a13f1.jpeg', '2019-04-17 12:47:48', 0, 3, 80, 'large (6).jpeg', 'uploadfile/raw/byOrder/80/large (6).jpeg', 1, null, 0);
INSERT INTO gzx.t_cbs_order_doc (id, uuidname, uuidnamed_file_path, condense_name_path, create_time, creator, doc_type, order_id, origina_name, original_file_path, state, update_time, updator) VALUES (91, '96a3978b-e1ef-43ec-b47d-73721147fea1.jpeg', 'uploadfile/raw/byOrder/80/96a3978b-e1ef-43ec-b47d-73721147fea1.jpeg', 'uploadfile/raw/byOrder/80/96a3978b-e1ef-43ec-b47d-73721147fea1.jpeg', '2019-04-17 12:47:48', 0, 3, 80, 'large.jpeg', 'uploadfile/raw/byOrder/80/large.jpeg', 1, null, 0);
INSERT INTO gzx.t_cbs_order_doc (id, uuidname, uuidnamed_file_path, condense_name_path, create_time, creator, doc_type, order_id, origina_name, original_file_path, state, update_time, updator) VALUES (92, '40ac615c-e56a-443b-ad49-ffdb57cb63e1.jpeg', 'uploadfile/raw/byOrder/80/40ac615c-e56a-443b-ad49-ffdb57cb63e1.jpeg', 'uploadfile/raw/byOrder/80/40ac615c-e56a-443b-ad49-ffdb57cb63e1.jpeg', '2019-04-17 13:49:57', 0, 1, 80, 'large (5).jpeg', 'uploadfile/raw/byOrder/80/large (5).jpeg', 1, null, 0);
INSERT INTO gzx.t_cbs_order_doc (id, uuidname, uuidnamed_file_path, condense_name_path, create_time, creator, doc_type, order_id, origina_name, original_file_path, state, update_time, updator) VALUES (93, '45fe2ad1-c49c-42d4-a9e4-3692d71a52d4.jpeg', 'uploadfile/raw/byOrder/80/45fe2ad1-c49c-42d4-a9e4-3692d71a52d4.jpeg', 'uploadfile/raw/byOrder/80/45fe2ad1-c49c-42d4-a9e4-3692d71a52d4.jpeg', '2019-04-17 13:49:57', 0, 1, 80, 'large (4).jpeg', 'uploadfile/raw/byOrder/80/large (4).jpeg', 1, null, 0);
INSERT INTO gzx.t_cbs_order_doc (id, uuidname, uuidnamed_file_path, condense_name_path, create_time, creator, doc_type, order_id, origina_name, original_file_path, state, update_time, updator) VALUES (94, '05cc48b8-cc5a-4fc5-b7cd-ffb68d0bdcca.jpeg', 'uploadfile/raw/byOrder/80/05cc48b8-cc5a-4fc5-b7cd-ffb68d0bdcca.jpeg', 'uploadfile/raw/byOrder/80/05cc48b8-cc5a-4fc5-b7cd-ffb68d0bdcca.jpeg', '2019-04-17 13:49:57', 0, 1, 80, 'large (6).jpeg', 'uploadfile/raw/byOrder/80/large (6).jpeg', 1, null, 0);
INSERT INTO gzx.t_cbs_order_doc (id, uuidname, uuidnamed_file_path, condense_name_path, create_time, creator, doc_type, order_id, origina_name, original_file_path, state, update_time, updator) VALUES (95, '95b6737a-e551-4753-86b8-276051c14df5.jpeg', 'uploadfile/raw/byOrder/80/95b6737a-e551-4753-86b8-276051c14df5.jpeg', 'uploadfile/raw/byOrder/80/95b6737a-e551-4753-86b8-276051c14df5.jpeg', '2019-04-17 13:50:17', 0, 1, 80, 'large (6).jpeg', 'uploadfile/raw/byOrder/80/large (6).jpeg', 1, null, 0);
INSERT INTO gzx.t_cbs_order_doc (id, uuidname, uuidnamed_file_path, condense_name_path, create_time, creator, doc_type, order_id, origina_name, original_file_path, state, update_time, updator) VALUES (96, 'c849a7a2-8a7a-41da-bb1d-5d7e4a3bf180.jpeg', 'uploadfile/raw/byOrder/80/c849a7a2-8a7a-41da-bb1d-5d7e4a3bf180.jpeg', 'uploadfile/raw/byOrder/80/c849a7a2-8a7a-41da-bb1d-5d7e4a3bf180.jpeg', '2019-04-17 13:50:17', 0, 1, 80, 'large.jpeg', 'uploadfile/raw/byOrder/80/large.jpeg', 1, null, 0);
INSERT INTO gzx.t_cbs_order_doc (id, uuidname, uuidnamed_file_path, condense_name_path, create_time, creator, doc_type, order_id, origina_name, original_file_path, state, update_time, updator) VALUES (97, 'f838f6b6-e7c5-4a6d-b7ac-dd0987d1a500.jpeg', 'uploadfile/raw/byOrder/80/f838f6b6-e7c5-4a6d-b7ac-dd0987d1a500.jpeg', 'uploadfile/raw/byOrder/80/f838f6b6-e7c5-4a6d-b7ac-dd0987d1a500.jpeg', '2019-04-18 01:04:06', 0, 2, 80, 'large (5).jpeg', 'uploadfile/raw/byOrder/80/large (5).jpeg', 1, null, 0);
INSERT INTO gzx.t_cbs_order_doc (id, uuidname, uuidnamed_file_path, condense_name_path, create_time, creator, doc_type, order_id, origina_name, original_file_path, state, update_time, updator) VALUES (98, 'e7d59725-c2a6-4a19-af60-4b154961461c.jpeg', 'uploadfile/raw/byOrder/80/e7d59725-c2a6-4a19-af60-4b154961461c.jpeg', 'uploadfile/raw/byOrder/80/e7d59725-c2a6-4a19-af60-4b154961461c.jpeg', '2019-04-18 01:04:18', 0, 3, 80, 'large.jpeg', 'uploadfile/raw/byOrder/80/large.jpeg', 1, null, 0);
INSERT INTO gzx.t_cbs_order_doc (id, uuidname, uuidnamed_file_path, condense_name_path, create_time, creator, doc_type, order_id, origina_name, original_file_path, state, update_time, updator) VALUES (99, 'a6481dce-bd48-46cb-b20b-c48e3ec914ef.jpeg', 'uploadfile/raw/byOrder/80/a6481dce-bd48-46cb-b20b-c48e3ec914ef.jpeg', 'uploadfile/raw/byOrder/80/a6481dce-bd48-46cb-b20b-c48e3ec914ef.jpeg', '2019-04-18 01:04:25', 0, 3, 80, 'large (1).jpeg', 'uploadfile/raw/byOrder/80/large (1).jpeg', 1, null, 0);
INSERT INTO gzx.t_cbs_order_doc (id, uuidname, uuidnamed_file_path, condense_name_path, create_time, creator, doc_type, order_id, origina_name, original_file_path, state, update_time, updator) VALUES (100, '4650bbee-b09c-43cb-b12e-0956a1973c3c.jpeg', 'uploadfile/raw/byOrder/82/身份证明/4650bbee-b09c-43cb-b12e-0956a1973c3c.jpeg', 'uploadfile/raw/byOrder/82/身份证明/4650bbee-b09c-43cb-b12e-0956a1973c3c.jpeg', '2019-04-21 15:28:28', 0, 1, 82, 'large (5).jpeg', 'uploadfile/raw/byOrder/82/身份证明/large (5).jpeg', 1, null, 0);
INSERT INTO gzx.t_cbs_order_doc (id, uuidname, uuidnamed_file_path, condense_name_path, create_time, creator, doc_type, order_id, origina_name, original_file_path, state, update_time, updator) VALUES (101, 'c3f436ca-8768-4593-b542-4bb6cff04217.jpeg', 'uploadfile/raw/byOrder/82/身份证明/c3f436ca-8768-4593-b542-4bb6cff04217.jpeg', 'uploadfile/raw/byOrder/82/身份证明/c3f436ca-8768-4593-b542-4bb6cff04217.jpeg', '2019-04-21 15:28:29', 0, 1, 82, 'large (6).jpeg', 'uploadfile/raw/byOrder/82/身份证明/large (6).jpeg', 1, null, 0);
INSERT INTO gzx.t_cbs_order_doc (id, uuidname, uuidnamed_file_path, condense_name_path, create_time, creator, doc_type, order_id, origina_name, original_file_path, state, update_time, updator) VALUES (102, '9edbfae1-4835-4d05-ac57-15f9b8f40fd8.jpeg', 'uploadfile/raw/byOrder/82/身份证明/9edbfae1-4835-4d05-ac57-15f9b8f40fd8.jpeg', 'uploadfile/raw/byOrder/82/身份证明/9edbfae1-4835-4d05-ac57-15f9b8f40fd8.jpeg', '2019-04-21 15:28:29', 0, 1, 82, 'large (4).jpeg', 'uploadfile/raw/byOrder/82/身份证明/large (4).jpeg', 1, null, 0);
INSERT INTO gzx.t_cbs_order_doc (id, uuidname, uuidnamed_file_path, condense_name_path, create_time, creator, doc_type, order_id, origina_name, original_file_path, state, update_time, updator) VALUES (103, 'lADPDgQ9qoYFyrLNA-DNAug_744_992.jpg', 'uploadfile/raw/byOrder/88/身份证明/lADPDgQ9qoYFyrLNA-DNAug_744_992.jpg', 'uploadfile/raw/byOrder/88/身份证明/lADPDgQ9qoYFyrLNA-DNAug_744_992.jpg', '2019-04-22 01:22:22', 0, 1, 88, 'lADPDgQ9qoYFyrLNA-DNAug_744_992.jpg', 'uploadfile/raw/byOrder/88/身份证明/lADPDgQ9qoYFyrLNA-DNAug_744_992.jpg', 1, null, 0);
INSERT INTO gzx.t_cbs_order_doc (id, uuidname, uuidnamed_file_path, condense_name_path, create_time, creator, doc_type, order_id, origina_name, original_file_path, state, update_time, updator) VALUES (105, 'lADPDgQ9qoco1qjNA-DNAug_744_992.jpg', 'uploadfile/raw/byOrder/89/身份证明/lADPDgQ9qoco1qjNA-DNAug_744_992.jpg', 'uploadfile/raw/byOrder/89/身份证明/lADPDgQ9qoco1qjNA-DNAug_744_992.jpg', '2019-04-22 07:20:01', 0, 1, 89, 'lADPDgQ9qoco1qjNA-DNAug_744_992.jpg', 'uploadfile/raw/byOrder/89/身份证明/lADPDgQ9qoco1qjNA-DNAug_744_992.jpg', 1, null, 0);
INSERT INTO gzx.t_cbs_order_doc (id, uuidname, uuidnamed_file_path, condense_name_path, create_time, creator, doc_type, order_id, origina_name, original_file_path, state, update_time, updator) VALUES (106, 'lADPDgQ9qoco1rLNA-DNAug_744_992.jpg', 'uploadfile/raw/byOrder/89/房产证/lADPDgQ9qoco1rLNA-DNAug_744_992.jpg', 'uploadfile/raw/byOrder/89/房产证/lADPDgQ9qoco1rLNA-DNAug_744_992.jpg', '2019-04-22 07:20:03', 0, 6, 89, 'lADPDgQ9qoco1rLNA-DNAug_744_992.jpg', 'uploadfile/raw/byOrder/89/房产证/lADPDgQ9qoco1rLNA-DNAug_744_992.jpg', 1, null, 0);
INSERT INTO gzx.t_cbs_order_doc (id, uuidname, uuidnamed_file_path, condense_name_path, create_time, creator, doc_type, order_id, origina_name, original_file_path, state, update_time, updator) VALUES (107, 'lADPDgQ9qofyPeTNA-DNAug_744_992.jpg', 'uploadfile/raw/byOrder/90/身份证明/lADPDgQ9qofyPeTNA-DNAug_744_992.jpg', 'uploadfile/raw/byOrder/90/身份证明/lADPDgQ9qofyPeTNA-DNAug_744_992.jpg', '2019-04-22 10:40:05', 0, 1, 90, 'lADPDgQ9qofyPeTNA-DNAug_744_992.jpg', 'uploadfile/raw/byOrder/90/身份证明/lADPDgQ9qofyPeTNA-DNAug_744_992.jpg', 1, null, 0);
INSERT INTO gzx.t_cbs_order_doc (id, uuidname, uuidnamed_file_path, condense_name_path, create_time, creator, doc_type, order_id, origina_name, original_file_path, state, update_time, updator) VALUES (108, 'lADPDgQ9qofyPerNA-DNAug_744_992.jpg', 'uploadfile/raw/byOrder/90/房产证/lADPDgQ9qofyPerNA-DNAug_744_992.jpg', 'uploadfile/raw/byOrder/90/房产证/lADPDgQ9qofyPerNA-DNAug_744_992.jpg', '2019-04-22 10:40:06', 0, 6, 90, 'lADPDgQ9qofyPerNA-DNAug_744_992.jpg', 'uploadfile/raw/byOrder/90/房产证/lADPDgQ9qofyPerNA-DNAug_744_992.jpg', 1, null, 0);
INSERT INTO gzx.t_cbs_order_doc (id, uuidname, uuidnamed_file_path, condense_name_path, create_time, creator, doc_type, order_id, origina_name, original_file_path, state, update_time, updator) VALUES (109, 'lADPDgQ9qohZXgjNA-DNAug_744_992.jpg', 'uploadfile/raw/byOrder/91/身份证明/lADPDgQ9qohZXgjNA-DNAug_744_992.jpg', 'uploadfile/raw/byOrder/91/身份证明/lADPDgQ9qohZXgjNA-DNAug_744_992.jpg', '2019-04-22 15:00:04', 0, 1, 91, 'lADPDgQ9qohZXgjNA-DNAug_744_992.jpg', 'uploadfile/raw/byOrder/91/身份证明/lADPDgQ9qohZXgjNA-DNAug_744_992.jpg', 1, null, 0);
INSERT INTO gzx.t_cbs_order_doc (id, uuidname, uuidnamed_file_path, condense_name_path, create_time, creator, doc_type, order_id, origina_name, original_file_path, state, update_time, updator) VALUES (110, 'lADPDgQ9qohZXhDNA-DNAug_744_992.jpg', 'uploadfile/raw/byOrder/91/房产证/lADPDgQ9qohZXhDNA-DNAug_744_992.jpg', 'uploadfile/raw/byOrder/91/房产证/lADPDgQ9qohZXhDNA-DNAug_744_992.jpg', '2019-04-22 15:00:07', 0, 6, 91, 'lADPDgQ9qohZXhDNA-DNAug_744_992.jpg', 'uploadfile/raw/byOrder/91/房产证/lADPDgQ9qohZXhDNA-DNAug_744_992.jpg', 1, null, 0);
INSERT INTO gzx.t_cbs_order_doc (id, uuidname, uuidnamed_file_path, condense_name_path, create_time, creator, doc_type, order_id, origina_name, original_file_path, state, update_time, updator) VALUES (111, 'lADPDgQ9qoteJv3NAULNAfA_496_322.jpg', 'uploadfile/raw/byOrder/92/身份证明/lADPDgQ9qoteJv3NAULNAfA_496_322.jpg', 'uploadfile/raw/byOrder/92/身份证明/lADPDgQ9qoteJv3NAULNAfA_496_322.jpg', '2019-04-24 00:28:06', 0, 1, 92, 'lADPDgQ9qoteJv3NAULNAfA_496_322.jpg', 'uploadfile/raw/byOrder/92/身份证明/lADPDgQ9qoteJv3NAULNAfA_496_322.jpg', 1, null, 0);
INSERT INTO gzx.t_cbs_order_doc (id, uuidname, uuidnamed_file_path, condense_name_path, create_time, creator, doc_type, order_id, origina_name, original_file_path, state, update_time, updator) VALUES (112, 'lADPDgQ9qoteJwLNAq3NBA8_1039_685.jpg', 'uploadfile/raw/byOrder/92/身份证明/lADPDgQ9qoteJwLNAq3NBA8_1039_685.jpg', 'uploadfile/raw/byOrder/92/身份证明/lADPDgQ9qoteJwLNAq3NBA8_1039_685.jpg', '2019-04-24 00:28:08', 0, 1, 92, 'lADPDgQ9qoteJwLNAq3NBA8_1039_685.jpg', 'uploadfile/raw/byOrder/92/身份证明/lADPDgQ9qoteJwLNAq3NBA8_1039_685.jpg', 1, null, 0);
INSERT INTO gzx.t_cbs_order_doc (id, uuidname, uuidnamed_file_path, condense_name_path, create_time, creator, doc_type, order_id, origina_name, original_file_path, state, update_time, updator) VALUES (113, 'lADPDgQ9qoteJwzNA0vNBdw_1500_843.jpg', 'uploadfile/raw/byOrder/92/房产证/lADPDgQ9qoteJwzNA0vNBdw_1500_843.jpg', 'uploadfile/raw/byOrder/92/房产证/lADPDgQ9qoteJwzNA0vNBdw_1500_843.jpg', '2019-04-24 00:28:09', 0, 6, 92, 'lADPDgQ9qoteJwzNA0vNBdw_1500_843.jpg', 'uploadfile/raw/byOrder/92/房产证/lADPDgQ9qoteJwzNA0vNBdw_1500_843.jpg', 1, null, 0);
INSERT INTO gzx.t_cbs_order_doc (id, uuidname, uuidnamed_file_path, condense_name_path, create_time, creator, doc_type, order_id, origina_name, original_file_path, state, update_time, updator) VALUES (114, 'lADPDgQ9qoteJv3NAULNAfA_496_322.jpg', 'uploadfile/raw/byOrder/93/身份证明/lADPDgQ9qoteJv3NAULNAfA_496_322.jpg', 'uploadfile/raw/byOrder/93/身份证明/lADPDgQ9qoteJv3NAULNAfA_496_322.jpg', '2019-04-24 02:00:04', 0, 1, 93, 'lADPDgQ9qoteJv3NAULNAfA_496_322.jpg', 'uploadfile/raw/byOrder/93/身份证明/lADPDgQ9qoteJv3NAULNAfA_496_322.jpg', 1, null, 0);
INSERT INTO gzx.t_cbs_order_doc (id, uuidname, uuidnamed_file_path, condense_name_path, create_time, creator, doc_type, order_id, origina_name, original_file_path, state, update_time, updator) VALUES (115, 'lADPDgQ9qouyxBzNAq3NBA8_1039_685.jpg', 'uploadfile/raw/byOrder/93/身份证明/lADPDgQ9qouyxBzNAq3NBA8_1039_685.jpg', 'uploadfile/raw/byOrder/93/身份证明/lADPDgQ9qouyxBzNAq3NBA8_1039_685.jpg', '2019-04-24 02:00:06', 0, 1, 93, 'lADPDgQ9qouyxBzNAq3NBA8_1039_685.jpg', 'uploadfile/raw/byOrder/93/身份证明/lADPDgQ9qouyxBzNAq3NBA8_1039_685.jpg', 1, null, 0);
INSERT INTO gzx.t_cbs_order_doc (id, uuidname, uuidnamed_file_path, condense_name_path, create_time, creator, doc_type, order_id, origina_name, original_file_path, state, update_time, updator) VALUES (116, 'lADPDgQ9qoteJwzNA0vNBdw_1500_843.jpg', 'uploadfile/raw/byOrder/93/房产证/lADPDgQ9qoteJwzNA0vNBdw_1500_843.jpg', 'uploadfile/raw/byOrder/93/房产证/lADPDgQ9qoteJwzNA0vNBdw_1500_843.jpg', '2019-04-24 02:00:08', 0, 6, 93, 'lADPDgQ9qoteJwzNA0vNBdw_1500_843.jpg', 'uploadfile/raw/byOrder/93/房产证/lADPDgQ9qoteJwzNA0vNBdw_1500_843.jpg', 1, null, 0);
INSERT INTO gzx.t_cbs_order_doc (id, uuidname, uuidnamed_file_path, condense_name_path, create_time, creator, doc_type, order_id, origina_name, original_file_path, state, update_time, updator) VALUES (117, 'lADPDgQ9qovirwPNAq3NBA8_1039_685.jpg', 'uploadfile/raw/byOrder/94/身份证明/lADPDgQ9qovirwPNAq3NBA8_1039_685.jpg', 'uploadfile/raw/byOrder/94/身份证明/lADPDgQ9qovirwPNAq3NBA8_1039_685.jpg', '2019-04-24 03:00:26', 0, 1, 94, 'lADPDgQ9qovirwPNAq3NBA8_1039_685.jpg', 'uploadfile/raw/byOrder/94/身份证明/lADPDgQ9qovirwPNAq3NBA8_1039_685.jpg', 1, null, 0);
INSERT INTO gzx.t_cbs_order_doc (id, uuidname, uuidnamed_file_path, condense_name_path, create_time, creator, doc_type, order_id, origina_name, original_file_path, state, update_time, updator) VALUES (118, 'lADPDgQ9qoteJv3NAULNAfA_496_322.jpg', 'uploadfile/raw/byOrder/94/身份证明/lADPDgQ9qoteJv3NAULNAfA_496_322.jpg', 'uploadfile/raw/byOrder/94/身份证明/lADPDgQ9qoteJv3NAULNAfA_496_322.jpg', '2019-04-24 03:00:28', 0, 1, 94, 'lADPDgQ9qoteJv3NAULNAfA_496_322.jpg', 'uploadfile/raw/byOrder/94/身份证明/lADPDgQ9qoteJv3NAULNAfA_496_322.jpg', 1, null, 0);
INSERT INTO gzx.t_cbs_order_doc (id, uuidname, uuidnamed_file_path, condense_name_path, create_time, creator, doc_type, order_id, origina_name, original_file_path, state, update_time, updator) VALUES (119, 'lADPDgQ9qoteJwzNA0vNBdw_1500_843.jpg', 'uploadfile/raw/byOrder/94/房产证/lADPDgQ9qoteJwzNA0vNBdw_1500_843.jpg', 'uploadfile/raw/byOrder/94/房产证/lADPDgQ9qoteJwzNA0vNBdw_1500_843.jpg', '2019-04-24 03:00:30', 0, 6, 94, 'lADPDgQ9qoteJwzNA0vNBdw_1500_843.jpg', 'uploadfile/raw/byOrder/94/房产证/lADPDgQ9qoteJwzNA0vNBdw_1500_843.jpg', 1, null, 0);
INSERT INTO gzx.t_cbs_order_log (id, action_desc, button_id, create_time, creator, operator_time, order_id, order_product_id, state, update_time, updator, user_id, format_info_id) VALUES (1, '', 5, '2019-03-08 08:56:06', 0, '2019-03-08 08:56:06', 0, 0, 1, null, null, 1, 0);
INSERT INTO gzx.t_cbs_order_log (id, action_desc, button_id, create_time, creator, operator_time, order_id, order_product_id, state, update_time, updator, user_id, format_info_id) VALUES (2, '', 5, '2019-03-08 08:59:37', 0, '2019-03-08 08:59:37', 21, 0, 1, null, null, 1, 0);
INSERT INTO gzx.t_cbs_order_log (id, action_desc, button_id, create_time, creator, operator_time, order_id, order_product_id, state, update_time, updator, user_id, format_info_id) VALUES (3, '资料有问题', 6, '2019-03-08 09:13:21', 0, '2019-03-08 09:13:21', 21, 0, 1, null, null, 1, 0);
INSERT INTO gzx.t_cbs_order_log (id, action_desc, button_id, create_time, creator, operator_time, order_id, order_product_id, state, update_time, updator, user_id, format_info_id) VALUES (4, '', 7, '2019-03-09 04:28:40', 0, '2019-03-09 04:28:40', 30, 0, 1, null, null, 1, 0);
INSERT INTO gzx.t_cbs_order_log (id, action_desc, button_id, create_time, creator, operator_time, order_id, order_product_id, state, update_time, updator, user_id, format_info_id) VALUES (5, null, 1, '2019-03-14 09:34:17', 1, null, 42, 0, 1, null, null, 1, 0);
INSERT INTO gzx.t_cbs_order_log (id, action_desc, button_id, create_time, creator, operator_time, order_id, order_product_id, state, update_time, updator, user_id, format_info_id) VALUES (6, null, 1, '2019-03-14 09:50:01', 1, null, 0, 0, 1, null, null, 1, 0);
INSERT INTO gzx.t_cbs_order_log (id, action_desc, button_id, create_time, creator, operator_time, order_id, order_product_id, state, update_time, updator, user_id, format_info_id) VALUES (7, null, 1, '2019-03-14 09:52:34', 1, null, 0, 0, 1, null, null, 1, 0);
INSERT INTO gzx.t_cbs_order_log (id, action_desc, button_id, create_time, creator, operator_time, order_id, order_product_id, state, update_time, updator, user_id, format_info_id) VALUES (8, null, 1, '2019-03-14 20:03:00', 1, null, 0, 0, 1, null, null, 1, 0);
INSERT INTO gzx.t_cbs_order_log (id, action_desc, button_id, create_time, creator, operator_time, order_id, order_product_id, state, update_time, updator, user_id, format_info_id) VALUES (9, null, 1, '2019-03-14 20:03:25', 1, null, 0, 0, 1, null, null, 1, 0);
INSERT INTO gzx.t_cbs_order_log (id, action_desc, button_id, create_time, creator, operator_time, order_id, order_product_id, state, update_time, updator, user_id, format_info_id) VALUES (10, null, 1, '2019-03-14 20:04:55', 1, null, 0, 0, 1, null, null, 1, 0);
INSERT INTO gzx.t_cbs_order_log (id, action_desc, button_id, create_time, creator, operator_time, order_id, order_product_id, state, update_time, updator, user_id, format_info_id) VALUES (11, '', 5, '2019-03-16 08:41:57', 0, '2019-03-16 08:41:57', 0, 0, 1, null, null, 1, 0);
INSERT INTO gzx.t_cbs_order_log (id, action_desc, button_id, create_time, creator, operator_time, order_id, order_product_id, state, update_time, updator, user_id, format_info_id) VALUES (12, '', 5, '2019-03-16 08:43:11', 0, '2019-03-16 08:43:11', 0, 0, 1, null, null, 1, 0);
INSERT INTO gzx.t_cbs_order_log (id, action_desc, button_id, create_time, creator, operator_time, order_id, order_product_id, state, update_time, updator, user_id, format_info_id) VALUES (13, null, 1, '2019-03-18 20:36:22', 1, null, 43, 0, 1, null, null, 1, 0);
INSERT INTO gzx.t_cbs_order_log (id, action_desc, button_id, create_time, creator, operator_time, order_id, order_product_id, state, update_time, updator, user_id, format_info_id) VALUES (14, null, 3, '2019-03-18 21:26:30', 1, null, 41, 0, 1, null, null, 1, 0);
INSERT INTO gzx.t_cbs_order_log (id, action_desc, button_id, create_time, creator, operator_time, order_id, order_product_id, state, update_time, updator, user_id, format_info_id) VALUES (15, null, 3, '2019-03-18 21:30:54', 1, null, 41, 0, 1, null, null, 1, 0);
INSERT INTO gzx.t_cbs_order_log (id, action_desc, button_id, create_time, creator, operator_time, order_id, order_product_id, state, update_time, updator, user_id, format_info_id) VALUES (16, null, 2, '2019-03-18 21:42:34', 1, null, 41, 0, 1, null, null, 1, 0);
INSERT INTO gzx.t_cbs_order_log (id, action_desc, button_id, create_time, creator, operator_time, order_id, order_product_id, state, update_time, updator, user_id, format_info_id) VALUES (17, null, 2, '2019-03-18 21:44:39', 1, null, 41, 0, 1, null, null, 1, 0);
INSERT INTO gzx.t_cbs_order_log (id, action_desc, button_id, create_time, creator, operator_time, order_id, order_product_id, state, update_time, updator, user_id, format_info_id) VALUES (18, null, 4, '2019-03-18 21:49:10', 1, null, 41, 0, 1, null, null, 1, 0);
INSERT INTO gzx.t_cbs_order_log (id, action_desc, button_id, create_time, creator, operator_time, order_id, order_product_id, state, update_time, updator, user_id, format_info_id) VALUES (19, null, 1, '2019-03-20 21:04:42', 1, null, 44, 0, 1, null, null, 1, 0);
INSERT INTO gzx.t_cbs_order_log (id, action_desc, button_id, create_time, creator, operator_time, order_id, order_product_id, state, update_time, updator, user_id, format_info_id) VALUES (20, null, 1, '2019-03-20 21:29:53', 1, null, 45, 0, 1, null, null, 1, 0);
INSERT INTO gzx.t_cbs_order_log (id, action_desc, button_id, create_time, creator, operator_time, order_id, order_product_id, state, update_time, updator, user_id, format_info_id) VALUES (21, null, 1, '2019-03-20 21:33:11', 1, null, 46, 0, 1, null, null, 1, 0);
INSERT INTO gzx.t_cbs_order_log (id, action_desc, button_id, create_time, creator, operator_time, order_id, order_product_id, state, update_time, updator, user_id, format_info_id) VALUES (22, null, 1, '2019-03-22 22:26:59', 13, null, 0, 0, 1, null, null, 13, 0);
INSERT INTO gzx.t_cbs_order_log (id, action_desc, button_id, create_time, creator, operator_time, order_id, order_product_id, state, update_time, updator, user_id, format_info_id) VALUES (23, null, 71, '2019-03-22 23:47:07', 13, null, 47, 0, 1, null, null, 13, 0);
INSERT INTO gzx.t_cbs_order_log (id, action_desc, button_id, create_time, creator, operator_time, order_id, order_product_id, state, update_time, updator, user_id, format_info_id) VALUES (24, null, 71, '2019-03-22 23:54:14', 13, null, 48, 0, 1, null, null, 13, 0);
INSERT INTO gzx.t_cbs_order_log (id, action_desc, button_id, create_time, creator, operator_time, order_id, order_product_id, state, update_time, updator, user_id, format_info_id) VALUES (25, null, 72, '2019-03-23 01:09:33', 13, null, 0, 0, 1, null, null, 13, 0);
INSERT INTO gzx.t_cbs_order_log (id, action_desc, button_id, create_time, creator, operator_time, order_id, order_product_id, state, update_time, updator, user_id, format_info_id) VALUES (26, null, 72, '2019-03-23 01:14:50', 13, null, 0, 0, 1, null, null, 13, 0);
INSERT INTO gzx.t_cbs_order_log (id, action_desc, button_id, create_time, creator, operator_time, order_id, order_product_id, state, update_time, updator, user_id, format_info_id) VALUES (27, null, 72, '2019-03-23 01:23:00', 13, null, 0, 0, 1, null, null, 13, 0);
INSERT INTO gzx.t_cbs_order_log (id, action_desc, button_id, create_time, creator, operator_time, order_id, order_product_id, state, update_time, updator, user_id, format_info_id) VALUES (28, null, 72, '2019-03-23 01:25:22', 13, null, 0, 0, 1, null, null, 13, 0);
INSERT INTO gzx.t_cbs_order_log (id, action_desc, button_id, create_time, creator, operator_time, order_id, order_product_id, state, update_time, updator, user_id, format_info_id) VALUES (29, null, 72, '2019-03-23 01:29:19', 13, null, 0, 0, 1, null, null, 13, 0);
INSERT INTO gzx.t_cbs_order_log (id, action_desc, button_id, create_time, creator, operator_time, order_id, order_product_id, state, update_time, updator, user_id, format_info_id) VALUES (30, null, 72, '2019-03-23 01:29:53', 13, null, 0, 0, 1, null, null, 13, 0);
INSERT INTO gzx.t_cbs_order_log (id, action_desc, button_id, create_time, creator, operator_time, order_id, order_product_id, state, update_time, updator, user_id, format_info_id) VALUES (31, null, 71, '2019-03-23 01:53:01', 13, null, 49, 0, 1, null, null, 13, 0);
INSERT INTO gzx.t_cbs_order_log (id, action_desc, button_id, create_time, creator, operator_time, order_id, order_product_id, state, update_time, updator, user_id, format_info_id) VALUES (32, null, 72, '2019-03-23 01:53:26', 13, null, 0, 0, 1, null, null, 13, 0);
INSERT INTO gzx.t_cbs_order_log (id, action_desc, button_id, create_time, creator, operator_time, order_id, order_product_id, state, update_time, updator, user_id, format_info_id) VALUES (33, null, 75, '2019-03-23 01:58:44', 14, null, 0, 0, 1, null, null, 14, 0);
INSERT INTO gzx.t_cbs_order_log (id, action_desc, button_id, create_time, creator, operator_time, order_id, order_product_id, state, update_time, updator, user_id, format_info_id) VALUES (34, null, 74, '2019-03-23 02:04:16', 8, null, 0, 0, 1, null, null, 8, 0);
INSERT INTO gzx.t_cbs_order_log (id, action_desc, button_id, create_time, creator, operator_time, order_id, order_product_id, state, update_time, updator, user_id, format_info_id) VALUES (35, null, 2, '2019-03-23 07:42:50', 13, null, 49, 0, 1, null, null, 13, 0);
INSERT INTO gzx.t_cbs_order_log (id, action_desc, button_id, create_time, creator, operator_time, order_id, order_product_id, state, update_time, updator, user_id, format_info_id) VALUES (36, null, 2, '2019-03-23 07:43:00', 13, null, 49, 0, 1, null, null, 13, 0);
INSERT INTO gzx.t_cbs_order_log (id, action_desc, button_id, create_time, creator, operator_time, order_id, order_product_id, state, update_time, updator, user_id, format_info_id) VALUES (37, null, 72, '2019-03-23 07:43:10', 13, null, 0, 0, 1, null, null, 13, 0);
INSERT INTO gzx.t_cbs_order_log (id, action_desc, button_id, create_time, creator, operator_time, order_id, order_product_id, state, update_time, updator, user_id, format_info_id) VALUES (38, null, 81, '2019-03-23 07:44:25', 8, null, 0, 0, 1, null, null, 8, 0);
INSERT INTO gzx.t_cbs_order_log (id, action_desc, button_id, create_time, creator, operator_time, order_id, order_product_id, state, update_time, updator, user_id, format_info_id) VALUES (39, null, null, '2019-03-23 08:08:16', 13, null, 0, 0, 1, null, null, 13, 0);
INSERT INTO gzx.t_cbs_order_log (id, action_desc, button_id, create_time, creator, operator_time, order_id, order_product_id, state, update_time, updator, user_id, format_info_id) VALUES (40, null, 71, '2019-03-23 08:20:49', 13, null, 0, 0, 1, null, null, 13, 0);
INSERT INTO gzx.t_cbs_order_log (id, action_desc, button_id, create_time, creator, operator_time, order_id, order_product_id, state, update_time, updator, user_id, format_info_id) VALUES (41, null, 71, '2019-03-23 08:22:29', 13, null, 50, 0, 1, null, null, 13, 0);
INSERT INTO gzx.t_cbs_order_log (id, action_desc, button_id, create_time, creator, operator_time, order_id, order_product_id, state, update_time, updator, user_id, format_info_id) VALUES (42, null, 72, '2019-03-23 08:25:16', 13, '2019-03-23 08:25:16', 50, 0, 1, null, null, 13, 0);
INSERT INTO gzx.t_cbs_order_log (id, action_desc, button_id, create_time, creator, operator_time, order_id, order_product_id, state, update_time, updator, user_id, format_info_id) VALUES (43, null, 75, '2019-03-23 08:27:17', 14, '2019-03-23 08:27:17', 50, 0, 1, null, null, 14, 0);
INSERT INTO gzx.t_cbs_order_log (id, action_desc, button_id, create_time, creator, operator_time, order_id, order_product_id, state, update_time, updator, user_id, format_info_id) VALUES (44, null, 71, '2019-03-23 08:28:10', 13, '2019-03-23 08:28:10', 51, 0, 1, null, null, 13, 0);
INSERT INTO gzx.t_cbs_order_log (id, action_desc, button_id, create_time, creator, operator_time, order_id, order_product_id, state, update_time, updator, user_id, format_info_id) VALUES (45, null, 2, '2019-03-23 08:28:27', 13, '2019-03-23 08:28:27', 51, 0, 1, null, null, 13, 0);
INSERT INTO gzx.t_cbs_order_log (id, action_desc, button_id, create_time, creator, operator_time, order_id, order_product_id, state, update_time, updator, user_id, format_info_id) VALUES (46, null, 72, '2019-03-23 08:28:48', 13, '2019-03-23 08:28:48', 51, 0, 1, null, null, 13, 0);
INSERT INTO gzx.t_cbs_order_log (id, action_desc, button_id, create_time, creator, operator_time, order_id, order_product_id, state, update_time, updator, user_id, format_info_id) VALUES (47, null, 75, '2019-03-23 08:38:13', 14, '2019-03-23 08:38:13', 51, 0, 1, null, null, 14, 0);
INSERT INTO gzx.t_cbs_order_log (id, action_desc, button_id, create_time, creator, operator_time, order_id, order_product_id, state, update_time, updator, user_id, format_info_id) VALUES (48, null, 74, '2019-03-23 10:31:30', 8, '2019-03-23 10:31:30', 51, 0, 1, null, null, 8, 0);
INSERT INTO gzx.t_cbs_order_log (id, action_desc, button_id, create_time, creator, operator_time, order_id, order_product_id, state, update_time, updator, user_id, format_info_id) VALUES (49, null, 74, '2019-03-24 23:02:14', 8, '2019-03-24 23:02:14', 50, 0, 1, null, null, 8, 0);
INSERT INTO gzx.t_cbs_order_log (id, action_desc, button_id, create_time, creator, operator_time, order_id, order_product_id, state, update_time, updator, user_id, format_info_id) VALUES (50, null, 102, '2019-03-25 01:31:20', 13, '2019-03-25 01:31:20', 51, 0, 1, null, null, 13, 0);
INSERT INTO gzx.t_cbs_order_log (id, action_desc, button_id, create_time, creator, operator_time, order_id, order_product_id, state, update_time, updator, user_id, format_info_id) VALUES (51, null, 103, '2019-03-25 01:31:40', 13, '2019-03-25 01:31:40', 51, 0, 1, null, null, 13, 0);
INSERT INTO gzx.t_cbs_order_log (id, action_desc, button_id, create_time, creator, operator_time, order_id, order_product_id, state, update_time, updator, user_id, format_info_id) VALUES (52, null, 72, '2019-03-25 01:53:15', 13, '2019-03-25 01:53:15', 51, 0, 1, null, null, 13, 0);
INSERT INTO gzx.t_cbs_order_log (id, action_desc, button_id, create_time, creator, operator_time, order_id, order_product_id, state, update_time, updator, user_id, format_info_id) VALUES (53, null, 72, '2019-03-25 01:53:25', 13, '2019-03-25 01:53:25', 50, 0, 1, null, null, 13, 0);
INSERT INTO gzx.t_cbs_order_log (id, action_desc, button_id, create_time, creator, operator_time, order_id, order_product_id, state, update_time, updator, user_id, format_info_id) VALUES (54, null, 80, '2019-03-25 01:54:03', 8, '2019-03-25 01:54:03', 51, 0, 1, null, null, 8, 0);
INSERT INTO gzx.t_cbs_order_log (id, action_desc, button_id, create_time, creator, operator_time, order_id, order_product_id, state, update_time, updator, user_id, format_info_id) VALUES (55, null, 80, '2019-03-25 01:54:10', 8, '2019-03-25 01:54:10', 50, 0, 1, null, null, 8, 0);
INSERT INTO gzx.t_cbs_order_log (id, action_desc, button_id, create_time, creator, operator_time, order_id, order_product_id, state, update_time, updator, user_id, format_info_id) VALUES (56, null, 84, '2019-03-25 01:55:33', 10, '2019-03-25 01:55:33', 51, 0, 1, null, null, 10, 0);
INSERT INTO gzx.t_cbs_order_log (id, action_desc, button_id, create_time, creator, operator_time, order_id, order_product_id, state, update_time, updator, user_id, format_info_id) VALUES (57, null, 84, '2019-03-25 01:55:39', 10, '2019-03-25 01:55:39', 50, 0, 1, null, null, 10, 0);
INSERT INTO gzx.t_cbs_order_log (id, action_desc, button_id, create_time, creator, operator_time, order_id, order_product_id, state, update_time, updator, user_id, format_info_id) VALUES (58, null, 85, '2019-03-25 01:56:33', 9, '2019-03-25 01:56:33', 51, 0, 1, null, null, 9, 0);
INSERT INTO gzx.t_cbs_order_log (id, action_desc, button_id, create_time, creator, operator_time, order_id, order_product_id, state, update_time, updator, user_id, format_info_id) VALUES (59, null, 85, '2019-03-25 01:56:52', 9, '2019-03-25 01:56:52', 50, 0, 1, null, null, 9, 0);
INSERT INTO gzx.t_cbs_order_log (id, action_desc, button_id, create_time, creator, operator_time, order_id, order_product_id, state, update_time, updator, user_id, format_info_id) VALUES (60, null, 89, '2019-03-25 01:57:11', 9, '2019-03-25 01:57:11', 50, 0, 1, null, null, 9, 0);
INSERT INTO gzx.t_cbs_order_log (id, action_desc, button_id, create_time, creator, operator_time, order_id, order_product_id, state, update_time, updator, user_id, format_info_id) VALUES (61, null, 89, '2019-03-25 01:57:17', 9, '2019-03-25 01:57:17', 51, 0, 1, null, null, 9, 0);
INSERT INTO gzx.t_cbs_order_log (id, action_desc, button_id, create_time, creator, operator_time, order_id, order_product_id, state, update_time, updator, user_id, format_info_id) VALUES (62, null, 90, '2019-03-25 02:08:18', 10, '2019-03-25 02:08:18', 50, 0, 1, null, null, 10, 0);
INSERT INTO gzx.t_cbs_order_log (id, action_desc, button_id, create_time, creator, operator_time, order_id, order_product_id, state, update_time, updator, user_id, format_info_id) VALUES (63, null, 90, '2019-03-25 02:08:25', 10, '2019-03-25 02:08:25', 51, 0, 1, null, null, 10, 0);
INSERT INTO gzx.t_cbs_order_log (id, action_desc, button_id, create_time, creator, operator_time, order_id, order_product_id, state, update_time, updator, user_id, format_info_id) VALUES (64, null, 92, '2019-03-25 02:10:23', 7, '2019-03-25 02:10:23', 51, 0, 1, null, null, 7, 0);
INSERT INTO gzx.t_cbs_order_log (id, action_desc, button_id, create_time, creator, operator_time, order_id, order_product_id, state, update_time, updator, user_id, format_info_id) VALUES (65, null, 92, '2019-03-25 02:10:30', 7, '2019-03-25 02:10:30', 50, 0, 1, null, null, 7, 0);
INSERT INTO gzx.t_cbs_order_log (id, action_desc, button_id, create_time, creator, operator_time, order_id, order_product_id, state, update_time, updator, user_id, format_info_id) VALUES (66, null, 94, '2019-03-25 02:11:07', 10, '2019-03-25 02:11:07', 50, 0, 1, null, null, 10, 0);
INSERT INTO gzx.t_cbs_order_log (id, action_desc, button_id, create_time, creator, operator_time, order_id, order_product_id, state, update_time, updator, user_id, format_info_id) VALUES (67, null, 94, '2019-03-25 02:11:13', 10, '2019-03-25 02:11:13', 51, 0, 1, null, null, 10, 0);
INSERT INTO gzx.t_cbs_order_log (id, action_desc, button_id, create_time, creator, operator_time, order_id, order_product_id, state, update_time, updator, user_id, format_info_id) VALUES (68, null, 95, '2019-03-25 02:11:22', 10, '2019-03-25 02:11:22', 50, 0, 1, null, null, 10, 0);
INSERT INTO gzx.t_cbs_order_log (id, action_desc, button_id, create_time, creator, operator_time, order_id, order_product_id, state, update_time, updator, user_id, format_info_id) VALUES (69, null, 95, '2019-03-25 02:11:26', 10, '2019-03-25 02:11:26', 51, 0, 1, null, null, 10, 0);
INSERT INTO gzx.t_cbs_order_log (id, action_desc, button_id, create_time, creator, operator_time, order_id, order_product_id, state, update_time, updator, user_id, format_info_id) VALUES (70, null, 96, '2019-03-25 02:12:16', 9, '2019-03-25 02:12:16', 51, 0, 1, null, null, 9, 0);
INSERT INTO gzx.t_cbs_order_log (id, action_desc, button_id, create_time, creator, operator_time, order_id, order_product_id, state, update_time, updator, user_id, format_info_id) VALUES (71, null, 96, '2019-03-25 02:12:23', 9, '2019-03-25 02:12:23', 50, 0, 1, null, null, 9, 0);
INSERT INTO gzx.t_cbs_order_log (id, action_desc, button_id, create_time, creator, operator_time, order_id, order_product_id, state, update_time, updator, user_id, format_info_id) VALUES (72, null, 97, '2019-03-25 02:12:29', 9, '2019-03-25 02:12:29', 50, 0, 1, null, null, 9, 0);
INSERT INTO gzx.t_cbs_order_log (id, action_desc, button_id, create_time, creator, operator_time, order_id, order_product_id, state, update_time, updator, user_id, format_info_id) VALUES (73, null, 97, '2019-03-25 02:12:34', 9, '2019-03-25 02:12:34', 51, 0, 1, null, null, 9, 0);
INSERT INTO gzx.t_cbs_order_log (id, action_desc, button_id, create_time, creator, operator_time, order_id, order_product_id, state, update_time, updator, user_id, format_info_id) VALUES (74, null, 98, '2019-03-25 02:13:03', 10, '2019-03-25 02:13:03', 50, 0, 1, null, null, 10, 0);
INSERT INTO gzx.t_cbs_order_log (id, action_desc, button_id, create_time, creator, operator_time, order_id, order_product_id, state, update_time, updator, user_id, format_info_id) VALUES (75, null, 98, '2019-03-25 02:13:08', 10, '2019-03-25 02:13:08', 51, 0, 1, null, null, 10, 0);
INSERT INTO gzx.t_cbs_order_log (id, action_desc, button_id, create_time, creator, operator_time, order_id, order_product_id, state, update_time, updator, user_id, format_info_id) VALUES (76, null, 99, '2019-03-25 02:13:50', 9, '2019-03-25 02:13:50', 50, 0, 1, null, null, 9, 0);
INSERT INTO gzx.t_cbs_order_log (id, action_desc, button_id, create_time, creator, operator_time, order_id, order_product_id, state, update_time, updator, user_id, format_info_id) VALUES (77, null, 99, '2019-03-25 02:13:55', 9, '2019-03-25 02:13:55', 51, 0, 1, null, null, 9, 0);
INSERT INTO gzx.t_cbs_order_log (id, action_desc, button_id, create_time, creator, operator_time, order_id, order_product_id, state, update_time, updator, user_id, format_info_id) VALUES (78, null, 100, '2019-03-25 02:14:12', 14, '2019-03-25 02:14:12', 50, 0, 1, null, null, 14, 0);
INSERT INTO gzx.t_cbs_order_log (id, action_desc, button_id, create_time, creator, operator_time, order_id, order_product_id, state, update_time, updator, user_id, format_info_id) VALUES (79, null, 100, '2019-03-25 02:14:17', 14, '2019-03-25 02:14:17', 51, 0, 1, null, null, 14, 0);
INSERT INTO gzx.t_cbs_order_log (id, action_desc, button_id, create_time, creator, operator_time, order_id, order_product_id, state, update_time, updator, user_id, format_info_id) VALUES (80, null, 71, '2019-03-25 10:09:32', 13, '2019-03-25 10:09:32', 52, 0, 1, null, null, 13, 0);
INSERT INTO gzx.t_cbs_order_log (id, action_desc, button_id, create_time, creator, operator_time, order_id, order_product_id, state, update_time, updator, user_id, format_info_id) VALUES (81, null, 102, '2019-03-25 10:11:12', 13, '2019-03-25 10:11:12', 52, 0, 1, null, null, 13, 0);
INSERT INTO gzx.t_cbs_order_log (id, action_desc, button_id, create_time, creator, operator_time, order_id, order_product_id, state, update_time, updator, user_id, format_info_id) VALUES (82, null, 72, '2019-03-25 10:11:26', 13, '2019-03-25 10:11:26', 52, 0, 1, null, null, 13, 0);
INSERT INTO gzx.t_cbs_order_log (id, action_desc, button_id, create_time, creator, operator_time, order_id, order_product_id, state, update_time, updator, user_id, format_info_id) VALUES (83, null, 74, '2019-03-25 10:12:11', 14, '2019-03-25 10:12:11', 52, 0, 1, null, null, 14, 0);
INSERT INTO gzx.t_cbs_order_log (id, action_desc, button_id, create_time, creator, operator_time, order_id, order_product_id, state, update_time, updator, user_id, format_info_id) VALUES (84, null, 102, '2019-03-25 10:13:24', 13, '2019-03-25 10:13:24', 52, 0, 1, null, null, 13, 0);
INSERT INTO gzx.t_cbs_order_log (id, action_desc, button_id, create_time, creator, operator_time, order_id, order_product_id, state, update_time, updator, user_id, format_info_id) VALUES (85, null, 72, '2019-03-25 10:13:27', 13, '2019-03-25 10:13:27', 52, 0, 1, null, null, 13, 0);
INSERT INTO gzx.t_cbs_order_log (id, action_desc, button_id, create_time, creator, operator_time, order_id, order_product_id, state, update_time, updator, user_id, format_info_id) VALUES (86, null, 80, '2019-03-25 10:13:48', 8, '2019-03-25 10:13:48', 52, 0, 1, null, null, 8, 0);
INSERT INTO gzx.t_cbs_order_log (id, action_desc, button_id, create_time, creator, operator_time, order_id, order_product_id, state, update_time, updator, user_id, format_info_id) VALUES (87, null, 71, '2019-03-26 04:42:55', 13, '2019-03-26 04:42:55', 53, 0, 1, null, null, 13, 0);
INSERT INTO gzx.t_cbs_order_log (id, action_desc, button_id, create_time, creator, operator_time, order_id, order_product_id, state, update_time, updator, user_id, format_info_id) VALUES (88, null, 71, '2019-03-26 20:54:26', 13, '2019-03-26 20:54:26', 54, 0, 1, null, null, 13, 0);
INSERT INTO gzx.t_cbs_order_log (id, action_desc, button_id, create_time, creator, operator_time, order_id, order_product_id, state, update_time, updator, user_id, format_info_id) VALUES (89, null, 102, '2019-03-26 20:55:09', 13, '2019-03-26 20:55:09', 54, 0, 1, null, null, 13, 0);
INSERT INTO gzx.t_cbs_order_log (id, action_desc, button_id, create_time, creator, operator_time, order_id, order_product_id, state, update_time, updator, user_id, format_info_id) VALUES (90, null, 72, '2019-03-26 20:55:26', 13, '2019-03-26 20:55:26', 54, 0, 1, null, null, 13, 0);
INSERT INTO gzx.t_cbs_order_log (id, action_desc, button_id, create_time, creator, operator_time, order_id, order_product_id, state, update_time, updator, user_id, format_info_id) VALUES (91, null, 74, '2019-03-26 20:59:02', 14, '2019-03-26 20:59:02', 54, 0, 1, null, null, 14, 0);
INSERT INTO gzx.t_cbs_order_log (id, action_desc, button_id, create_time, creator, operator_time, order_id, order_product_id, state, update_time, updator, user_id, format_info_id) VALUES (92, null, 72, '2019-03-26 20:59:35', 13, '2019-03-26 20:59:35', 54, 0, 1, null, null, 13, 0);
INSERT INTO gzx.t_cbs_order_log (id, action_desc, button_id, create_time, creator, operator_time, order_id, order_product_id, state, update_time, updator, user_id, format_info_id) VALUES (93, null, 80, '2019-03-26 21:02:38', 8, '2019-03-26 21:02:38', 54, 0, 1, null, null, 8, 0);
INSERT INTO gzx.t_cbs_order_log (id, action_desc, button_id, create_time, creator, operator_time, order_id, order_product_id, state, update_time, updator, user_id, format_info_id) VALUES (94, null, 80, '2019-03-27 00:50:32', 8, '2019-03-27 00:50:32', 54, 0, 1, null, null, 8, 0);
INSERT INTO gzx.t_cbs_order_log (id, action_desc, button_id, create_time, creator, operator_time, order_id, order_product_id, state, update_time, updator, user_id, format_info_id) VALUES (95, null, 80, '2019-03-27 00:59:40', 8, '2019-03-27 00:59:40', 54, 0, 1, null, null, 8, 0);
INSERT INTO gzx.t_cbs_order_log (id, action_desc, button_id, create_time, creator, operator_time, order_id, order_product_id, state, update_time, updator, user_id, format_info_id) VALUES (96, null, 80, '2019-03-27 01:10:27', 8, '2019-03-27 01:10:27', 54, 0, 1, null, null, 8, 0);
INSERT INTO gzx.t_cbs_order_log (id, action_desc, button_id, create_time, creator, operator_time, order_id, order_product_id, state, update_time, updator, user_id, format_info_id) VALUES (97, null, 80, '2019-03-27 01:11:49', 8, '2019-03-27 01:11:49', 54, 0, 1, null, null, 8, 0);
INSERT INTO gzx.t_cbs_order_log (id, action_desc, button_id, create_time, creator, operator_time, order_id, order_product_id, state, update_time, updator, user_id, format_info_id) VALUES (98, null, 80, '2019-03-27 01:14:20', 8, '2019-03-27 01:14:20', 54, 0, 1, null, null, 8, 0);
INSERT INTO gzx.t_cbs_order_log (id, action_desc, button_id, create_time, creator, operator_time, order_id, order_product_id, state, update_time, updator, user_id, format_info_id) VALUES (99, null, 80, '2019-03-27 01:48:02', 8, '2019-03-27 01:48:02', 54, 0, 1, null, null, 8, 0);
INSERT INTO gzx.t_cbs_order_log (id, action_desc, button_id, create_time, creator, operator_time, order_id, order_product_id, state, update_time, updator, user_id, format_info_id) VALUES (100, null, 80, '2019-03-27 03:18:25', 8, '2019-03-27 03:18:25', 54, 0, 1, null, null, 8, 0);
INSERT INTO gzx.t_cbs_order_log (id, action_desc, button_id, create_time, creator, operator_time, order_id, order_product_id, state, update_time, updator, user_id, format_info_id) VALUES (101, null, 80, '2019-03-27 03:21:19', 8, '2019-03-27 03:21:19', 54, 0, 1, null, null, 8, 0);
INSERT INTO gzx.t_cbs_order_log (id, action_desc, button_id, create_time, creator, operator_time, order_id, order_product_id, state, update_time, updator, user_id, format_info_id) VALUES (102, null, 80, '2019-03-27 03:32:04', 8, '2019-03-27 03:32:04', 54, 0, 1, null, null, 8, 0);
INSERT INTO gzx.t_cbs_order_log (id, action_desc, button_id, create_time, creator, operator_time, order_id, order_product_id, state, update_time, updator, user_id, format_info_id) VALUES (103, null, 71, '2019-03-27 03:40:48', 13, '2019-03-27 03:40:48', 55, 0, 1, null, null, 13, 0);
INSERT INTO gzx.t_cbs_order_log (id, action_desc, button_id, create_time, creator, operator_time, order_id, order_product_id, state, update_time, updator, user_id, format_info_id) VALUES (104, null, 102, '2019-03-27 03:44:07', 13, '2019-03-27 03:44:07', 55, 0, 1, null, null, 13, 0);
INSERT INTO gzx.t_cbs_order_log (id, action_desc, button_id, create_time, creator, operator_time, order_id, order_product_id, state, update_time, updator, user_id, format_info_id) VALUES (105, null, 103, '2019-03-27 03:44:28', 13, '2019-03-27 03:44:28', 55, 0, 1, null, null, 13, 0);
INSERT INTO gzx.t_cbs_order_log (id, action_desc, button_id, create_time, creator, operator_time, order_id, order_product_id, state, update_time, updator, user_id, format_info_id) VALUES (106, null, 101, '2019-03-27 03:44:35', 13, '2019-03-27 03:44:35', 55, 0, 1, null, null, 13, 0);
INSERT INTO gzx.t_cbs_order_log (id, action_desc, button_id, create_time, creator, operator_time, order_id, order_product_id, state, update_time, updator, user_id, format_info_id) VALUES (107, null, 72, '2019-03-27 03:44:38', 13, '2019-03-27 03:44:38', 55, 0, 1, null, null, 13, 0);
INSERT INTO gzx.t_cbs_order_log (id, action_desc, button_id, create_time, creator, operator_time, order_id, order_product_id, state, update_time, updator, user_id, format_info_id) VALUES (108, null, 101, '2019-03-27 03:44:59', 14, '2019-03-27 03:44:59', 55, 0, 1, null, null, 14, 0);
INSERT INTO gzx.t_cbs_order_log (id, action_desc, button_id, create_time, creator, operator_time, order_id, order_product_id, state, update_time, updator, user_id, format_info_id) VALUES (109, null, 74, '2019-03-27 03:45:28', 14, '2019-03-27 03:45:28', 55, 0, 1, null, null, 14, 0);
INSERT INTO gzx.t_cbs_order_log (id, action_desc, button_id, create_time, creator, operator_time, order_id, order_product_id, state, update_time, updator, user_id, format_info_id) VALUES (110, null, 72, '2019-03-27 03:46:25', 13, '2019-03-27 03:46:25', 55, 0, 1, null, null, 13, 0);
INSERT INTO gzx.t_cbs_order_log (id, action_desc, button_id, create_time, creator, operator_time, order_id, order_product_id, state, update_time, updator, user_id, format_info_id) VALUES (111, null, 80, '2019-03-27 03:48:18', 8, '2019-03-27 03:48:18', 55, 0, 1, null, null, 8, 0);
INSERT INTO gzx.t_cbs_order_log (id, action_desc, button_id, create_time, creator, operator_time, order_id, order_product_id, state, update_time, updator, user_id, format_info_id) VALUES (112, null, 101, '2019-03-27 04:01:54', 10, '2019-03-27 04:01:54', 55, 0, 1, null, null, 10, 0);
INSERT INTO gzx.t_cbs_order_log (id, action_desc, button_id, create_time, creator, operator_time, order_id, order_product_id, state, update_time, updator, user_id, format_info_id) VALUES (113, null, 84, '2019-03-27 04:42:11', 10, '2019-03-27 04:42:11', 55, 0, 1, null, null, 10, 0);
INSERT INTO gzx.t_cbs_order_log (id, action_desc, button_id, create_time, creator, operator_time, order_id, order_product_id, state, update_time, updator, user_id, format_info_id) VALUES (114, null, 85, '2019-03-27 04:42:45', 9, '2019-03-27 04:42:45', 55, 0, 1, null, null, 9, 0);
INSERT INTO gzx.t_cbs_order_log (id, action_desc, button_id, create_time, creator, operator_time, order_id, order_product_id, state, update_time, updator, user_id, format_info_id) VALUES (115, null, 89, '2019-03-27 04:42:53', 9, '2019-03-27 04:42:53', 55, 0, 1, null, null, 9, 0);
INSERT INTO gzx.t_cbs_order_log (id, action_desc, button_id, create_time, creator, operator_time, order_id, order_product_id, state, update_time, updator, user_id, format_info_id) VALUES (116, null, 89, '2019-03-27 05:01:21', 9, '2019-03-27 05:01:21', 55, 0, 1, null, null, 9, 0);
INSERT INTO gzx.t_cbs_order_log (id, action_desc, button_id, create_time, creator, operator_time, order_id, order_product_id, state, update_time, updator, user_id, format_info_id) VALUES (117, null, 89, '2019-03-27 06:27:19', 9, '2019-03-27 06:27:19', 55, 0, 1, null, null, 9, 0);
INSERT INTO gzx.t_cbs_order_log (id, action_desc, button_id, create_time, creator, operator_time, order_id, order_product_id, state, update_time, updator, user_id, format_info_id) VALUES (118, null, 89, '2019-03-27 06:29:52', 9, '2019-03-27 06:29:52', 55, 0, 1, null, null, 9, 0);
INSERT INTO gzx.t_cbs_order_log (id, action_desc, button_id, create_time, creator, operator_time, order_id, order_product_id, state, update_time, updator, user_id, format_info_id) VALUES (119, null, 89, '2019-03-27 06:43:12', 9, '2019-03-27 06:43:12', 55, 0, 1, null, null, 9, 0);
INSERT INTO gzx.t_cbs_order_log (id, action_desc, button_id, create_time, creator, operator_time, order_id, order_product_id, state, update_time, updator, user_id, format_info_id) VALUES (120, null, 89, '2019-03-27 07:00:03', 9, '2019-03-27 07:00:03', 55, 0, 1, null, null, 9, 0);
INSERT INTO gzx.t_cbs_order_log (id, action_desc, button_id, create_time, creator, operator_time, order_id, order_product_id, state, update_time, updator, user_id, format_info_id) VALUES (121, null, 89, '2019-03-27 07:01:19', 9, '2019-03-27 07:01:19', 55, 0, 1, null, null, 9, 0);
INSERT INTO gzx.t_cbs_order_log (id, action_desc, button_id, create_time, creator, operator_time, order_id, order_product_id, state, update_time, updator, user_id, format_info_id) VALUES (122, null, 89, '2019-03-27 07:03:07', 9, '2019-03-27 07:03:07', 55, 0, 1, null, null, 9, 0);
INSERT INTO gzx.t_cbs_order_log (id, action_desc, button_id, create_time, creator, operator_time, order_id, order_product_id, state, update_time, updator, user_id, format_info_id) VALUES (123, null, 89, '2019-03-27 07:04:06', 9, '2019-03-27 07:04:06', 55, 0, 1, null, null, 9, 0);
INSERT INTO gzx.t_cbs_order_log (id, action_desc, button_id, create_time, creator, operator_time, order_id, order_product_id, state, update_time, updator, user_id, format_info_id) VALUES (124, null, 89, '2019-03-27 07:04:54', 9, '2019-03-27 07:04:54', 55, 0, 1, null, null, 9, 0);
INSERT INTO gzx.t_cbs_order_log (id, action_desc, button_id, create_time, creator, operator_time, order_id, order_product_id, state, update_time, updator, user_id, format_info_id) VALUES (125, null, 89, '2019-03-27 07:08:29', 9, '2019-03-27 07:08:29', 55, 0, 1, null, null, 9, 0);
INSERT INTO gzx.t_cbs_order_log (id, action_desc, button_id, create_time, creator, operator_time, order_id, order_product_id, state, update_time, updator, user_id, format_info_id) VALUES (126, null, 90, '2019-03-27 07:11:45', 10, '2019-03-27 07:11:45', 55, 0, 1, null, null, 10, 0);
INSERT INTO gzx.t_cbs_order_log (id, action_desc, button_id, create_time, creator, operator_time, order_id, order_product_id, state, update_time, updator, user_id, format_info_id) VALUES (127, null, 92, '2019-03-27 07:13:06', 7, '2019-03-27 07:13:06', 55, 0, 1, null, null, 7, 0);
INSERT INTO gzx.t_cbs_order_log (id, action_desc, button_id, create_time, creator, operator_time, order_id, order_product_id, state, update_time, updator, user_id, format_info_id) VALUES (128, null, 94, '2019-03-27 07:13:43', 10, '2019-03-27 07:13:43', 55, 0, 1, null, null, 10, 0);
INSERT INTO gzx.t_cbs_order_log (id, action_desc, button_id, create_time, creator, operator_time, order_id, order_product_id, state, update_time, updator, user_id, format_info_id) VALUES (129, null, 95, '2019-03-27 07:14:04', 10, '2019-03-27 07:14:04', 55, 0, 1, null, null, 10, 0);
INSERT INTO gzx.t_cbs_order_log (id, action_desc, button_id, create_time, creator, operator_time, order_id, order_product_id, state, update_time, updator, user_id, format_info_id) VALUES (130, null, 96, '2019-03-27 07:14:20', 9, '2019-03-27 07:14:20', 55, 0, 1, null, null, 9, 0);
INSERT INTO gzx.t_cbs_order_log (id, action_desc, button_id, create_time, creator, operator_time, order_id, order_product_id, state, update_time, updator, user_id, format_info_id) VALUES (131, null, 97, '2019-03-27 07:14:23', 9, '2019-03-27 07:14:23', 55, 0, 1, null, null, 9, 0);
INSERT INTO gzx.t_cbs_order_log (id, action_desc, button_id, create_time, creator, operator_time, order_id, order_product_id, state, update_time, updator, user_id, format_info_id) VALUES (132, null, 98, '2019-03-27 07:14:52', 10, '2019-03-27 07:14:52', 55, 0, 1, null, null, 10, 0);
INSERT INTO gzx.t_cbs_order_log (id, action_desc, button_id, create_time, creator, operator_time, order_id, order_product_id, state, update_time, updator, user_id, format_info_id) VALUES (133, null, 99, '2019-03-27 07:15:25', 9, '2019-03-27 07:15:25', 55, 0, 1, null, null, 9, 0);
INSERT INTO gzx.t_cbs_order_log (id, action_desc, button_id, create_time, creator, operator_time, order_id, order_product_id, state, update_time, updator, user_id, format_info_id) VALUES (134, null, 100, '2019-03-27 07:15:40', 14, '2019-03-27 07:15:40', 55, 0, 1, null, null, 14, 0);
INSERT INTO gzx.t_cbs_order_log (id, action_desc, button_id, create_time, creator, operator_time, order_id, order_product_id, state, update_time, updator, user_id, format_info_id) VALUES (135, null, 99, '2019-03-27 07:25:03', 9, '2019-03-27 07:25:03', 55, 0, 1, null, null, 9, 0);
INSERT INTO gzx.t_cbs_order_log (id, action_desc, button_id, create_time, creator, operator_time, order_id, order_product_id, state, update_time, updator, user_id, format_info_id) VALUES (136, null, 100, '2019-03-27 07:26:01', 14, '2019-03-27 07:26:01', 55, 0, 1, null, null, 14, 0);
INSERT INTO gzx.t_cbs_order_log (id, action_desc, button_id, create_time, creator, operator_time, order_id, order_product_id, state, update_time, updator, user_id, format_info_id) VALUES (137, null, 100, '2019-03-27 07:39:43', 14, '2019-03-27 07:39:43', 55, 0, 1, null, null, 14, 0);
INSERT INTO gzx.t_cbs_order_log (id, action_desc, button_id, create_time, creator, operator_time, order_id, order_product_id, state, update_time, updator, user_id, format_info_id) VALUES (139, null, 71, '2019-03-28 06:45:33', 13, '2019-03-28 06:45:33', 56, 0, 1, null, null, 13, 0);
INSERT INTO gzx.t_cbs_order_log (id, action_desc, button_id, create_time, creator, operator_time, order_id, order_product_id, state, update_time, updator, user_id, format_info_id) VALUES (140, null, 71, '2019-03-28 06:50:10', 15, '2019-03-28 06:50:10', 57, 0, 1, null, null, 15, 0);
INSERT INTO gzx.t_cbs_order_log (id, action_desc, button_id, create_time, creator, operator_time, order_id, order_product_id, state, update_time, updator, user_id, format_info_id) VALUES (141, null, 71, '2019-03-28 07:15:11', 16, '2019-03-28 07:15:11', 58, 0, 1, null, null, 16, 0);
INSERT INTO gzx.t_cbs_order_log (id, action_desc, button_id, create_time, creator, operator_time, order_id, order_product_id, state, update_time, updator, user_id, format_info_id) VALUES (142, null, 102, '2019-03-28 07:21:20', 16, '2019-03-28 07:21:20', 58, 0, 1, null, null, 16, 0);
INSERT INTO gzx.t_cbs_order_log (id, action_desc, button_id, create_time, creator, operator_time, order_id, order_product_id, state, update_time, updator, user_id, format_info_id) VALUES (143, null, 103, '2019-03-28 07:21:42', 16, '2019-03-28 07:21:42', 58, 0, 1, null, null, 16, 0);
INSERT INTO gzx.t_cbs_order_log (id, action_desc, button_id, create_time, creator, operator_time, order_id, order_product_id, state, update_time, updator, user_id, format_info_id) VALUES (144, null, 72, '2019-03-28 07:21:57', 16, '2019-03-28 07:21:57', 58, 0, 1, null, null, 16, 0);
INSERT INTO gzx.t_cbs_order_log (id, action_desc, button_id, create_time, creator, operator_time, order_id, order_product_id, state, update_time, updator, user_id, format_info_id) VALUES (145, null, 74, '2019-03-28 07:23:11', 14, '2019-03-28 07:23:11', 58, 0, 1, null, null, 14, 0);
INSERT INTO gzx.t_cbs_order_log (id, action_desc, button_id, create_time, creator, operator_time, order_id, order_product_id, state, update_time, updator, user_id, format_info_id) VALUES (146, null, 101, '2019-03-28 07:23:42', 16, '2019-03-28 07:23:42', 58, 0, 1, null, null, 16, 0);
INSERT INTO gzx.t_cbs_order_log (id, action_desc, button_id, create_time, creator, operator_time, order_id, order_product_id, state, update_time, updator, user_id, format_info_id) VALUES (147, null, 72, '2019-03-28 07:23:47', 16, '2019-03-28 07:23:47', 58, 0, 1, null, null, 16, 0);
INSERT INTO gzx.t_cbs_order_log (id, action_desc, button_id, create_time, creator, operator_time, order_id, order_product_id, state, update_time, updator, user_id, format_info_id) VALUES (148, null, 80, '2019-03-28 07:24:18', 8, '2019-03-28 07:24:18', 58, 0, 1, null, null, 8, 0);
INSERT INTO gzx.t_cbs_order_log (id, action_desc, button_id, create_time, creator, operator_time, order_id, order_product_id, state, update_time, updator, user_id, format_info_id) VALUES (149, null, 84, '2019-03-28 07:28:50', 10, '2019-03-28 07:28:50', 58, 0, 1, null, null, 10, 0);
INSERT INTO gzx.t_cbs_order_log (id, action_desc, button_id, create_time, creator, operator_time, order_id, order_product_id, state, update_time, updator, user_id, format_info_id) VALUES (150, null, 85, '2019-03-28 07:29:07', 9, '2019-03-28 07:29:07', 58, 0, 1, null, null, 9, 0);
INSERT INTO gzx.t_cbs_order_log (id, action_desc, button_id, create_time, creator, operator_time, order_id, order_product_id, state, update_time, updator, user_id, format_info_id) VALUES (151, null, 89, '2019-03-28 07:29:20', 9, '2019-03-28 07:29:20', 58, 0, 1, null, null, 9, 0);
INSERT INTO gzx.t_cbs_order_log (id, action_desc, button_id, create_time, creator, operator_time, order_id, order_product_id, state, update_time, updator, user_id, format_info_id) VALUES (152, null, 71, '2019-03-28 08:01:59', 16, '2019-03-28 08:01:59', 59, 0, 1, null, null, 16, 0);
INSERT INTO gzx.t_cbs_order_log (id, action_desc, button_id, create_time, creator, operator_time, order_id, order_product_id, state, update_time, updator, user_id, format_info_id) VALUES (153, null, 102, '2019-03-28 08:02:40', 16, '2019-03-28 08:02:40', 59, 0, 1, null, null, 16, 0);
INSERT INTO gzx.t_cbs_order_log (id, action_desc, button_id, create_time, creator, operator_time, order_id, order_product_id, state, update_time, updator, user_id, format_info_id) VALUES (154, null, 103, '2019-03-28 08:02:52', 16, '2019-03-28 08:02:52', 59, 0, 1, null, null, 16, 0);
INSERT INTO gzx.t_cbs_order_log (id, action_desc, button_id, create_time, creator, operator_time, order_id, order_product_id, state, update_time, updator, user_id, format_info_id) VALUES (155, null, 101, '2019-03-28 08:03:00', 16, '2019-03-28 08:03:00', 59, 0, 1, null, null, 16, 0);
INSERT INTO gzx.t_cbs_order_log (id, action_desc, button_id, create_time, creator, operator_time, order_id, order_product_id, state, update_time, updator, user_id, format_info_id) VALUES (156, null, 72, '2019-03-28 08:03:07', 16, '2019-03-28 08:03:07', 59, 0, 1, null, null, 16, 0);
INSERT INTO gzx.t_cbs_order_log (id, action_desc, button_id, create_time, creator, operator_time, order_id, order_product_id, state, update_time, updator, user_id, format_info_id) VALUES (157, null, 74, '2019-03-28 08:05:04', 14, '2019-03-28 08:05:04', 59, 0, 1, null, null, 14, 0);
INSERT INTO gzx.t_cbs_order_log (id, action_desc, button_id, create_time, creator, operator_time, order_id, order_product_id, state, update_time, updator, user_id, format_info_id) VALUES (158, null, 101, '2019-03-28 08:05:32', 16, '2019-03-28 08:05:32', 59, 0, 1, null, null, 16, 0);
INSERT INTO gzx.t_cbs_order_log (id, action_desc, button_id, create_time, creator, operator_time, order_id, order_product_id, state, update_time, updator, user_id, format_info_id) VALUES (159, null, 72, '2019-03-28 08:05:49', 16, '2019-03-28 08:05:49', 59, 0, 1, null, null, 16, 0);
INSERT INTO gzx.t_cbs_order_log (id, action_desc, button_id, create_time, creator, operator_time, order_id, order_product_id, state, update_time, updator, user_id, format_info_id) VALUES (160, null, 80, '2019-03-28 08:06:04', 8, '2019-03-28 08:06:04', 59, 0, 1, null, null, 8, 0);
INSERT INTO gzx.t_cbs_order_log (id, action_desc, button_id, create_time, creator, operator_time, order_id, order_product_id, state, update_time, updator, user_id, format_info_id) VALUES (161, null, 84, '2019-03-28 08:07:28', 10, '2019-03-28 08:07:28', 59, 0, 1, null, null, 10, 0);
INSERT INTO gzx.t_cbs_order_log (id, action_desc, button_id, create_time, creator, operator_time, order_id, order_product_id, state, update_time, updator, user_id, format_info_id) VALUES (162, null, 85, '2019-03-28 08:07:43', 9, '2019-03-28 08:07:43', 59, 0, 1, null, null, 9, 0);
INSERT INTO gzx.t_cbs_order_log (id, action_desc, button_id, create_time, creator, operator_time, order_id, order_product_id, state, update_time, updator, user_id, format_info_id) VALUES (163, null, 89, '2019-03-28 08:08:03', 9, '2019-03-28 08:08:03', 59, 0, 1, null, null, 9, 0);
INSERT INTO gzx.t_cbs_order_log (id, action_desc, button_id, create_time, creator, operator_time, order_id, order_product_id, state, update_time, updator, user_id, format_info_id) VALUES (164, null, 90, '2019-03-28 08:09:19', 10, '2019-03-28 08:09:19', 59, 0, 1, null, null, 10, 0);
INSERT INTO gzx.t_cbs_order_log (id, action_desc, button_id, create_time, creator, operator_time, order_id, order_product_id, state, update_time, updator, user_id, format_info_id) VALUES (165, null, 92, '2019-03-28 08:09:51', 7, '2019-03-28 08:09:51', 59, 0, 1, null, null, 7, 0);
INSERT INTO gzx.t_cbs_order_log (id, action_desc, button_id, create_time, creator, operator_time, order_id, order_product_id, state, update_time, updator, user_id, format_info_id) VALUES (166, null, 94, '2019-03-28 08:10:47', 10, '2019-03-28 08:10:47', 59, 0, 1, null, null, 10, 0);
INSERT INTO gzx.t_cbs_order_log (id, action_desc, button_id, create_time, creator, operator_time, order_id, order_product_id, state, update_time, updator, user_id, format_info_id) VALUES (167, null, 95, '2019-03-28 08:10:49', 10, '2019-03-28 08:10:49', 59, 0, 1, null, null, 10, 0);
INSERT INTO gzx.t_cbs_order_log (id, action_desc, button_id, create_time, creator, operator_time, order_id, order_product_id, state, update_time, updator, user_id, format_info_id) VALUES (168, null, 96, '2019-03-28 08:11:07', 9, '2019-03-28 08:11:07', 59, 0, 1, null, null, 9, 0);
INSERT INTO gzx.t_cbs_order_log (id, action_desc, button_id, create_time, creator, operator_time, order_id, order_product_id, state, update_time, updator, user_id, format_info_id) VALUES (169, null, 97, '2019-03-28 08:11:10', 9, '2019-03-28 08:11:10', 59, 0, 1, null, null, 9, 0);
INSERT INTO gzx.t_cbs_order_log (id, action_desc, button_id, create_time, creator, operator_time, order_id, order_product_id, state, update_time, updator, user_id, format_info_id) VALUES (170, null, 98, '2019-03-28 08:11:37', 10, '2019-03-28 08:11:37', 59, 0, 1, null, null, 10, 0);
INSERT INTO gzx.t_cbs_order_log (id, action_desc, button_id, create_time, creator, operator_time, order_id, order_product_id, state, update_time, updator, user_id, format_info_id) VALUES (171, null, 99, '2019-03-28 08:11:51', 9, '2019-03-28 08:11:51', 59, 0, 1, null, null, 9, 0);
INSERT INTO gzx.t_cbs_order_log (id, action_desc, button_id, create_time, creator, operator_time, order_id, order_product_id, state, update_time, updator, user_id, format_info_id) VALUES (172, null, 100, '2019-03-28 08:12:05', 14, '2019-03-28 08:12:05', 59, 0, 1, null, null, 14, 0);
INSERT INTO gzx.t_cbs_order_log (id, action_desc, button_id, create_time, creator, operator_time, order_id, order_product_id, state, update_time, updator, user_id, format_info_id) VALUES (173, null, 71, '2019-03-28 09:35:14', 16, '2019-03-28 09:35:14', 60, 0, 1, null, null, 16, 0);
INSERT INTO gzx.t_cbs_order_log (id, action_desc, button_id, create_time, creator, operator_time, order_id, order_product_id, state, update_time, updator, user_id, format_info_id) VALUES (174, null, 102, '2019-03-28 09:36:54', 16, '2019-03-28 09:36:54', 60, 0, 1, null, null, 16, 0);
INSERT INTO gzx.t_cbs_order_log (id, action_desc, button_id, create_time, creator, operator_time, order_id, order_product_id, state, update_time, updator, user_id, format_info_id) VALUES (175, null, 103, '2019-03-28 09:37:05', 16, '2019-03-28 09:37:05', 60, 0, 1, null, null, 16, 0);
INSERT INTO gzx.t_cbs_order_log (id, action_desc, button_id, create_time, creator, operator_time, order_id, order_product_id, state, update_time, updator, user_id, format_info_id) VALUES (176, null, 72, '2019-03-28 09:38:08', 16, '2019-03-28 09:38:08', 60, 0, 1, null, null, 16, 0);
INSERT INTO gzx.t_cbs_order_log (id, action_desc, button_id, create_time, creator, operator_time, order_id, order_product_id, state, update_time, updator, user_id, format_info_id) VALUES (177, null, 74, '2019-03-28 09:38:43', 14, '2019-03-28 09:38:43', 60, 0, 1, null, null, 14, 0);
INSERT INTO gzx.t_cbs_order_log (id, action_desc, button_id, create_time, creator, operator_time, order_id, order_product_id, state, update_time, updator, user_id, format_info_id) VALUES (178, null, 101, '2019-03-28 09:39:19', 16, '2019-03-28 09:39:19', 60, 0, 1, null, null, 16, 0);
INSERT INTO gzx.t_cbs_order_log (id, action_desc, button_id, create_time, creator, operator_time, order_id, order_product_id, state, update_time, updator, user_id, format_info_id) VALUES (179, null, 72, '2019-03-28 09:39:20', 16, '2019-03-28 09:39:20', 60, 0, 1, null, null, 16, 0);
INSERT INTO gzx.t_cbs_order_log (id, action_desc, button_id, create_time, creator, operator_time, order_id, order_product_id, state, update_time, updator, user_id, format_info_id) VALUES (180, null, 80, '2019-03-28 09:39:43', 8, '2019-03-28 09:39:43', 60, 0, 1, null, null, 8, 0);
INSERT INTO gzx.t_cbs_order_log (id, action_desc, button_id, create_time, creator, operator_time, order_id, order_product_id, state, update_time, updator, user_id, format_info_id) VALUES (181, null, 84, '2019-03-28 09:40:25', 10, '2019-03-28 09:40:25', 60, 0, 1, null, null, 10, 0);
INSERT INTO gzx.t_cbs_order_log (id, action_desc, button_id, create_time, creator, operator_time, order_id, order_product_id, state, update_time, updator, user_id, format_info_id) VALUES (182, null, 85, '2019-03-28 09:40:48', 9, '2019-03-28 09:40:48', 60, 0, 1, null, null, 9, 0);
INSERT INTO gzx.t_cbs_order_log (id, action_desc, button_id, create_time, creator, operator_time, order_id, order_product_id, state, update_time, updator, user_id, format_info_id) VALUES (183, null, 89, '2019-03-28 09:40:52', 9, '2019-03-28 09:40:52', 60, 0, 1, null, null, 9, 0);
INSERT INTO gzx.t_cbs_order_log (id, action_desc, button_id, create_time, creator, operator_time, order_id, order_product_id, state, update_time, updator, user_id, format_info_id) VALUES (184, null, 90, '2019-03-28 09:43:13', 10, '2019-03-28 09:43:13', 60, 0, 1, null, null, 10, 0);
INSERT INTO gzx.t_cbs_order_log (id, action_desc, button_id, create_time, creator, operator_time, order_id, order_product_id, state, update_time, updator, user_id, format_info_id) VALUES (185, null, 92, '2019-03-28 09:43:27', 7, '2019-03-28 09:43:27', 60, 0, 1, null, null, 7, 0);
INSERT INTO gzx.t_cbs_order_log (id, action_desc, button_id, create_time, creator, operator_time, order_id, order_product_id, state, update_time, updator, user_id, format_info_id) VALUES (186, null, 94, '2019-03-28 09:44:04', 10, '2019-03-28 09:44:04', 60, 0, 1, null, null, 10, 0);
INSERT INTO gzx.t_cbs_order_log (id, action_desc, button_id, create_time, creator, operator_time, order_id, order_product_id, state, update_time, updator, user_id, format_info_id) VALUES (187, null, 95, '2019-03-28 09:44:05', 10, '2019-03-28 09:44:05', 60, 0, 1, null, null, 10, 0);
INSERT INTO gzx.t_cbs_order_log (id, action_desc, button_id, create_time, creator, operator_time, order_id, order_product_id, state, update_time, updator, user_id, format_info_id) VALUES (188, null, 96, '2019-03-28 09:44:19', 9, '2019-03-28 09:44:19', 60, 0, 1, null, null, 9, 0);
INSERT INTO gzx.t_cbs_order_log (id, action_desc, button_id, create_time, creator, operator_time, order_id, order_product_id, state, update_time, updator, user_id, format_info_id) VALUES (189, null, 97, '2019-03-28 09:44:20', 9, '2019-03-28 09:44:20', 60, 0, 1, null, null, 9, 0);
INSERT INTO gzx.t_cbs_order_log (id, action_desc, button_id, create_time, creator, operator_time, order_id, order_product_id, state, update_time, updator, user_id, format_info_id) VALUES (190, null, 98, '2019-03-28 09:44:47', 10, '2019-03-28 09:44:47', 60, 0, 1, null, null, 10, 0);
INSERT INTO gzx.t_cbs_order_log (id, action_desc, button_id, create_time, creator, operator_time, order_id, order_product_id, state, update_time, updator, user_id, format_info_id) VALUES (191, null, 99, '2019-03-28 09:45:08', 9, '2019-03-28 09:45:08', 60, 0, 1, null, null, 9, 0);
INSERT INTO gzx.t_cbs_order_log (id, action_desc, button_id, create_time, creator, operator_time, order_id, order_product_id, state, update_time, updator, user_id, format_info_id) VALUES (192, null, 100, '2019-03-28 09:45:22', 14, '2019-03-28 09:45:22', 60, 0, 1, null, null, 14, 0);
INSERT INTO gzx.t_cbs_order_log (id, action_desc, button_id, create_time, creator, operator_time, order_id, order_product_id, state, update_time, updator, user_id, format_info_id) VALUES (193, null, 71, '2019-03-28 20:30:24', 16, '2019-03-28 20:30:24', 61, 0, 1, null, null, 16, 0);
INSERT INTO gzx.t_cbs_order_log (id, action_desc, button_id, create_time, creator, operator_time, order_id, order_product_id, state, update_time, updator, user_id, format_info_id) VALUES (194, null, 102, '2019-03-28 20:31:18', 16, '2019-03-28 20:31:18', 61, 0, 1, null, null, 16, 0);
INSERT INTO gzx.t_cbs_order_log (id, action_desc, button_id, create_time, creator, operator_time, order_id, order_product_id, state, update_time, updator, user_id, format_info_id) VALUES (195, null, 103, '2019-03-28 20:31:30', 16, '2019-03-28 20:31:30', 61, 0, 1, null, null, 16, 0);
INSERT INTO gzx.t_cbs_order_log (id, action_desc, button_id, create_time, creator, operator_time, order_id, order_product_id, state, update_time, updator, user_id, format_info_id) VALUES (196, null, 101, '2019-03-28 20:31:42', 16, '2019-03-28 20:31:42', 61, 0, 1, null, null, 16, 0);
INSERT INTO gzx.t_cbs_order_log (id, action_desc, button_id, create_time, creator, operator_time, order_id, order_product_id, state, update_time, updator, user_id, format_info_id) VALUES (197, null, 72, '2019-03-28 20:32:08', 16, '2019-03-28 20:32:08', 61, 0, 1, null, null, 16, 0);
INSERT INTO gzx.t_cbs_order_log (id, action_desc, button_id, create_time, creator, operator_time, order_id, order_product_id, state, update_time, updator, user_id, format_info_id) VALUES (198, null, 74, '2019-03-28 20:32:22', 14, '2019-03-28 20:32:22', 61, 0, 1, null, null, 14, 0);
INSERT INTO gzx.t_cbs_order_log (id, action_desc, button_id, create_time, creator, operator_time, order_id, order_product_id, state, update_time, updator, user_id, format_info_id) VALUES (199, null, 72, '2019-03-28 20:33:12', 16, '2019-03-28 20:33:12', 61, 0, 1, null, null, 16, 0);
INSERT INTO gzx.t_cbs_order_log (id, action_desc, button_id, create_time, creator, operator_time, order_id, order_product_id, state, update_time, updator, user_id, format_info_id) VALUES (200, null, 80, '2019-03-28 20:33:27', 8, '2019-03-28 20:33:27', 61, 0, 1, null, null, 8, 0);
INSERT INTO gzx.t_cbs_order_log (id, action_desc, button_id, create_time, creator, operator_time, order_id, order_product_id, state, update_time, updator, user_id, format_info_id) VALUES (201, null, 84, '2019-03-28 20:36:05', 10, '2019-03-28 20:36:05', 61, 0, 1, null, null, 10, 0);
INSERT INTO gzx.t_cbs_order_log (id, action_desc, button_id, create_time, creator, operator_time, order_id, order_product_id, state, update_time, updator, user_id, format_info_id) VALUES (202, null, 85, '2019-03-28 20:36:33', 9, '2019-03-28 20:36:33', 61, 0, 1, null, null, 9, 0);
INSERT INTO gzx.t_cbs_order_log (id, action_desc, button_id, create_time, creator, operator_time, order_id, order_product_id, state, update_time, updator, user_id, format_info_id) VALUES (203, null, 89, '2019-03-28 20:36:35', 9, '2019-03-28 20:36:35', 61, 0, 1, null, null, 9, 0);
INSERT INTO gzx.t_cbs_order_log (id, action_desc, button_id, create_time, creator, operator_time, order_id, order_product_id, state, update_time, updator, user_id, format_info_id) VALUES (204, null, 90, '2019-03-28 20:42:27', 10, '2019-03-28 20:42:27', 61, 0, 1, null, null, 10, 0);
INSERT INTO gzx.t_cbs_order_log (id, action_desc, button_id, create_time, creator, operator_time, order_id, order_product_id, state, update_time, updator, user_id, format_info_id) VALUES (205, null, 92, '2019-03-28 20:42:46', 7, '2019-03-28 20:42:46', 61, 0, 1, null, null, 7, 0);
INSERT INTO gzx.t_cbs_order_log (id, action_desc, button_id, create_time, creator, operator_time, order_id, order_product_id, state, update_time, updator, user_id, format_info_id) VALUES (206, null, 94, '2019-03-28 20:43:26', 10, '2019-03-28 20:43:26', 61, 0, 1, null, null, 10, 0);
INSERT INTO gzx.t_cbs_order_log (id, action_desc, button_id, create_time, creator, operator_time, order_id, order_product_id, state, update_time, updator, user_id, format_info_id) VALUES (207, null, 95, '2019-03-28 20:43:27', 10, '2019-03-28 20:43:27', 61, 0, 1, null, null, 10, 0);
INSERT INTO gzx.t_cbs_order_log (id, action_desc, button_id, create_time, creator, operator_time, order_id, order_product_id, state, update_time, updator, user_id, format_info_id) VALUES (208, null, 96, '2019-03-28 20:43:48', 9, '2019-03-28 20:43:48', 61, 0, 1, null, null, 9, 0);
INSERT INTO gzx.t_cbs_order_log (id, action_desc, button_id, create_time, creator, operator_time, order_id, order_product_id, state, update_time, updator, user_id, format_info_id) VALUES (209, null, 97, '2019-03-28 20:43:49', 9, '2019-03-28 20:43:49', 61, 0, 1, null, null, 9, 0);
INSERT INTO gzx.t_cbs_order_log (id, action_desc, button_id, create_time, creator, operator_time, order_id, order_product_id, state, update_time, updator, user_id, format_info_id) VALUES (210, null, 98, '2019-03-28 20:44:13', 10, '2019-03-28 20:44:13', 61, 0, 1, null, null, 10, 0);
INSERT INTO gzx.t_cbs_order_log (id, action_desc, button_id, create_time, creator, operator_time, order_id, order_product_id, state, update_time, updator, user_id, format_info_id) VALUES (211, null, 99, '2019-03-28 20:44:25', 9, '2019-03-28 20:44:25', 61, 0, 1, null, null, 9, 0);
INSERT INTO gzx.t_cbs_order_log (id, action_desc, button_id, create_time, creator, operator_time, order_id, order_product_id, state, update_time, updator, user_id, format_info_id) VALUES (212, null, 100, '2019-03-28 20:46:32', 14, '2019-03-28 20:46:32', 61, 0, 1, null, null, 14, 0);
INSERT INTO gzx.t_cbs_order_log (id, action_desc, button_id, create_time, creator, operator_time, order_id, order_product_id, state, update_time, updator, user_id, format_info_id) VALUES (213, null, 71, '2019-03-28 22:41:09', 16, '2019-03-28 22:41:09', 62, 0, 1, null, null, 16, 0);
INSERT INTO gzx.t_cbs_order_log (id, action_desc, button_id, create_time, creator, operator_time, order_id, order_product_id, state, update_time, updator, user_id, format_info_id) VALUES (214, null, 102, '2019-03-28 22:41:45', 16, '2019-03-28 22:41:45', 62, 0, 1, null, null, 16, 0);
INSERT INTO gzx.t_cbs_order_log (id, action_desc, button_id, create_time, creator, operator_time, order_id, order_product_id, state, update_time, updator, user_id, format_info_id) VALUES (215, null, 103, '2019-03-28 22:41:58', 16, '2019-03-28 22:41:58', 62, 0, 1, null, null, 16, 0);
INSERT INTO gzx.t_cbs_order_log (id, action_desc, button_id, create_time, creator, operator_time, order_id, order_product_id, state, update_time, updator, user_id, format_info_id) VALUES (216, null, 72, '2019-03-28 22:42:02', 16, '2019-03-28 22:42:02', 62, 0, 1, null, null, 16, 0);
INSERT INTO gzx.t_cbs_order_log (id, action_desc, button_id, create_time, creator, operator_time, order_id, order_product_id, state, update_time, updator, user_id, format_info_id) VALUES (217, null, 74, '2019-03-28 22:42:18', 14, '2019-03-28 22:42:18', 62, 0, 1, null, null, 14, 0);
INSERT INTO gzx.t_cbs_order_log (id, action_desc, button_id, create_time, creator, operator_time, order_id, order_product_id, state, update_time, updator, user_id, format_info_id) VALUES (218, null, 101, '2019-03-28 22:42:35', 16, '2019-03-28 22:42:35', 62, 0, 1, null, null, 16, 0);
INSERT INTO gzx.t_cbs_order_log (id, action_desc, button_id, create_time, creator, operator_time, order_id, order_product_id, state, update_time, updator, user_id, format_info_id) VALUES (219, null, 72, '2019-03-28 22:42:37', 16, '2019-03-28 22:42:37', 62, 0, 1, null, null, 16, 0);
INSERT INTO gzx.t_cbs_order_log (id, action_desc, button_id, create_time, creator, operator_time, order_id, order_product_id, state, update_time, updator, user_id, format_info_id) VALUES (220, null, 80, '2019-03-28 22:42:51', 8, '2019-03-28 22:42:51', 62, 0, 1, null, null, 8, 0);
INSERT INTO gzx.t_cbs_order_log (id, action_desc, button_id, create_time, creator, operator_time, order_id, order_product_id, state, update_time, updator, user_id, format_info_id) VALUES (221, null, 84, '2019-03-28 22:43:25', 10, '2019-03-28 22:43:25', 62, 0, 1, null, null, 10, 0);
INSERT INTO gzx.t_cbs_order_log (id, action_desc, button_id, create_time, creator, operator_time, order_id, order_product_id, state, update_time, updator, user_id, format_info_id) VALUES (222, null, 85, '2019-03-28 22:43:41', 9, '2019-03-28 22:43:41', 62, 0, 1, null, null, 9, 0);
INSERT INTO gzx.t_cbs_order_log (id, action_desc, button_id, create_time, creator, operator_time, order_id, order_product_id, state, update_time, updator, user_id, format_info_id) VALUES (223, null, 89, '2019-03-28 22:43:42', 9, '2019-03-28 22:43:42', 62, 0, 1, null, null, 9, 0);
INSERT INTO gzx.t_cbs_order_log (id, action_desc, button_id, create_time, creator, operator_time, order_id, order_product_id, state, update_time, updator, user_id, format_info_id) VALUES (224, null, 90, '2019-03-28 22:49:54', 10, '2019-03-28 22:49:54', 62, 0, 1, null, null, 10, 0);
INSERT INTO gzx.t_cbs_order_log (id, action_desc, button_id, create_time, creator, operator_time, order_id, order_product_id, state, update_time, updator, user_id, format_info_id) VALUES (225, null, 92, '2019-03-28 22:50:13', 7, '2019-03-28 22:50:13', 62, 0, 1, null, null, 7, 0);
INSERT INTO gzx.t_cbs_order_log (id, action_desc, button_id, create_time, creator, operator_time, order_id, order_product_id, state, update_time, updator, user_id, format_info_id) VALUES (226, null, 94, '2019-03-28 22:53:18', 10, '2019-03-28 22:53:18', 62, 0, 1, null, null, 10, 0);
INSERT INTO gzx.t_cbs_order_log (id, action_desc, button_id, create_time, creator, operator_time, order_id, order_product_id, state, update_time, updator, user_id, format_info_id) VALUES (227, null, 95, '2019-03-28 22:53:19', 10, '2019-03-28 22:53:19', 62, 0, 1, null, null, 10, 0);
INSERT INTO gzx.t_cbs_order_log (id, action_desc, button_id, create_time, creator, operator_time, order_id, order_product_id, state, update_time, updator, user_id, format_info_id) VALUES (228, null, 96, '2019-03-28 22:53:30', 9, '2019-03-28 22:53:30', 62, 0, 1, null, null, 9, 0);
INSERT INTO gzx.t_cbs_order_log (id, action_desc, button_id, create_time, creator, operator_time, order_id, order_product_id, state, update_time, updator, user_id, format_info_id) VALUES (229, null, 97, '2019-03-28 22:53:32', 9, '2019-03-28 22:53:32', 62, 0, 1, null, null, 9, 0);
INSERT INTO gzx.t_cbs_order_log (id, action_desc, button_id, create_time, creator, operator_time, order_id, order_product_id, state, update_time, updator, user_id, format_info_id) VALUES (230, null, 98, '2019-03-28 22:53:50', 10, '2019-03-28 22:53:50', 62, 0, 1, null, null, 10, 0);
INSERT INTO gzx.t_cbs_order_log (id, action_desc, button_id, create_time, creator, operator_time, order_id, order_product_id, state, update_time, updator, user_id, format_info_id) VALUES (231, null, 99, '2019-03-28 22:54:09', 9, '2019-03-28 22:54:09', 62, 0, 1, null, null, 9, 0);
INSERT INTO gzx.t_cbs_order_log (id, action_desc, button_id, create_time, creator, operator_time, order_id, order_product_id, state, update_time, updator, user_id, format_info_id) VALUES (232, null, 100, '2019-03-28 22:56:36', 14, '2019-03-28 22:56:36', 62, 0, 1, null, null, 14, 0);
INSERT INTO gzx.t_cbs_order_log (id, action_desc, button_id, create_time, creator, operator_time, order_id, order_product_id, state, update_time, updator, user_id, format_info_id) VALUES (233, null, 71, '2019-04-02 02:06:47', 16, '2019-04-02 02:06:47', 63, 0, 1, null, null, 16, 0);
INSERT INTO gzx.t_cbs_order_log (id, action_desc, button_id, create_time, creator, operator_time, order_id, order_product_id, state, update_time, updator, user_id, format_info_id) VALUES (234, null, 101, '2019-04-02 02:07:02', 16, '2019-04-02 02:07:02', 63, 0, 1, null, null, 16, 0);
INSERT INTO gzx.t_cbs_order_log (id, action_desc, button_id, create_time, creator, operator_time, order_id, order_product_id, state, update_time, updator, user_id, format_info_id) VALUES (235, null, 72, '2019-04-02 02:07:15', 16, '2019-04-02 02:07:15', 63, 0, 1, null, null, 16, 0);
INSERT INTO gzx.t_cbs_order_log (id, action_desc, button_id, create_time, creator, operator_time, order_id, order_product_id, state, update_time, updator, user_id, format_info_id) VALUES (236, null, 74, '2019-04-02 02:07:39', 14, '2019-04-02 02:07:39', 63, 0, 1, null, null, 14, 0);
INSERT INTO gzx.t_cbs_order_log (id, action_desc, button_id, create_time, creator, operator_time, order_id, order_product_id, state, update_time, updator, user_id, format_info_id) VALUES (237, null, 102, '2019-04-02 02:08:36', 16, '2019-04-02 02:08:36', 63, 0, 1, null, null, 16, 0);
INSERT INTO gzx.t_cbs_order_log (id, action_desc, button_id, create_time, creator, operator_time, order_id, order_product_id, state, update_time, updator, user_id, format_info_id) VALUES (238, null, 103, '2019-04-02 02:08:54', 16, '2019-04-02 02:08:54', 63, 0, 1, null, null, 16, 0);
INSERT INTO gzx.t_cbs_order_log (id, action_desc, button_id, create_time, creator, operator_time, order_id, order_product_id, state, update_time, updator, user_id, format_info_id) VALUES (239, null, 72, '2019-04-02 02:09:01', 16, '2019-04-02 02:09:01', 63, 0, 1, null, null, 16, 0);
INSERT INTO gzx.t_cbs_order_log (id, action_desc, button_id, create_time, creator, operator_time, order_id, order_product_id, state, update_time, updator, user_id, format_info_id) VALUES (240, null, 80, '2019-04-02 02:09:26', 8, '2019-04-02 02:09:26', 63, 0, 1, null, null, 8, 0);
INSERT INTO gzx.t_cbs_order_log (id, action_desc, button_id, create_time, creator, operator_time, order_id, order_product_id, state, update_time, updator, user_id, format_info_id) VALUES (241, null, 84, '2019-04-02 02:10:22', 10, '2019-04-02 02:10:22', 63, 0, 1, null, null, 10, 0);
INSERT INTO gzx.t_cbs_order_log (id, action_desc, button_id, create_time, creator, operator_time, order_id, order_product_id, state, update_time, updator, user_id, format_info_id) VALUES (242, null, 85, '2019-04-02 02:10:55', 9, '2019-04-02 02:10:55', 63, 0, 1, null, null, 9, 0);
INSERT INTO gzx.t_cbs_order_log (id, action_desc, button_id, create_time, creator, operator_time, order_id, order_product_id, state, update_time, updator, user_id, format_info_id) VALUES (243, null, 89, '2019-04-02 02:11:01', 9, '2019-04-02 02:11:01', 63, 0, 1, null, null, 9, 0);
INSERT INTO gzx.t_cbs_order_log (id, action_desc, button_id, create_time, creator, operator_time, order_id, order_product_id, state, update_time, updator, user_id, format_info_id) VALUES (244, null, 90, '2019-04-02 02:12:02', 10, '2019-04-02 02:12:02', 63, 0, 1, null, null, 10, 0);
INSERT INTO gzx.t_cbs_order_log (id, action_desc, button_id, create_time, creator, operator_time, order_id, order_product_id, state, update_time, updator, user_id, format_info_id) VALUES (245, null, 92, '2019-04-02 02:12:21', 7, '2019-04-02 02:12:21', 63, 0, 1, null, null, 7, 0);
INSERT INTO gzx.t_cbs_order_log (id, action_desc, button_id, create_time, creator, operator_time, order_id, order_product_id, state, update_time, updator, user_id, format_info_id) VALUES (246, null, 94, '2019-04-02 02:12:55', 10, '2019-04-02 02:12:55', 63, 0, 1, null, null, 10, 0);
INSERT INTO gzx.t_cbs_order_log (id, action_desc, button_id, create_time, creator, operator_time, order_id, order_product_id, state, update_time, updator, user_id, format_info_id) VALUES (247, null, 95, '2019-04-02 02:13:00', 10, '2019-04-02 02:13:00', 63, 0, 1, null, null, 10, 0);
INSERT INTO gzx.t_cbs_order_log (id, action_desc, button_id, create_time, creator, operator_time, order_id, order_product_id, state, update_time, updator, user_id, format_info_id) VALUES (248, null, 96, '2019-04-02 02:13:16', 9, '2019-04-02 02:13:16', 63, 0, 1, null, null, 9, 0);
INSERT INTO gzx.t_cbs_order_log (id, action_desc, button_id, create_time, creator, operator_time, order_id, order_product_id, state, update_time, updator, user_id, format_info_id) VALUES (249, null, 97, '2019-04-02 02:13:20', 9, '2019-04-02 02:13:20', 63, 0, 1, null, null, 9, 0);
INSERT INTO gzx.t_cbs_order_log (id, action_desc, button_id, create_time, creator, operator_time, order_id, order_product_id, state, update_time, updator, user_id, format_info_id) VALUES (250, null, 98, '2019-04-02 02:13:45', 10, '2019-04-02 02:13:45', 63, 0, 1, null, null, 10, 0);
INSERT INTO gzx.t_cbs_order_log (id, action_desc, button_id, create_time, creator, operator_time, order_id, order_product_id, state, update_time, updator, user_id, format_info_id) VALUES (251, null, 99, '2019-04-02 02:14:13', 9, '2019-04-02 02:14:13', 63, 0, 1, null, null, 9, 0);
INSERT INTO gzx.t_cbs_order_log (id, action_desc, button_id, create_time, creator, operator_time, order_id, order_product_id, state, update_time, updator, user_id, format_info_id) VALUES (252, null, 100, '2019-04-02 02:14:24', 14, '2019-04-02 02:14:24', 63, 0, 1, null, null, 14, 0);
INSERT INTO gzx.t_cbs_order_log (id, action_desc, button_id, create_time, creator, operator_time, order_id, order_product_id, state, update_time, updator, user_id, format_info_id) VALUES (253, null, 71, '2019-04-02 04:53:10', 16, '2019-04-02 04:53:10', 64, 0, 1, null, null, 16, 0);
INSERT INTO gzx.t_cbs_order_log (id, action_desc, button_id, create_time, creator, operator_time, order_id, order_product_id, state, update_time, updator, user_id, format_info_id) VALUES (254, null, 72, '2019-04-02 04:53:15', 16, '2019-04-02 04:53:15', 64, 0, 1, null, null, 16, 0);
INSERT INTO gzx.t_cbs_order_log (id, action_desc, button_id, create_time, creator, operator_time, order_id, order_product_id, state, update_time, updator, user_id, format_info_id) VALUES (255, null, 74, '2019-04-02 04:53:35', 14, '2019-04-02 04:53:35', 64, 0, 1, null, null, 14, 0);
INSERT INTO gzx.t_cbs_order_log (id, action_desc, button_id, create_time, creator, operator_time, order_id, order_product_id, state, update_time, updator, user_id, format_info_id) VALUES (256, null, 102, '2019-04-02 04:54:13', 16, '2019-04-02 04:54:13', 64, 0, 1, null, null, 16, 0);
INSERT INTO gzx.t_cbs_order_log (id, action_desc, button_id, create_time, creator, operator_time, order_id, order_product_id, state, update_time, updator, user_id, format_info_id) VALUES (257, null, 72, '2019-04-02 04:54:16', 16, '2019-04-02 04:54:16', 64, 0, 1, null, null, 16, 0);
INSERT INTO gzx.t_cbs_order_log (id, action_desc, button_id, create_time, creator, operator_time, order_id, order_product_id, state, update_time, updator, user_id, format_info_id) VALUES (258, null, 80, '2019-04-02 04:54:34', 8, '2019-04-02 04:54:34', 64, 0, 1, null, null, 8, 0);
INSERT INTO gzx.t_cbs_order_log (id, action_desc, button_id, create_time, creator, operator_time, order_id, order_product_id, state, update_time, updator, user_id, format_info_id) VALUES (259, null, 84, '2019-04-02 04:55:09', 10, '2019-04-02 04:55:09', 64, 0, 1, null, null, 10, 0);
INSERT INTO gzx.t_cbs_order_log (id, action_desc, button_id, create_time, creator, operator_time, order_id, order_product_id, state, update_time, updator, user_id, format_info_id) VALUES (260, null, 85, '2019-04-02 04:55:21', 9, '2019-04-02 04:55:21', 64, 0, 1, null, null, 9, 0);
INSERT INTO gzx.t_cbs_order_log (id, action_desc, button_id, create_time, creator, operator_time, order_id, order_product_id, state, update_time, updator, user_id, format_info_id) VALUES (261, null, 89, '2019-04-02 04:55:33', 9, '2019-04-02 04:55:33', 64, 0, 1, null, null, 9, 0);
INSERT INTO gzx.t_cbs_order_log (id, action_desc, button_id, create_time, creator, operator_time, order_id, order_product_id, state, update_time, updator, user_id, format_info_id) VALUES (262, null, 90, '2019-04-02 04:56:33', 10, '2019-04-02 04:56:33', 64, 0, 1, null, null, 10, 0);
INSERT INTO gzx.t_cbs_order_log (id, action_desc, button_id, create_time, creator, operator_time, order_id, order_product_id, state, update_time, updator, user_id, format_info_id) VALUES (263, null, 92, '2019-04-02 04:56:49', 7, '2019-04-02 04:56:49', 64, 0, 1, null, null, 7, 0);
INSERT INTO gzx.t_cbs_order_log (id, action_desc, button_id, create_time, creator, operator_time, order_id, order_product_id, state, update_time, updator, user_id, format_info_id) VALUES (264, null, 94, '2019-04-02 04:57:29', 10, '2019-04-02 04:57:29', 64, 0, 1, null, null, 10, 0);
INSERT INTO gzx.t_cbs_order_log (id, action_desc, button_id, create_time, creator, operator_time, order_id, order_product_id, state, update_time, updator, user_id, format_info_id) VALUES (265, null, 95, '2019-04-02 04:57:31', 10, '2019-04-02 04:57:31', 64, 0, 1, null, null, 10, 0);
INSERT INTO gzx.t_cbs_order_log (id, action_desc, button_id, create_time, creator, operator_time, order_id, order_product_id, state, update_time, updator, user_id, format_info_id) VALUES (266, null, 96, '2019-04-02 04:57:50', 9, '2019-04-02 04:57:50', 64, 0, 1, null, null, 9, 0);
INSERT INTO gzx.t_cbs_order_log (id, action_desc, button_id, create_time, creator, operator_time, order_id, order_product_id, state, update_time, updator, user_id, format_info_id) VALUES (267, null, 97, '2019-04-02 04:57:51', 9, '2019-04-02 04:57:51', 64, 0, 1, null, null, 9, 0);
INSERT INTO gzx.t_cbs_order_log (id, action_desc, button_id, create_time, creator, operator_time, order_id, order_product_id, state, update_time, updator, user_id, format_info_id) VALUES (268, null, 98, '2019-04-02 04:58:15', 10, '2019-04-02 04:58:15', 64, 0, 1, null, null, 10, 0);
INSERT INTO gzx.t_cbs_order_log (id, action_desc, button_id, create_time, creator, operator_time, order_id, order_product_id, state, update_time, updator, user_id, format_info_id) VALUES (269, null, 99, '2019-04-02 04:58:25', 9, '2019-04-02 04:58:25', 64, 0, 1, null, null, 9, 0);
INSERT INTO gzx.t_cbs_order_log (id, action_desc, button_id, create_time, creator, operator_time, order_id, order_product_id, state, update_time, updator, user_id, format_info_id) VALUES (270, null, 100, '2019-04-02 08:05:20', 14, '2019-04-02 08:05:20', 64, 0, 1, null, null, 14, 0);
INSERT INTO gzx.t_cbs_order_log (id, action_desc, button_id, create_time, creator, operator_time, order_id, order_product_id, state, update_time, updator, user_id, format_info_id) VALUES (271, null, 71, '2019-04-08 08:16:44', 16, '2019-04-08 08:16:44', 65, 0, 1, null, null, 16, 0);
INSERT INTO gzx.t_cbs_order_log (id, action_desc, button_id, create_time, creator, operator_time, order_id, order_product_id, state, update_time, updator, user_id, format_info_id) VALUES (272, null, 101, '2019-04-08 08:17:26', 16, '2019-04-08 08:17:26', 65, 0, 1, null, null, 16, 0);
INSERT INTO gzx.t_cbs_order_log (id, action_desc, button_id, create_time, creator, operator_time, order_id, order_product_id, state, update_time, updator, user_id, format_info_id) VALUES (273, null, 101, '2019-04-08 08:17:37', 16, '2019-04-08 08:17:37', 65, 0, 1, null, null, 16, 0);
INSERT INTO gzx.t_cbs_order_log (id, action_desc, button_id, create_time, creator, operator_time, order_id, order_product_id, state, update_time, updator, user_id, format_info_id) VALUES (274, null, 72, '2019-04-11 15:14:33', 0, '2019-04-11 15:14:33', 67, 0, 1, null, null, 0, 0);
INSERT INTO gzx.t_cbs_order_log (id, action_desc, button_id, create_time, creator, operator_time, order_id, order_product_id, state, update_time, updator, user_id, format_info_id) VALUES (275, null, 72, '2019-04-11 15:14:50', 0, '2019-04-11 15:14:50', 68, 0, 1, null, null, 0, 0);
INSERT INTO gzx.t_cbs_order_log (id, action_desc, button_id, create_time, creator, operator_time, order_id, order_product_id, state, update_time, updator, user_id, format_info_id) VALUES (276, null, 72, '2019-04-11 15:14:50', 0, '2019-04-11 15:14:50', 69, 0, 1, null, null, 0, 0);
INSERT INTO gzx.t_cbs_order_log (id, action_desc, button_id, create_time, creator, operator_time, order_id, order_product_id, state, update_time, updator, user_id, format_info_id) VALUES (277, null, 72, '2019-04-11 15:14:53', 0, '2019-04-11 15:14:53', 70, 0, 1, null, null, 0, 0);
INSERT INTO gzx.t_cbs_order_log (id, action_desc, button_id, create_time, creator, operator_time, order_id, order_product_id, state, update_time, updator, user_id, format_info_id) VALUES (278, null, 72, '2019-04-12 01:20:41', 0, '2019-04-12 01:20:41', 71, 0, 1, null, null, 0, 0);
INSERT INTO gzx.t_cbs_order_log (id, action_desc, button_id, create_time, creator, operator_time, order_id, order_product_id, state, update_time, updator, user_id, format_info_id) VALUES (279, null, 72, '2019-04-12 01:20:41', 0, '2019-04-12 01:20:41', 72, 0, 1, null, null, 0, 0);
INSERT INTO gzx.t_cbs_order_log (id, action_desc, button_id, create_time, creator, operator_time, order_id, order_product_id, state, update_time, updator, user_id, format_info_id) VALUES (280, null, 74, '2019-04-12 01:21:01', 0, '2019-04-12 01:21:01', 71, 0, 1, null, null, 0, 0);
INSERT INTO gzx.t_cbs_order_log (id, action_desc, button_id, create_time, creator, operator_time, order_id, order_product_id, state, update_time, updator, user_id, format_info_id) VALUES (281, null, 74, '2019-04-12 01:21:01', 0, '2019-04-12 01:21:01', 72, 0, 1, null, null, 0, 0);
INSERT INTO gzx.t_cbs_order_log (id, action_desc, button_id, create_time, creator, operator_time, order_id, order_product_id, state, update_time, updator, user_id, format_info_id) VALUES (284, null, 72, '2019-04-12 05:45:16', 0, '2019-04-12 05:45:16', 79, 0, 1, null, null, 0, 0);
INSERT INTO gzx.t_cbs_order_log (id, action_desc, button_id, create_time, creator, operator_time, order_id, order_product_id, state, update_time, updator, user_id, format_info_id) VALUES (285, null, 72, '2019-04-12 05:45:16', 0, '2019-04-12 05:45:16', 80, 0, 1, null, null, 0, 0);
INSERT INTO gzx.t_cbs_order_log (id, action_desc, button_id, create_time, creator, operator_time, order_id, order_product_id, state, update_time, updator, user_id, format_info_id) VALUES (286, null, 74, '2019-04-12 05:47:28', 0, '2019-04-12 05:47:28', 79, 0, 1, null, null, 0, 0);
INSERT INTO gzx.t_cbs_order_log (id, action_desc, button_id, create_time, creator, operator_time, order_id, order_product_id, state, update_time, updator, user_id, format_info_id) VALUES (287, null, 74, '2019-04-12 05:47:28', 0, '2019-04-12 05:47:28', 80, 0, 1, null, null, 0, 0);
INSERT INTO gzx.t_cbs_order_log (id, action_desc, button_id, create_time, creator, operator_time, order_id, order_product_id, state, update_time, updator, user_id, format_info_id) VALUES (288, null, 71, '2019-04-13 16:26:53', 1, '2019-04-13 16:26:53', 81, 0, 1, null, null, 1, 0);
INSERT INTO gzx.t_cbs_order_log (id, action_desc, button_id, create_time, creator, operator_time, order_id, order_product_id, state, update_time, updator, user_id, format_info_id) VALUES (289, null, 71, '2019-04-14 02:02:12', 16, '2019-04-14 02:02:12', 82, 0, 1, null, null, 16, 0);
INSERT INTO gzx.t_cbs_order_log (id, action_desc, button_id, create_time, creator, operator_time, order_id, order_product_id, state, update_time, updator, user_id, format_info_id) VALUES (290, null, 71, '2019-04-14 02:57:32', 16, '2019-04-14 02:57:32', 83, 0, 1, null, null, 16, 0);
INSERT INTO gzx.t_cbs_order_log (id, action_desc, button_id, create_time, creator, operator_time, order_id, order_product_id, state, update_time, updator, user_id, format_info_id) VALUES (291, null, 71, '2019-04-14 03:01:19', 16, '2019-04-14 03:01:19', 84, 0, 1, null, null, 16, 0);
INSERT INTO gzx.t_cbs_order_log (id, action_desc, button_id, create_time, creator, operator_time, order_id, order_product_id, state, update_time, updator, user_id, format_info_id) VALUES (292, null, 71, '2019-04-14 06:07:17', 16, '2019-04-14 06:07:17', 85, 0, 1, null, null, 16, 0);
INSERT INTO gzx.t_cbs_order_log (id, action_desc, button_id, create_time, creator, operator_time, order_id, order_product_id, state, update_time, updator, user_id, format_info_id) VALUES (293, null, 71, '2019-04-15 15:47:44', 16, '2019-04-15 15:47:44', 86, 0, 1, null, null, 16, 0);
INSERT INTO gzx.t_cbs_order_log (id, action_desc, button_id, create_time, creator, operator_time, order_id, order_product_id, state, update_time, updator, user_id, format_info_id) VALUES (294, null, 72, '2019-04-16 03:29:49', 16, '2019-04-16 03:29:49', 86, 0, 1, null, null, 16, 0);
INSERT INTO gzx.t_cbs_order_log (id, action_desc, button_id, create_time, creator, operator_time, order_id, order_product_id, state, update_time, updator, user_id, format_info_id) VALUES (295, null, 74, '2019-04-16 05:56:09', 14, '2019-04-16 05:56:09', 86, 0, 1, null, null, 14, 0);
INSERT INTO gzx.t_cbs_order_log (id, action_desc, button_id, create_time, creator, operator_time, order_id, order_product_id, state, update_time, updator, user_id, format_info_id) VALUES (296, null, 72, '2019-04-16 05:57:03', 16, '2019-04-16 05:57:03', 86, 0, 1, null, null, 16, 0);
INSERT INTO gzx.t_cbs_order_log (id, action_desc, button_id, create_time, creator, operator_time, order_id, order_product_id, state, update_time, updator, user_id, format_info_id) VALUES (297, null, 72, '2019-04-16 05:58:03', 16, '2019-04-16 05:58:03', 85, 0, 1, null, null, 16, 0);
INSERT INTO gzx.t_cbs_order_log (id, action_desc, button_id, create_time, creator, operator_time, order_id, order_product_id, state, update_time, updator, user_id, format_info_id) VALUES (298, null, 101, '2019-04-17 11:36:01', 16, '2019-04-17 11:36:01', 80, 0, 1, null, null, 16, 0);
INSERT INTO gzx.t_cbs_order_log (id, action_desc, button_id, create_time, creator, operator_time, order_id, order_product_id, state, update_time, updator, user_id, format_info_id) VALUES (299, null, 101, '2019-04-17 11:55:45', 16, '2019-04-17 11:55:45', 80, 0, 1, null, null, 16, 0);
INSERT INTO gzx.t_cbs_order_log (id, action_desc, button_id, create_time, creator, operator_time, order_id, order_product_id, state, update_time, updator, user_id, format_info_id) VALUES (300, null, 101, '2019-04-17 12:23:21', 16, '2019-04-17 12:23:21', 80, 0, 1, null, null, 16, 0);
INSERT INTO gzx.t_cbs_order_log (id, action_desc, button_id, create_time, creator, operator_time, order_id, order_product_id, state, update_time, updator, user_id, format_info_id) VALUES (301, null, 101, '2019-04-17 12:23:29', 16, '2019-04-17 12:23:29', 80, 0, 1, null, null, 16, 0);
INSERT INTO gzx.t_cbs_order_log (id, action_desc, button_id, create_time, creator, operator_time, order_id, order_product_id, state, update_time, updator, user_id, format_info_id) VALUES (302, null, 101, '2019-04-17 12:23:40', 16, '2019-04-17 12:23:40', 80, 0, 1, null, null, 16, 0);
INSERT INTO gzx.t_cbs_order_log (id, action_desc, button_id, create_time, creator, operator_time, order_id, order_product_id, state, update_time, updator, user_id, format_info_id) VALUES (303, null, 101, '2019-04-17 12:47:34', 16, '2019-04-17 12:47:34', 80, 0, 1, null, null, 16, 0);
INSERT INTO gzx.t_cbs_order_log (id, action_desc, button_id, create_time, creator, operator_time, order_id, order_product_id, state, update_time, updator, user_id, format_info_id) VALUES (304, null, 101, '2019-04-17 12:47:42', 16, '2019-04-17 12:47:42', 80, 0, 1, null, null, 16, 0);
INSERT INTO gzx.t_cbs_order_log (id, action_desc, button_id, create_time, creator, operator_time, order_id, order_product_id, state, update_time, updator, user_id, format_info_id) VALUES (305, null, 101, '2019-04-17 12:47:48', 16, '2019-04-17 12:47:48', 80, 0, 1, null, null, 16, 0);
INSERT INTO gzx.t_cbs_order_log (id, action_desc, button_id, create_time, creator, operator_time, order_id, order_product_id, state, update_time, updator, user_id, format_info_id) VALUES (306, null, 101, '2019-04-17 13:49:57', 16, '2019-04-17 13:49:57', 80, 0, 1, null, null, 16, 0);
INSERT INTO gzx.t_cbs_order_log (id, action_desc, button_id, create_time, creator, operator_time, order_id, order_product_id, state, update_time, updator, user_id, format_info_id) VALUES (307, null, 101, '2019-04-17 13:50:17', 16, '2019-04-17 13:50:17', 80, 0, 1, null, null, 16, 0);
INSERT INTO gzx.t_cbs_order_log (id, action_desc, button_id, create_time, creator, operator_time, order_id, order_product_id, state, update_time, updator, user_id, format_info_id) VALUES (308, null, 101, '2019-04-17 15:21:00', 16, '2019-04-17 15:21:00', 80, 0, 1, null, null, 16, 0);
INSERT INTO gzx.t_cbs_order_log (id, action_desc, button_id, create_time, creator, operator_time, order_id, order_product_id, state, update_time, updator, user_id, format_info_id) VALUES (309, null, 101, '2019-04-17 15:21:10', 16, '2019-04-17 15:21:10', 80, 0, 1, null, null, 16, 0);
INSERT INTO gzx.t_cbs_order_log (id, action_desc, button_id, create_time, creator, operator_time, order_id, order_product_id, state, update_time, updator, user_id, format_info_id) VALUES (310, null, 101, '2019-04-18 01:04:06', 16, '2019-04-18 01:04:06', 80, 0, 1, null, null, 16, 0);
INSERT INTO gzx.t_cbs_order_log (id, action_desc, button_id, create_time, creator, operator_time, order_id, order_product_id, state, update_time, updator, user_id, format_info_id) VALUES (311, null, 101, '2019-04-18 01:04:18', 16, '2019-04-18 01:04:18', 80, 0, 1, null, null, 16, 0);
INSERT INTO gzx.t_cbs_order_log (id, action_desc, button_id, create_time, creator, operator_time, order_id, order_product_id, state, update_time, updator, user_id, format_info_id) VALUES (312, null, 101, '2019-04-18 01:04:25', 16, '2019-04-18 01:04:25', 80, 0, 1, null, null, 16, 0);
INSERT INTO gzx.t_cbs_order_log (id, action_desc, button_id, create_time, creator, operator_time, order_id, order_product_id, state, update_time, updator, user_id, format_info_id) VALUES (313, null, 72, '2019-04-18 06:21:03', 16, '2019-04-18 06:21:03', 80, 0, 1, null, null, 16, 0);
INSERT INTO gzx.t_cbs_order_log (id, action_desc, button_id, create_time, creator, operator_time, order_id, order_product_id, state, update_time, updator, user_id, format_info_id) VALUES (314, null, 72, '2019-04-18 06:27:38', 16, '2019-04-18 06:27:38', 84, 0, 1, null, null, 16, 0);
INSERT INTO gzx.t_cbs_order_log (id, action_desc, button_id, create_time, creator, operator_time, order_id, order_product_id, state, update_time, updator, user_id, format_info_id) VALUES (315, null, 72, '2019-04-18 06:34:17', 16, '2019-04-18 06:34:17', 82, 0, 1, null, null, 16, 0);
INSERT INTO gzx.t_cbs_order_log (id, action_desc, button_id, create_time, creator, operator_time, order_id, order_product_id, state, update_time, updator, user_id, format_info_id) VALUES (317, null, 72, '2019-04-18 08:15:29', 16, '2019-04-18 08:15:29', 65, 0, 1, null, null, 16, 0);
INSERT INTO gzx.t_cbs_order_log (id, action_desc, button_id, create_time, creator, operator_time, order_id, order_product_id, state, update_time, updator, user_id, format_info_id) VALUES (318, null, 71, '2019-04-19 15:44:22', 16, '2019-04-19 15:44:22', 87, 0, 1, null, null, 16, 0);
INSERT INTO gzx.t_cbs_order_log (id, action_desc, button_id, create_time, creator, operator_time, order_id, order_product_id, state, update_time, updator, user_id, format_info_id) VALUES (319, null, 72, '2019-04-19 15:46:46', 16, '2019-04-19 15:46:46', 87, 0, 1, null, null, 16, 0);
INSERT INTO gzx.t_cbs_order_log (id, action_desc, button_id, create_time, creator, operator_time, order_id, order_product_id, state, update_time, updator, user_id, format_info_id) VALUES (320, null, 74, '2019-04-19 15:47:31', 14, '2019-04-19 15:47:31', 87, 0, 1, null, null, 14, 0);
INSERT INTO gzx.t_cbs_order_log (id, action_desc, button_id, create_time, creator, operator_time, order_id, order_product_id, state, update_time, updator, user_id, format_info_id) VALUES (321, null, 101, '2019-04-21 15:28:29', 14, '2019-04-21 15:28:29', 82, 0, 1, null, null, 14, 0);
INSERT INTO gzx.t_cbs_order_log (id, action_desc, button_id, create_time, creator, operator_time, order_id, order_product_id, state, update_time, updator, user_id, format_info_id) VALUES (322, null, 72, '2019-04-22 01:22:29', 0, '2019-04-22 01:22:29', 88, 0, 1, null, null, 0, 0);
INSERT INTO gzx.t_cbs_order_log (id, action_desc, button_id, create_time, creator, operator_time, order_id, order_product_id, state, update_time, updator, user_id, format_info_id) VALUES (323, null, 74, '2019-04-22 02:00:05', 0, '2019-04-22 02:00:05', 88, 0, 1, null, null, 0, 0);
INSERT INTO gzx.t_cbs_order_log (id, action_desc, button_id, create_time, creator, operator_time, order_id, order_product_id, state, update_time, updator, user_id, format_info_id) VALUES (324, null, 72, '2019-04-22 07:20:04', 0, '2019-04-22 07:20:04', 89, 0, 1, null, null, 0, 0);
INSERT INTO gzx.t_cbs_order_log (id, action_desc, button_id, create_time, creator, operator_time, order_id, order_product_id, state, update_time, updator, user_id, format_info_id) VALUES (325, null, 74, '2019-04-22 07:21:59', 14, '2019-04-22 07:21:59', 89, 0, 1, null, null, 14, 0);
INSERT INTO gzx.t_cbs_order_log (id, action_desc, button_id, create_time, creator, operator_time, order_id, order_product_id, state, update_time, updator, user_id, format_info_id) VALUES (326, null, 0, '2019-04-22 07:21:59', 14, '2019-10-09 16:00:00', 89, 0, 1, null, null, 14, 4);
INSERT INTO gzx.t_cbs_order_log (id, action_desc, button_id, create_time, creator, operator_time, order_id, order_product_id, state, update_time, updator, user_id, format_info_id) VALUES (327, null, 0, '2019-04-22 07:21:59', 14, '2019-08-18 16:00:00', 89, 0, 1, null, null, 14, 5);
INSERT INTO gzx.t_cbs_order_log (id, action_desc, button_id, create_time, creator, operator_time, order_id, order_product_id, state, update_time, updator, user_id, format_info_id) VALUES (328, null, 0, '2019-04-22 07:21:59', 14, '2019-09-08 16:00:00', 89, 0, 1, null, null, 14, 6);
INSERT INTO gzx.t_cbs_order_log (id, action_desc, button_id, create_time, creator, operator_time, order_id, order_product_id, state, update_time, updator, user_id, format_info_id) VALUES (332, null, 72, '2019-04-22 08:28:11', 15, '2019-04-22 08:28:11', 89, 0, 1, null, null, 15, 0);
INSERT INTO gzx.t_cbs_order_log (id, action_desc, button_id, create_time, creator, operator_time, order_id, order_product_id, state, update_time, updator, user_id, format_info_id) VALUES (333, null, 0, '2019-04-22 08:28:11', 15, '2009-10-09 16:00:00', 89, 0, 1, null, null, 15, 78);
INSERT INTO gzx.t_cbs_order_log (id, action_desc, button_id, create_time, creator, operator_time, order_id, order_product_id, state, update_time, updator, user_id, format_info_id) VALUES (334, null, 0, '2019-04-22 08:28:11', 15, '2025-10-09 16:00:00', 89, 0, 1, null, null, 15, 79);
INSERT INTO gzx.t_cbs_order_log (id, action_desc, button_id, create_time, creator, operator_time, order_id, order_product_id, state, update_time, updator, user_id, format_info_id) VALUES (335, null, 80, '2019-04-22 09:10:42', 8, '2019-04-22 09:10:42', 89, 0, 1, null, null, 8, 0);
INSERT INTO gzx.t_cbs_order_log (id, action_desc, button_id, create_time, creator, operator_time, order_id, order_product_id, state, update_time, updator, user_id, format_info_id) VALUES (336, null, 84, '2019-04-22 09:13:06', 10, '2019-04-22 09:13:06', 89, 0, 1, null, null, 10, 0);
INSERT INTO gzx.t_cbs_order_log (id, action_desc, button_id, create_time, creator, operator_time, order_id, order_product_id, state, update_time, updator, user_id, format_info_id) VALUES (337, null, 85, '2019-04-22 09:14:39', 9, '2019-04-22 09:14:39', 89, 0, 1, null, null, 9, 0);
INSERT INTO gzx.t_cbs_order_log (id, action_desc, button_id, create_time, creator, operator_time, order_id, order_product_id, state, update_time, updator, user_id, format_info_id) VALUES (338, null, 0, '2019-04-22 09:14:39', 9, '2019-10-09 16:00:00', 89, 0, 1, '2019-04-22 09:16:02', 9, 9, 8);
INSERT INTO gzx.t_cbs_order_log (id, action_desc, button_id, create_time, creator, operator_time, order_id, order_product_id, state, update_time, updator, user_id, format_info_id) VALUES (339, null, 0, '2019-04-22 09:14:39', 9, '2019-10-09 16:00:00', 89, 0, 1, '2019-04-22 09:16:02', 9, 9, 9);
INSERT INTO gzx.t_cbs_order_log (id, action_desc, button_id, create_time, creator, operator_time, order_id, order_product_id, state, update_time, updator, user_id, format_info_id) VALUES (340, null, 0, '2019-04-22 09:14:39', 9, '2019-10-09 16:00:00', 89, 0, 1, '2019-04-22 09:16:02', 9, 9, 10);
INSERT INTO gzx.t_cbs_order_log (id, action_desc, button_id, create_time, creator, operator_time, order_id, order_product_id, state, update_time, updator, user_id, format_info_id) VALUES (341, null, 0, '2019-04-22 09:14:39', 9, '2019-10-09 16:00:00', 89, 0, 1, '2019-04-22 09:16:02', 9, 9, 11);
INSERT INTO gzx.t_cbs_order_log (id, action_desc, button_id, create_time, creator, operator_time, order_id, order_product_id, state, update_time, updator, user_id, format_info_id) VALUES (342, null, 0, '2019-04-22 09:14:39', 9, '2019-10-09 16:00:00', 89, 0, 1, '2019-04-22 09:16:02', 9, 9, 12);
INSERT INTO gzx.t_cbs_order_log (id, action_desc, button_id, create_time, creator, operator_time, order_id, order_product_id, state, update_time, updator, user_id, format_info_id) VALUES (343, null, 0, '2019-04-22 09:14:39', 9, '2019-10-09 16:00:00', 89, 0, 1, '2019-04-22 09:16:02', 9, 9, 13);
INSERT INTO gzx.t_cbs_order_log (id, action_desc, button_id, create_time, creator, operator_time, order_id, order_product_id, state, update_time, updator, user_id, format_info_id) VALUES (344, null, 89, '2019-04-22 09:16:02', 9, '2019-04-22 09:16:02', 89, 0, 1, null, null, 9, 0);
INSERT INTO gzx.t_cbs_order_log (id, action_desc, button_id, create_time, creator, operator_time, order_id, order_product_id, state, update_time, updator, user_id, format_info_id) VALUES (345, null, 0, '2019-04-22 09:16:02', 9, '2019-10-09 16:00:00', 89, 0, 1, null, null, 9, 14);
INSERT INTO gzx.t_cbs_order_log (id, action_desc, button_id, create_time, creator, operator_time, order_id, order_product_id, state, update_time, updator, user_id, format_info_id) VALUES (346, null, 90, '2019-04-22 09:19:00', 10, '2019-04-22 09:19:00', 89, 0, 1, null, null, 10, 0);
INSERT INTO gzx.t_cbs_order_log (id, action_desc, button_id, create_time, creator, operator_time, order_id, order_product_id, state, update_time, updator, user_id, format_info_id) VALUES (347, null, 92, '2019-04-22 09:30:33', 7, '2019-04-22 09:30:33', 89, 0, 1, null, null, 7, 0);
INSERT INTO gzx.t_cbs_order_log (id, action_desc, button_id, create_time, creator, operator_time, order_id, order_product_id, state, update_time, updator, user_id, format_info_id) VALUES (348, null, 94, '2019-04-22 09:31:09', 10, '2019-04-22 09:31:09', 89, 0, 1, null, null, 10, 0);
INSERT INTO gzx.t_cbs_order_log (id, action_desc, button_id, create_time, creator, operator_time, order_id, order_product_id, state, update_time, updator, user_id, format_info_id) VALUES (349, null, 95, '2019-04-22 09:31:34', 10, '2019-04-22 09:31:34', 89, 0, 1, null, null, 10, 0);
INSERT INTO gzx.t_cbs_order_log (id, action_desc, button_id, create_time, creator, operator_time, order_id, order_product_id, state, update_time, updator, user_id, format_info_id) VALUES (350, null, 0, '2019-04-22 09:31:34', 10, '2019-10-09 16:00:00', 89, 0, 1, null, null, 10, 20);
INSERT INTO gzx.t_cbs_order_log (id, action_desc, button_id, create_time, creator, operator_time, order_id, order_product_id, state, update_time, updator, user_id, format_info_id) VALUES (351, null, 72, '2019-04-22 10:40:08', 15, '2019-04-22 10:40:08', 90, 0, 1, null, null, 15, 0);
INSERT INTO gzx.t_cbs_order_log (id, action_desc, button_id, create_time, creator, operator_time, order_id, order_product_id, state, update_time, updator, user_id, format_info_id) VALUES (352, null, 74, '2019-04-22 10:46:57', 14, '2019-04-22 10:46:57', 90, 0, 1, null, null, 14, 0);
INSERT INTO gzx.t_cbs_order_log (id, action_desc, button_id, create_time, creator, operator_time, order_id, order_product_id, state, update_time, updator, user_id, format_info_id) VALUES (353, null, 0, '2019-04-22 10:46:57', 14, '2019-10-09 16:00:00', 90, 0, 1, null, null, 14, 4);
INSERT INTO gzx.t_cbs_order_log (id, action_desc, button_id, create_time, creator, operator_time, order_id, order_product_id, state, update_time, updator, user_id, format_info_id) VALUES (354, null, 0, '2019-04-22 10:46:57', 14, '2019-08-18 16:00:00', 90, 0, 1, null, null, 14, 5);
INSERT INTO gzx.t_cbs_order_log (id, action_desc, button_id, create_time, creator, operator_time, order_id, order_product_id, state, update_time, updator, user_id, format_info_id) VALUES (355, null, 0, '2019-04-22 10:46:57', 14, '2019-09-08 16:00:00', 90, 0, 1, null, null, 14, 6);
INSERT INTO gzx.t_cbs_order_log (id, action_desc, button_id, create_time, creator, operator_time, order_id, order_product_id, state, update_time, updator, user_id, format_info_id) VALUES (356, null, 72, '2019-04-22 11:19:26', 15, '2019-04-22 11:19:26', 90, 0, 1, null, null, 15, 0);
INSERT INTO gzx.t_cbs_order_log (id, action_desc, button_id, create_time, creator, operator_time, order_id, order_product_id, state, update_time, updator, user_id, format_info_id) VALUES (357, null, 0, '2019-04-22 11:19:26', 15, '2009-10-09 16:00:00', 90, 0, 1, null, null, 15, 78);
INSERT INTO gzx.t_cbs_order_log (id, action_desc, button_id, create_time, creator, operator_time, order_id, order_product_id, state, update_time, updator, user_id, format_info_id) VALUES (358, null, 0, '2019-04-22 11:19:26', 15, '2025-10-09 16:00:00', 90, 0, 1, null, null, 15, 79);
INSERT INTO gzx.t_cbs_order_log (id, action_desc, button_id, create_time, creator, operator_time, order_id, order_product_id, state, update_time, updator, user_id, format_info_id) VALUES (359, null, 80, '2019-04-22 11:26:59', 8, '2019-04-22 11:26:59', 90, 0, 1, null, null, 8, 0);
INSERT INTO gzx.t_cbs_order_log (id, action_desc, button_id, create_time, creator, operator_time, order_id, order_product_id, state, update_time, updator, user_id, format_info_id) VALUES (360, null, 84, '2019-04-22 11:27:46', 10, '2019-04-22 11:27:46', 90, 0, 1, null, null, 10, 0);
INSERT INTO gzx.t_cbs_order_log (id, action_desc, button_id, create_time, creator, operator_time, order_id, order_product_id, state, update_time, updator, user_id, format_info_id) VALUES (361, null, 85, '2019-04-22 11:28:54', 9, '2019-04-22 11:28:54', 90, 0, 1, null, null, 9, 0);
INSERT INTO gzx.t_cbs_order_log (id, action_desc, button_id, create_time, creator, operator_time, order_id, order_product_id, state, update_time, updator, user_id, format_info_id) VALUES (362, null, 0, '2019-04-22 11:28:54', 9, '2019-10-09 16:00:00', 90, 0, 1, '2019-04-22 11:55:27', 9, 9, 8);
INSERT INTO gzx.t_cbs_order_log (id, action_desc, button_id, create_time, creator, operator_time, order_id, order_product_id, state, update_time, updator, user_id, format_info_id) VALUES (363, null, 0, '2019-04-22 11:28:54', 9, '2019-10-09 16:00:00', 90, 0, 1, '2019-04-22 11:55:27', 9, 9, 9);
INSERT INTO gzx.t_cbs_order_log (id, action_desc, button_id, create_time, creator, operator_time, order_id, order_product_id, state, update_time, updator, user_id, format_info_id) VALUES (364, null, 0, '2019-04-22 11:28:54', 9, '2019-10-09 16:00:00', 90, 0, 1, '2019-04-22 11:55:27', 9, 9, 10);
INSERT INTO gzx.t_cbs_order_log (id, action_desc, button_id, create_time, creator, operator_time, order_id, order_product_id, state, update_time, updator, user_id, format_info_id) VALUES (365, null, 0, '2019-04-22 11:28:54', 9, '2019-10-09 16:00:00', 90, 0, 1, '2019-04-22 11:55:27', 9, 9, 11);
INSERT INTO gzx.t_cbs_order_log (id, action_desc, button_id, create_time, creator, operator_time, order_id, order_product_id, state, update_time, updator, user_id, format_info_id) VALUES (366, null, 0, '2019-04-22 11:28:54', 9, '2019-10-09 16:00:00', 90, 0, 1, '2019-04-22 11:55:27', 9, 9, 12);
INSERT INTO gzx.t_cbs_order_log (id, action_desc, button_id, create_time, creator, operator_time, order_id, order_product_id, state, update_time, updator, user_id, format_info_id) VALUES (367, null, 0, '2019-04-22 11:28:54', 9, '2019-10-09 16:00:00', 90, 0, 1, '2019-04-22 11:55:27', 9, 9, 13);
INSERT INTO gzx.t_cbs_order_log (id, action_desc, button_id, create_time, creator, operator_time, order_id, order_product_id, state, update_time, updator, user_id, format_info_id) VALUES (368, null, 89, '2019-04-22 11:50:41', 9, '2019-04-22 11:50:41', 90, 0, 1, null, null, 9, 0);
INSERT INTO gzx.t_cbs_order_log (id, action_desc, button_id, create_time, creator, operator_time, order_id, order_product_id, state, update_time, updator, user_id, format_info_id) VALUES (369, null, 0, '2019-04-22 11:50:41', 9, '2019-10-09 16:00:00', 90, 0, 1, '2019-04-22 11:55:27', 9, 9, 7);
INSERT INTO gzx.t_cbs_order_log (id, action_desc, button_id, create_time, creator, operator_time, order_id, order_product_id, state, update_time, updator, user_id, format_info_id) VALUES (370, null, 0, '2019-04-22 11:50:41', 9, '2019-10-09 16:00:00', 90, 0, 1, '2019-04-22 11:55:27', 9, 9, 14);
INSERT INTO gzx.t_cbs_order_log (id, action_desc, button_id, create_time, creator, operator_time, order_id, order_product_id, state, update_time, updator, user_id, format_info_id) VALUES (371, null, 0, '2019-04-22 11:50:41', 9, '2019-10-09 16:00:00', 90, 0, 1, '2019-04-22 11:55:27', 9, 9, 15);
INSERT INTO gzx.t_cbs_order_log (id, action_desc, button_id, create_time, creator, operator_time, order_id, order_product_id, state, update_time, updator, user_id, format_info_id) VALUES (372, null, 0, '2019-04-22 11:50:41', 9, '2019-10-09 16:00:00', 90, 0, 1, '2019-04-22 11:55:27', 9, 9, 18);
INSERT INTO gzx.t_cbs_order_log (id, action_desc, button_id, create_time, creator, operator_time, order_id, order_product_id, state, update_time, updator, user_id, format_info_id) VALUES (373, null, 0, '2019-04-22 11:50:41', 9, '2019-10-09 16:00:00', 90, 0, 1, '2019-04-22 11:55:27', 9, 9, 22);
INSERT INTO gzx.t_cbs_order_log (id, action_desc, button_id, create_time, creator, operator_time, order_id, order_product_id, state, update_time, updator, user_id, format_info_id) VALUES (374, null, 0, '2019-04-22 11:50:41', 9, '2019-10-09 16:00:00', 90, 0, 1, '2019-04-22 11:55:27', 9, 9, 24);
INSERT INTO gzx.t_cbs_order_log (id, action_desc, button_id, create_time, creator, operator_time, order_id, order_product_id, state, update_time, updator, user_id, format_info_id) VALUES (375, null, 0, '2019-04-22 11:50:41', 9, '2019-10-09 16:00:00', 90, 0, 1, '2019-04-22 11:55:27', 9, 9, 26);
INSERT INTO gzx.t_cbs_order_log (id, action_desc, button_id, create_time, creator, operator_time, order_id, order_product_id, state, update_time, updator, user_id, format_info_id) VALUES (376, null, 0, '2019-04-22 11:50:41', 9, '2019-10-09 16:00:00', 90, 0, 1, '2019-04-22 11:55:27', 9, 9, 27);
INSERT INTO gzx.t_cbs_order_log (id, action_desc, button_id, create_time, creator, operator_time, order_id, order_product_id, state, update_time, updator, user_id, format_info_id) VALUES (377, null, 0, '2019-04-22 11:50:41', 9, '2019-10-09 16:00:00', 90, 0, 1, '2019-04-22 11:55:27', 9, 9, 28);
INSERT INTO gzx.t_cbs_order_log (id, action_desc, button_id, create_time, creator, operator_time, order_id, order_product_id, state, update_time, updator, user_id, format_info_id) VALUES (378, null, 0, '2019-04-22 11:50:41', 9, '2019-10-09 16:00:00', 90, 0, 1, '2019-04-22 11:55:27', 9, 9, 29);
INSERT INTO gzx.t_cbs_order_log (id, action_desc, button_id, create_time, creator, operator_time, order_id, order_product_id, state, update_time, updator, user_id, format_info_id) VALUES (379, null, 90, '2019-04-22 11:52:14', 10, '2019-04-22 11:52:14', 90, 0, 1, null, null, 10, 0);
INSERT INTO gzx.t_cbs_order_log (id, action_desc, button_id, create_time, creator, operator_time, order_id, order_product_id, state, update_time, updator, user_id, format_info_id) VALUES (380, null, 92, '2019-04-22 11:52:45', 7, '2019-04-22 11:52:45', 90, 0, 1, null, null, 7, 0);
INSERT INTO gzx.t_cbs_order_log (id, action_desc, button_id, create_time, creator, operator_time, order_id, order_product_id, state, update_time, updator, user_id, format_info_id) VALUES (381, null, 94, '2019-04-22 11:53:15', 10, '2019-04-22 11:53:15', 90, 0, 1, null, null, 10, 0);
INSERT INTO gzx.t_cbs_order_log (id, action_desc, button_id, create_time, creator, operator_time, order_id, order_product_id, state, update_time, updator, user_id, format_info_id) VALUES (382, null, 95, '2019-04-22 11:53:24', 10, '2019-04-22 11:53:24', 90, 0, 1, null, null, 10, 0);
INSERT INTO gzx.t_cbs_order_log (id, action_desc, button_id, create_time, creator, operator_time, order_id, order_product_id, state, update_time, updator, user_id, format_info_id) VALUES (383, null, 0, '2019-04-22 11:53:24', 10, '2019-10-09 16:00:00', 90, 0, 1, '2019-04-22 11:55:02', 10, 10, 20);
INSERT INTO gzx.t_cbs_order_log (id, action_desc, button_id, create_time, creator, operator_time, order_id, order_product_id, state, update_time, updator, user_id, format_info_id) VALUES (384, null, 96, '2019-04-22 11:54:08', 9, '2019-04-22 11:54:08', 90, 0, 1, null, null, 9, 0);
INSERT INTO gzx.t_cbs_order_log (id, action_desc, button_id, create_time, creator, operator_time, order_id, order_product_id, state, update_time, updator, user_id, format_info_id) VALUES (385, null, 97, '2019-04-22 11:54:16', 9, '2019-04-22 11:54:16', 90, 0, 1, null, null, 9, 0);
INSERT INTO gzx.t_cbs_order_log (id, action_desc, button_id, create_time, creator, operator_time, order_id, order_product_id, state, update_time, updator, user_id, format_info_id) VALUES (386, null, 98, '2019-04-22 11:55:02', 10, '2019-04-22 11:55:02', 90, 0, 1, null, null, 10, 0);
INSERT INTO gzx.t_cbs_order_log (id, action_desc, button_id, create_time, creator, operator_time, order_id, order_product_id, state, update_time, updator, user_id, format_info_id) VALUES (387, null, 0, '2019-04-22 11:55:02', 10, '2019-10-09 16:00:00', 90, 0, 1, null, null, 10, 30);
INSERT INTO gzx.t_cbs_order_log (id, action_desc, button_id, create_time, creator, operator_time, order_id, order_product_id, state, update_time, updator, user_id, format_info_id) VALUES (388, null, 0, '2019-04-22 11:55:02', 10, '2019-10-09 16:00:00', 90, 0, 1, null, null, 10, 31);
INSERT INTO gzx.t_cbs_order_log (id, action_desc, button_id, create_time, creator, operator_time, order_id, order_product_id, state, update_time, updator, user_id, format_info_id) VALUES (389, null, 99, '2019-04-22 11:55:27', 9, '2019-04-22 11:55:27', 90, 0, 1, null, null, 9, 0);
INSERT INTO gzx.t_cbs_order_log (id, action_desc, button_id, create_time, creator, operator_time, order_id, order_product_id, state, update_time, updator, user_id, format_info_id) VALUES (390, null, 72, '2019-04-22 15:00:08', 15, '2019-04-22 15:00:08', 91, 0, 1, null, null, 15, 0);
INSERT INTO gzx.t_cbs_order_log (id, action_desc, button_id, create_time, creator, operator_time, order_id, order_product_id, state, update_time, updator, user_id, format_info_id) VALUES (391, null, 100, '2019-04-22 15:04:55', 14, '2019-04-22 15:04:55', 90, 0, 1, null, null, 14, 0);
INSERT INTO gzx.t_cbs_order_log (id, action_desc, button_id, create_time, creator, operator_time, order_id, order_product_id, state, update_time, updator, user_id, format_info_id) VALUES (392, null, 74, '2019-04-22 15:05:20', 14, '2019-04-22 15:05:20', 91, 0, 1, null, null, 14, 0);
INSERT INTO gzx.t_cbs_order_log (id, action_desc, button_id, create_time, creator, operator_time, order_id, order_product_id, state, update_time, updator, user_id, format_info_id) VALUES (393, null, 0, '2019-04-22 15:05:20', 14, '2019-10-09 16:00:00', 91, 0, 1, null, null, 14, 4);
INSERT INTO gzx.t_cbs_order_log (id, action_desc, button_id, create_time, creator, operator_time, order_id, order_product_id, state, update_time, updator, user_id, format_info_id) VALUES (394, null, 0, '2019-04-22 15:05:20', 14, '2019-08-18 16:00:00', 91, 0, 1, null, null, 14, 5);
INSERT INTO gzx.t_cbs_order_log (id, action_desc, button_id, create_time, creator, operator_time, order_id, order_product_id, state, update_time, updator, user_id, format_info_id) VALUES (395, null, 0, '2019-04-22 15:05:20', 14, '2019-09-08 16:00:00', 91, 0, 1, null, null, 14, 6);
INSERT INTO gzx.t_cbs_order_log (id, action_desc, button_id, create_time, creator, operator_time, order_id, order_product_id, state, update_time, updator, user_id, format_info_id) VALUES (396, null, 72, '2019-04-24 00:28:12', 15, '2019-04-24 00:28:12', 92, 0, 1, null, null, 15, 0);
INSERT INTO gzx.t_cbs_order_log (id, action_desc, button_id, create_time, creator, operator_time, order_id, order_product_id, state, update_time, updator, user_id, format_info_id) VALUES (397, null, 74, '2019-04-24 01:54:51', 14, '2019-04-24 01:54:51', 92, 0, 1, null, null, 14, 0);
INSERT INTO gzx.t_cbs_order_log (id, action_desc, button_id, create_time, creator, operator_time, order_id, order_product_id, state, update_time, updator, user_id, format_info_id) VALUES (398, null, 0, '2019-04-24 01:54:51', 14, '2019-10-09 16:00:00', 92, 0, 1, '2019-04-24 02:05:44', 14, 14, 4);
INSERT INTO gzx.t_cbs_order_log (id, action_desc, button_id, create_time, creator, operator_time, order_id, order_product_id, state, update_time, updator, user_id, format_info_id) VALUES (399, null, 0, '2019-04-24 01:54:51', 14, '2019-08-18 16:00:00', 92, 0, 1, '2019-04-24 02:05:44', 14, 14, 5);
INSERT INTO gzx.t_cbs_order_log (id, action_desc, button_id, create_time, creator, operator_time, order_id, order_product_id, state, update_time, updator, user_id, format_info_id) VALUES (400, null, 0, '2019-04-24 01:54:51', 14, '2019-09-08 16:00:00', 92, 0, 1, '2019-04-24 02:05:44', 14, 14, 6);
INSERT INTO gzx.t_cbs_order_log (id, action_desc, button_id, create_time, creator, operator_time, order_id, order_product_id, state, update_time, updator, user_id, format_info_id) VALUES (401, null, 72, '2019-04-24 01:56:10', 15, '2019-04-24 01:56:10', 92, 0, 1, null, null, 15, 0);
INSERT INTO gzx.t_cbs_order_log (id, action_desc, button_id, create_time, creator, operator_time, order_id, order_product_id, state, update_time, updator, user_id, format_info_id) VALUES (402, null, 0, '2019-04-24 01:56:10', 15, '2009-10-09 16:00:00', 92, 0, 1, null, null, 15, 78);
INSERT INTO gzx.t_cbs_order_log (id, action_desc, button_id, create_time, creator, operator_time, order_id, order_product_id, state, update_time, updator, user_id, format_info_id) VALUES (403, null, 0, '2019-04-24 01:56:10', 15, '2025-10-09 16:00:00', 92, 0, 1, null, null, 15, 79);
INSERT INTO gzx.t_cbs_order_log (id, action_desc, button_id, create_time, creator, operator_time, order_id, order_product_id, state, update_time, updator, user_id, format_info_id) VALUES (404, null, 80, '2019-04-24 01:56:48', 8, '2019-04-24 01:56:48', 92, 0, 1, null, null, 8, 0);
INSERT INTO gzx.t_cbs_order_log (id, action_desc, button_id, create_time, creator, operator_time, order_id, order_product_id, state, update_time, updator, user_id, format_info_id) VALUES (405, null, 84, '2019-04-24 01:57:55', 10, '2019-04-24 01:57:55', 92, 0, 1, null, null, 10, 0);
INSERT INTO gzx.t_cbs_order_log (id, action_desc, button_id, create_time, creator, operator_time, order_id, order_product_id, state, update_time, updator, user_id, format_info_id) VALUES (406, null, 85, '2019-04-24 01:59:01', 9, '2019-04-24 01:59:01', 92, 0, 1, null, null, 9, 0);
INSERT INTO gzx.t_cbs_order_log (id, action_desc, button_id, create_time, creator, operator_time, order_id, order_product_id, state, update_time, updator, user_id, format_info_id) VALUES (407, null, 0, '2019-04-24 01:59:01', 9, '2019-10-09 16:00:00', 92, 0, 1, '2019-04-24 02:05:24', 9, 9, 8);
INSERT INTO gzx.t_cbs_order_log (id, action_desc, button_id, create_time, creator, operator_time, order_id, order_product_id, state, update_time, updator, user_id, format_info_id) VALUES (408, null, 0, '2019-04-24 01:59:01', 9, '2019-10-09 16:00:00', 92, 0, 1, '2019-04-24 02:05:24', 9, 9, 9);
INSERT INTO gzx.t_cbs_order_log (id, action_desc, button_id, create_time, creator, operator_time, order_id, order_product_id, state, update_time, updator, user_id, format_info_id) VALUES (409, null, 0, '2019-04-24 01:59:01', 9, '2019-10-09 16:00:00', 92, 0, 1, '2019-04-24 02:05:24', 9, 9, 10);
INSERT INTO gzx.t_cbs_order_log (id, action_desc, button_id, create_time, creator, operator_time, order_id, order_product_id, state, update_time, updator, user_id, format_info_id) VALUES (410, null, 0, '2019-04-24 01:59:01', 9, '2019-10-09 16:00:00', 92, 0, 1, '2019-04-24 02:05:24', 9, 9, 11);
INSERT INTO gzx.t_cbs_order_log (id, action_desc, button_id, create_time, creator, operator_time, order_id, order_product_id, state, update_time, updator, user_id, format_info_id) VALUES (411, null, 0, '2019-04-24 01:59:01', 9, '2019-10-09 16:00:00', 92, 0, 1, '2019-04-24 02:05:24', 9, 9, 12);
INSERT INTO gzx.t_cbs_order_log (id, action_desc, button_id, create_time, creator, operator_time, order_id, order_product_id, state, update_time, updator, user_id, format_info_id) VALUES (412, null, 0, '2019-04-24 01:59:01', 9, '2019-10-09 16:00:00', 92, 0, 1, '2019-04-24 02:05:24', 9, 9, 13);
INSERT INTO gzx.t_cbs_order_log (id, action_desc, button_id, create_time, creator, operator_time, order_id, order_product_id, state, update_time, updator, user_id, format_info_id) VALUES (413, null, 89, '2019-04-24 01:59:46', 9, '2019-04-24 01:59:46', 92, 0, 1, null, null, 9, 0);
INSERT INTO gzx.t_cbs_order_log (id, action_desc, button_id, create_time, creator, operator_time, order_id, order_product_id, state, update_time, updator, user_id, format_info_id) VALUES (414, null, 0, '2019-04-24 01:59:46', 9, '2019-10-09 16:00:00', 92, 0, 1, '2019-04-24 02:05:24', 9, 9, 15);
INSERT INTO gzx.t_cbs_order_log (id, action_desc, button_id, create_time, creator, operator_time, order_id, order_product_id, state, update_time, updator, user_id, format_info_id) VALUES (415, null, 0, '2019-04-24 01:59:46', 9, '2019-10-09 16:00:00', 92, 0, 1, '2019-04-24 02:05:24', 9, 9, 18);
INSERT INTO gzx.t_cbs_order_log (id, action_desc, button_id, create_time, creator, operator_time, order_id, order_product_id, state, update_time, updator, user_id, format_info_id) VALUES (416, null, 72, '2019-04-24 02:00:10', 15, '2019-04-24 02:00:10', 93, 0, 1, null, null, 15, 0);
INSERT INTO gzx.t_cbs_order_log (id, action_desc, button_id, create_time, creator, operator_time, order_id, order_product_id, state, update_time, updator, user_id, format_info_id) VALUES (417, null, 90, '2019-04-24 02:00:44', 10, '2019-04-24 02:00:44', 92, 0, 1, null, null, 10, 0);
INSERT INTO gzx.t_cbs_order_log (id, action_desc, button_id, create_time, creator, operator_time, order_id, order_product_id, state, update_time, updator, user_id, format_info_id) VALUES (418, null, 92, '2019-04-24 02:02:43', 7, '2019-04-24 02:02:43', 92, 0, 1, null, null, 7, 0);
INSERT INTO gzx.t_cbs_order_log (id, action_desc, button_id, create_time, creator, operator_time, order_id, order_product_id, state, update_time, updator, user_id, format_info_id) VALUES (419, null, 94, '2019-04-24 02:03:06', 10, '2019-04-24 02:03:06', 92, 0, 1, null, null, 10, 0);
INSERT INTO gzx.t_cbs_order_log (id, action_desc, button_id, create_time, creator, operator_time, order_id, order_product_id, state, update_time, updator, user_id, format_info_id) VALUES (420, null, 95, '2019-04-24 02:03:28', 10, '2019-04-24 02:03:28', 92, 0, 1, null, null, 10, 0);
INSERT INTO gzx.t_cbs_order_log (id, action_desc, button_id, create_time, creator, operator_time, order_id, order_product_id, state, update_time, updator, user_id, format_info_id) VALUES (421, null, 0, '2019-04-24 02:03:28', 10, '2019-10-09 16:00:00', 92, 0, 1, '2019-04-24 02:04:52', 10, 10, 20);
INSERT INTO gzx.t_cbs_order_log (id, action_desc, button_id, create_time, creator, operator_time, order_id, order_product_id, state, update_time, updator, user_id, format_info_id) VALUES (422, null, 96, '2019-04-24 02:04:01', 9, '2019-04-24 02:04:01', 92, 0, 1, null, null, 9, 0);
INSERT INTO gzx.t_cbs_order_log (id, action_desc, button_id, create_time, creator, operator_time, order_id, order_product_id, state, update_time, updator, user_id, format_info_id) VALUES (423, null, 0, '2019-04-24 02:04:01', 9, '2019-10-09 16:00:00', 92, 0, 1, '2019-04-24 02:05:24', 9, 9, 22);
INSERT INTO gzx.t_cbs_order_log (id, action_desc, button_id, create_time, creator, operator_time, order_id, order_product_id, state, update_time, updator, user_id, format_info_id) VALUES (424, null, 0, '2019-04-24 02:04:01', 9, '2019-10-09 16:00:00', 92, 0, 1, '2019-04-24 02:05:24', 9, 9, 24);
INSERT INTO gzx.t_cbs_order_log (id, action_desc, button_id, create_time, creator, operator_time, order_id, order_product_id, state, update_time, updator, user_id, format_info_id) VALUES (425, null, 0, '2019-04-24 02:04:01', 9, '2019-10-09 16:00:00', 92, 0, 1, '2019-04-24 02:05:24', 9, 9, 26);
INSERT INTO gzx.t_cbs_order_log (id, action_desc, button_id, create_time, creator, operator_time, order_id, order_product_id, state, update_time, updator, user_id, format_info_id) VALUES (426, null, 97, '2019-04-24 02:04:11', 9, '2019-04-24 02:04:11', 92, 0, 1, null, null, 9, 0);
INSERT INTO gzx.t_cbs_order_log (id, action_desc, button_id, create_time, creator, operator_time, order_id, order_product_id, state, update_time, updator, user_id, format_info_id) VALUES (427, null, 0, '2019-04-24 02:04:11', 9, '2019-12-08 16:00:00', 92, 0, 1, '2019-04-24 02:05:24', 9, 9, 7);
INSERT INTO gzx.t_cbs_order_log (id, action_desc, button_id, create_time, creator, operator_time, order_id, order_product_id, state, update_time, updator, user_id, format_info_id) VALUES (428, null, 0, '2019-04-24 02:04:11', 9, '2019-10-09 16:00:00', 92, 0, 1, '2019-04-24 02:05:24', 9, 9, 27);
INSERT INTO gzx.t_cbs_order_log (id, action_desc, button_id, create_time, creator, operator_time, order_id, order_product_id, state, update_time, updator, user_id, format_info_id) VALUES (429, null, 0, '2019-04-24 02:04:11', 9, '2019-10-09 16:00:00', 92, 0, 1, '2019-04-24 02:05:24', 9, 9, 28);
INSERT INTO gzx.t_cbs_order_log (id, action_desc, button_id, create_time, creator, operator_time, order_id, order_product_id, state, update_time, updator, user_id, format_info_id) VALUES (430, null, 0, '2019-04-24 02:04:11', 9, '2019-10-09 16:00:00', 92, 0, 1, '2019-04-24 02:05:24', 9, 9, 29);
INSERT INTO gzx.t_cbs_order_log (id, action_desc, button_id, create_time, creator, operator_time, order_id, order_product_id, state, update_time, updator, user_id, format_info_id) VALUES (431, null, 98, '2019-04-24 02:04:52', 10, '2019-04-24 02:04:52', 92, 0, 1, null, null, 10, 0);
INSERT INTO gzx.t_cbs_order_log (id, action_desc, button_id, create_time, creator, operator_time, order_id, order_product_id, state, update_time, updator, user_id, format_info_id) VALUES (432, null, 0, '2019-04-24 02:04:52', 10, '2019-10-09 16:00:00', 92, 0, 1, null, null, 10, 30);
INSERT INTO gzx.t_cbs_order_log (id, action_desc, button_id, create_time, creator, operator_time, order_id, order_product_id, state, update_time, updator, user_id, format_info_id) VALUES (433, null, 0, '2019-04-24 02:04:52', 10, '2019-10-09 16:00:00', 92, 0, 1, null, null, 10, 31);
INSERT INTO gzx.t_cbs_order_log (id, action_desc, button_id, create_time, creator, operator_time, order_id, order_product_id, state, update_time, updator, user_id, format_info_id) VALUES (434, null, 99, '2019-04-24 02:05:24', 9, '2019-04-24 02:05:24', 92, 0, 1, null, null, 9, 0);
INSERT INTO gzx.t_cbs_order_log (id, action_desc, button_id, create_time, creator, operator_time, order_id, order_product_id, state, update_time, updator, user_id, format_info_id) VALUES (435, null, 100, '2019-04-24 02:05:44', 14, '2019-04-24 02:05:44', 92, 0, 1, null, null, 14, 0);
INSERT INTO gzx.t_cbs_order_log (id, action_desc, button_id, create_time, creator, operator_time, order_id, order_product_id, state, update_time, updator, user_id, format_info_id) VALUES (436, null, 72, '2019-04-24 03:00:32', 15, '2019-04-24 03:00:32', 94, 0, 1, null, null, 15, 0);
INSERT INTO gzx.t_cbs_order_log (id, action_desc, button_id, create_time, creator, operator_time, order_id, order_product_id, state, update_time, updator, user_id, format_info_id) VALUES (437, null, 74, '2019-04-24 03:11:07', 15, '2019-04-24 03:11:07', 94, 0, 1, null, null, 15, 0);
INSERT INTO gzx.t_cbs_order_log (id, action_desc, button_id, create_time, creator, operator_time, order_id, order_product_id, state, update_time, updator, user_id, format_info_id) VALUES (438, null, 74, '2019-04-24 03:11:07', 15, '2019-04-24 03:11:07', 93, 0, 1, null, null, 15, 0);
INSERT INTO gzx.t_cbs_order_pool (id, into_time, leave_time, order_id, do_state, user_id, position_id, into_pool_no, create_time, creator, update_time, updator, state) VALUES (1, '2019-03-22 23:47:07', '2019-03-23 01:29:19', 47, 3, 13, 11, 1, '2019-03-22 23:47:07', 13, '2019-03-23 01:29:19', 13, 0);
INSERT INTO gzx.t_cbs_order_pool (id, into_time, leave_time, order_id, do_state, user_id, position_id, into_pool_no, create_time, creator, update_time, updator, state) VALUES (2, '2019-03-22 23:54:14', '2019-03-23 01:29:53', 48, 3, 13, 11, 1, '2019-03-22 23:54:14', 13, '2019-03-23 01:29:53', 13, 0);
INSERT INTO gzx.t_cbs_order_pool (id, into_time, leave_time, order_id, do_state, user_id, position_id, into_pool_no, create_time, creator, update_time, updator, state) VALUES (3, '2019-03-23 01:29:19', null, 47, 3, 0, 8, 1, '2019-03-23 01:29:19', 13, null, 0, 0);
INSERT INTO gzx.t_cbs_order_pool (id, into_time, leave_time, order_id, do_state, user_id, position_id, into_pool_no, create_time, creator, update_time, updator, state) VALUES (4, '2019-03-23 01:29:53', null, 48, 3, 0, 8, 1, '2019-03-23 01:29:53', 13, null, 0, 0);
INSERT INTO gzx.t_cbs_order_pool (id, into_time, leave_time, order_id, do_state, user_id, position_id, into_pool_no, create_time, creator, update_time, updator, state) VALUES (5, '2019-03-23 01:53:01', '2019-03-23 01:53:26', 49, 3, 13, 11, 1, '2019-03-23 01:53:01', 13, '2019-03-23 01:53:26', 13, 0);
INSERT INTO gzx.t_cbs_order_pool (id, into_time, leave_time, order_id, do_state, user_id, position_id, into_pool_no, create_time, creator, update_time, updator, state) VALUES (6, '2019-03-23 01:53:26', '2019-03-23 01:58:44', 49, 3, 14, 8, 1, '2019-03-23 01:53:26', 13, '2019-03-23 01:58:44', 14, 0);
INSERT INTO gzx.t_cbs_order_pool (id, into_time, leave_time, order_id, do_state, user_id, position_id, into_pool_no, create_time, creator, update_time, updator, state) VALUES (7, '2019-03-23 01:58:44', '2019-03-23 02:04:15', 49, 3, 8, 6, 1, '2019-03-23 01:58:44', 14, '2019-03-23 02:04:15', 8, 0);
INSERT INTO gzx.t_cbs_order_pool (id, into_time, leave_time, order_id, do_state, user_id, position_id, into_pool_no, create_time, creator, update_time, updator, state) VALUES (8, '2019-03-23 02:04:15', '2019-03-23 07:43:10', 49, 3, 13, 11, 2, '2019-03-23 02:04:15', 8, '2019-03-23 07:43:10', 13, 0);
INSERT INTO gzx.t_cbs_order_pool (id, into_time, leave_time, order_id, do_state, user_id, position_id, into_pool_no, create_time, creator, update_time, updator, state) VALUES (9, '2019-03-23 07:43:10', '2019-03-23 07:44:24', 49, 3, 8, 6, 2, '2019-03-23 07:43:10', 13, '2019-03-23 07:44:24', 8, 0);
INSERT INTO gzx.t_cbs_order_pool (id, into_time, leave_time, order_id, do_state, user_id, position_id, into_pool_no, create_time, creator, update_time, updator, state) VALUES (10, '2019-03-23 07:44:25', '2019-03-23 08:08:16', 49, 3, 13, 11, 2, '2019-03-23 07:44:25', 8, '2019-03-23 08:08:16', 13, 0);
INSERT INTO gzx.t_cbs_order_pool (id, into_time, leave_time, order_id, do_state, user_id, position_id, into_pool_no, create_time, creator, update_time, updator, state) VALUES (11, '2019-03-23 08:08:16', null, 49, 3, 13, 11, 3, '2019-03-23 08:08:16', 13, null, 0, 1);
INSERT INTO gzx.t_cbs_order_pool (id, into_time, leave_time, order_id, do_state, user_id, position_id, into_pool_no, create_time, creator, update_time, updator, state) VALUES (12, '2019-03-23 08:22:29', '2019-03-23 08:25:16', 50, 3, 13, 11, 1, '2019-03-23 08:22:29', 13, '2019-03-23 08:25:16', 13, 1);
INSERT INTO gzx.t_cbs_order_pool (id, into_time, leave_time, order_id, do_state, user_id, position_id, into_pool_no, create_time, creator, update_time, updator, state) VALUES (13, '2019-03-23 08:25:16', '2019-03-23 08:27:17', 50, 3, 14, 8, 1, '2019-03-23 08:25:16', 13, '2019-03-23 08:27:17', 14, 1);
INSERT INTO gzx.t_cbs_order_pool (id, into_time, leave_time, order_id, do_state, user_id, position_id, into_pool_no, create_time, creator, update_time, updator, state) VALUES (14, '2019-03-23 08:27:17', '2019-03-24 23:02:14', 50, 3, 8, 6, 1, '2019-03-23 08:27:17', 14, '2019-03-24 23:02:14', 8, 1);
INSERT INTO gzx.t_cbs_order_pool (id, into_time, leave_time, order_id, do_state, user_id, position_id, into_pool_no, create_time, creator, update_time, updator, state) VALUES (15, '2019-03-23 08:28:10', '2019-03-23 08:28:48', 51, 3, 13, 11, 1, '2019-03-23 08:28:10', 13, '2019-03-23 08:28:48', 13, 1);
INSERT INTO gzx.t_cbs_order_pool (id, into_time, leave_time, order_id, do_state, user_id, position_id, into_pool_no, create_time, creator, update_time, updator, state) VALUES (16, '2019-03-23 08:28:48', '2019-03-23 08:38:13', 51, 3, 14, 8, 1, '2019-03-23 08:28:48', 13, '2019-03-23 08:38:13', 14, 1);
INSERT INTO gzx.t_cbs_order_pool (id, into_time, leave_time, order_id, do_state, user_id, position_id, into_pool_no, create_time, creator, update_time, updator, state) VALUES (17, '2019-03-23 08:38:13', '2019-03-23 10:31:30', 51, 3, 8, 6, 1, '2019-03-23 08:38:13', 14, '2019-03-23 10:31:30', 8, 1);
INSERT INTO gzx.t_cbs_order_pool (id, into_time, leave_time, order_id, do_state, user_id, position_id, into_pool_no, create_time, creator, update_time, updator, state) VALUES (18, '2019-03-23 10:31:30', '2019-03-25 01:53:15', 51, 3, 13, 11, 2, '2019-03-23 10:31:30', 8, '2019-03-25 01:53:15', 13, 1);
INSERT INTO gzx.t_cbs_order_pool (id, into_time, leave_time, order_id, do_state, user_id, position_id, into_pool_no, create_time, creator, update_time, updator, state) VALUES (19, '2019-03-24 23:02:14', '2019-03-25 01:53:25', 50, 3, 13, 11, 2, '2019-03-24 23:02:14', 8, '2019-03-25 01:53:25', 13, 1);
INSERT INTO gzx.t_cbs_order_pool (id, into_time, leave_time, order_id, do_state, user_id, position_id, into_pool_no, create_time, creator, update_time, updator, state) VALUES (20, '2019-03-25 01:53:15', '2019-03-25 01:54:03', 51, 3, 8, 6, 2, '2019-03-25 01:53:15', 13, '2019-03-25 01:54:03', 8, 1);
INSERT INTO gzx.t_cbs_order_pool (id, into_time, leave_time, order_id, do_state, user_id, position_id, into_pool_no, create_time, creator, update_time, updator, state) VALUES (21, '2019-03-25 01:53:25', '2019-03-25 01:54:10', 50, 3, 8, 6, 2, '2019-03-25 01:53:25', 13, '2019-03-25 01:54:10', 8, 1);
INSERT INTO gzx.t_cbs_order_pool (id, into_time, leave_time, order_id, do_state, user_id, position_id, into_pool_no, create_time, creator, update_time, updator, state) VALUES (24, '2019-03-25 01:55:33', '2019-03-25 01:56:32', 51, 3, 9, 7, 1, '2019-03-25 01:55:33', 10, '2019-03-25 01:56:32', 9, 1);
INSERT INTO gzx.t_cbs_order_pool (id, into_time, leave_time, order_id, do_state, user_id, position_id, into_pool_no, create_time, creator, update_time, updator, state) VALUES (25, '2019-03-25 01:55:39', '2019-03-25 01:56:52', 50, 3, 9, 7, 1, '2019-03-25 01:55:39', 10, '2019-03-25 01:56:52', 9, 1);
INSERT INTO gzx.t_cbs_order_pool (id, into_time, leave_time, order_id, do_state, user_id, position_id, into_pool_no, create_time, creator, update_time, updator, state) VALUES (26, '2019-03-25 01:56:33', '2019-03-25 01:57:17', 51, 3, 9, 7, 2, '2019-03-25 01:56:33', 9, '2019-03-25 01:57:17', 9, 1);
INSERT INTO gzx.t_cbs_order_pool (id, into_time, leave_time, order_id, do_state, user_id, position_id, into_pool_no, create_time, creator, update_time, updator, state) VALUES (27, '2019-03-25 01:56:52', '2019-03-25 01:57:11', 50, 3, 9, 7, 2, '2019-03-25 01:56:52', 9, '2019-03-25 01:57:11', 9, 1);
INSERT INTO gzx.t_cbs_order_pool (id, into_time, leave_time, order_id, do_state, user_id, position_id, into_pool_no, create_time, creator, update_time, updator, state) VALUES (30, '2019-03-25 02:08:18', '2019-03-25 02:10:30', 50, 3, 7, 14, 1, '2019-03-25 02:08:18', 10, '2019-03-25 02:10:30', 7, 1);
INSERT INTO gzx.t_cbs_order_pool (id, into_time, leave_time, order_id, do_state, user_id, position_id, into_pool_no, create_time, creator, update_time, updator, state) VALUES (31, '2019-03-25 02:08:25', '2019-03-25 02:10:23', 51, 3, 7, 14, 1, '2019-03-25 02:08:25', 10, '2019-03-25 02:10:23', 7, 1);
INSERT INTO gzx.t_cbs_order_pool (id, into_time, leave_time, order_id, do_state, user_id, position_id, into_pool_no, create_time, creator, update_time, updator, state) VALUES (36, '2019-03-25 02:11:22', '2019-03-25 02:12:23', 50, 3, 9, 7, 3, '2019-03-25 02:11:22', 10, '2019-03-25 02:12:23', 9, 1);
INSERT INTO gzx.t_cbs_order_pool (id, into_time, leave_time, order_id, do_state, user_id, position_id, into_pool_no, create_time, creator, update_time, updator, state) VALUES (37, '2019-03-25 02:11:26', '2019-03-25 02:12:16', 51, 3, 9, 7, 3, '2019-03-25 02:11:26', 10, '2019-03-25 02:12:16', 9, 1);
INSERT INTO gzx.t_cbs_order_pool (id, into_time, leave_time, order_id, do_state, user_id, position_id, into_pool_no, create_time, creator, update_time, updator, state) VALUES (38, '2019-03-25 02:12:16', '2019-03-25 02:12:34', 51, 3, 9, 7, 4, '2019-03-25 02:12:16', 9, '2019-03-25 02:12:34', 9, 1);
INSERT INTO gzx.t_cbs_order_pool (id, into_time, leave_time, order_id, do_state, user_id, position_id, into_pool_no, create_time, creator, update_time, updator, state) VALUES (39, '2019-03-25 02:12:23', '2019-03-25 02:12:29', 50, 3, 9, 7, 4, '2019-03-25 02:12:23', 9, '2019-03-25 02:12:29', 9, 1);
INSERT INTO gzx.t_cbs_order_pool (id, into_time, leave_time, order_id, do_state, user_id, position_id, into_pool_no, create_time, creator, update_time, updator, state) VALUES (42, '2019-03-25 02:13:03', '2019-03-25 02:13:50', 50, 3, 9, 7, 5, '2019-03-25 02:13:03', 10, '2019-03-25 02:13:50', 9, 1);
INSERT INTO gzx.t_cbs_order_pool (id, into_time, leave_time, order_id, do_state, user_id, position_id, into_pool_no, create_time, creator, update_time, updator, state) VALUES (43, '2019-03-25 02:13:08', '2019-03-25 02:13:55', 51, 3, 9, 7, 5, '2019-03-25 02:13:08', 10, '2019-03-25 02:13:55', 9, 1);
INSERT INTO gzx.t_cbs_order_pool (id, into_time, leave_time, order_id, do_state, user_id, position_id, into_pool_no, create_time, creator, update_time, updator, state) VALUES (44, '2019-03-25 02:13:50', null, 50, 3, 14, 8, 2, '2019-03-25 02:13:50', 9, null, 0, 1);
INSERT INTO gzx.t_cbs_order_pool (id, into_time, leave_time, order_id, do_state, user_id, position_id, into_pool_no, create_time, creator, update_time, updator, state) VALUES (45, '2019-03-25 02:13:55', null, 51, 3, 14, 8, 2, '2019-03-25 02:13:55', 9, null, 0, 1);
INSERT INTO gzx.t_cbs_order_pool (id, into_time, leave_time, order_id, do_state, user_id, position_id, into_pool_no, create_time, creator, update_time, updator, state) VALUES (46, '2019-03-25 10:09:32', '2019-03-25 10:11:26', 52, 3, 13, 11, 1, '2019-03-25 10:09:32', 13, '2019-03-25 10:11:26', 13, 1);
INSERT INTO gzx.t_cbs_order_pool (id, into_time, leave_time, order_id, do_state, user_id, position_id, into_pool_no, create_time, creator, update_time, updator, state) VALUES (47, '2019-03-25 10:11:26', '2019-03-25 10:12:11', 52, 3, 14, 8, 1, '2019-03-25 10:11:26', 13, '2019-03-25 10:12:11', 14, 1);
INSERT INTO gzx.t_cbs_order_pool (id, into_time, leave_time, order_id, do_state, user_id, position_id, into_pool_no, create_time, creator, update_time, updator, state) VALUES (48, '2019-03-25 10:12:11', '2019-03-25 10:13:27', 52, 3, 13, 11, 2, '2019-03-25 10:12:11', 14, '2019-03-25 10:13:27', 13, 1);
INSERT INTO gzx.t_cbs_order_pool (id, into_time, leave_time, order_id, do_state, user_id, position_id, into_pool_no, create_time, creator, update_time, updator, state) VALUES (49, '2019-03-25 10:13:27', '2019-03-25 10:13:48', 52, 3, 8, 6, 1, '2019-03-25 10:13:27', 13, '2019-03-25 10:13:48', 8, 1);
INSERT INTO gzx.t_cbs_order_pool (id, into_time, leave_time, order_id, do_state, user_id, position_id, into_pool_no, create_time, creator, update_time, updator, state) VALUES (51, '2019-03-26 04:42:55', null, 53, 3, 13, 11, 1, '2019-03-26 04:42:55', 13, null, 0, 1);
INSERT INTO gzx.t_cbs_order_pool (id, into_time, leave_time, order_id, do_state, user_id, position_id, into_pool_no, create_time, creator, update_time, updator, state) VALUES (52, '2019-03-26 20:54:26', '2019-03-26 20:55:26', 54, 3, 13, 11, 1, '2019-03-26 20:54:26', 13, '2019-03-26 20:55:26', 13, 1);
INSERT INTO gzx.t_cbs_order_pool (id, into_time, leave_time, order_id, do_state, user_id, position_id, into_pool_no, create_time, creator, update_time, updator, state) VALUES (53, '2019-03-26 20:55:26', '2019-03-26 20:59:02', 54, 3, 14, 8, 1, '2019-03-26 20:55:26', 13, '2019-03-26 20:59:02', 14, 1);
INSERT INTO gzx.t_cbs_order_pool (id, into_time, leave_time, order_id, do_state, user_id, position_id, into_pool_no, create_time, creator, update_time, updator, state) VALUES (54, '2019-03-26 20:59:02', '2019-03-26 20:59:35', 54, 3, 13, 11, 2, '2019-03-26 20:59:02', 14, '2019-03-26 20:59:35', 13, 1);
INSERT INTO gzx.t_cbs_order_pool (id, into_time, leave_time, order_id, do_state, user_id, position_id, into_pool_no, create_time, creator, update_time, updator, state) VALUES (55, '2019-03-26 20:59:35', '2019-03-27 03:32:04', 54, 3, 8, 6, 1, '2019-03-26 20:59:35', 13, '2019-03-27 03:32:04', 8, 1);
INSERT INTO gzx.t_cbs_order_pool (id, into_time, leave_time, order_id, do_state, user_id, position_id, into_pool_no, create_time, creator, update_time, updator, state) VALUES (65, '2019-03-27 03:32:04', null, 54, 2, 10, 12, 1, '2019-03-27 03:32:04', 8, null, 0, 1);
INSERT INTO gzx.t_cbs_order_pool (id, into_time, leave_time, order_id, do_state, user_id, position_id, into_pool_no, create_time, creator, update_time, updator, state) VALUES (66, '2019-03-27 03:40:48', '2019-03-27 03:44:38', 55, 3, 13, 11, 1, '2019-03-27 03:40:48', 13, '2019-03-27 03:44:38', 13, 1);
INSERT INTO gzx.t_cbs_order_pool (id, into_time, leave_time, order_id, do_state, user_id, position_id, into_pool_no, create_time, creator, update_time, updator, state) VALUES (67, '2019-03-27 03:44:38', '2019-03-27 03:45:28', 55, 3, 14, 8, 1, '2019-03-27 03:44:38', 13, '2019-03-27 03:45:28', 14, 1);
INSERT INTO gzx.t_cbs_order_pool (id, into_time, leave_time, order_id, do_state, user_id, position_id, into_pool_no, create_time, creator, update_time, updator, state) VALUES (68, '2019-03-27 03:45:28', '2019-03-27 03:46:25', 55, 3, 13, 11, 2, '2019-03-27 03:45:28', 14, '2019-03-27 03:46:25', 13, 1);
INSERT INTO gzx.t_cbs_order_pool (id, into_time, leave_time, order_id, do_state, user_id, position_id, into_pool_no, create_time, creator, update_time, updator, state) VALUES (69, '2019-03-27 03:46:25', '2019-03-27 03:48:18', 55, 3, 8, 6, 1, '2019-03-27 03:46:25', 13, '2019-03-27 03:48:18', 8, 1);
INSERT INTO gzx.t_cbs_order_pool (id, into_time, leave_time, order_id, do_state, user_id, position_id, into_pool_no, create_time, creator, update_time, updator, state) VALUES (70, '2019-03-27 03:48:18', '2019-03-27 04:42:11', 55, 3, 10, 12, 1, '2019-03-27 03:48:18', 8, '2019-03-27 04:42:11', 10, 1);
INSERT INTO gzx.t_cbs_order_pool (id, into_time, leave_time, order_id, do_state, user_id, position_id, into_pool_no, create_time, creator, update_time, updator, state) VALUES (71, '2019-03-27 04:42:11', '2019-03-27 04:42:45', 55, 3, 9, 7, 1, '2019-03-27 04:42:11', 10, '2019-03-27 04:42:45', 9, 1);
INSERT INTO gzx.t_cbs_order_pool (id, into_time, leave_time, order_id, do_state, user_id, position_id, into_pool_no, create_time, creator, update_time, updator, state) VALUES (72, '2019-03-27 04:42:45', '2019-03-27 07:08:29', 55, 3, 9, 7, 2, '2019-03-27 04:42:45', 9, '2019-03-27 07:08:29', 9, 1);
INSERT INTO gzx.t_cbs_order_pool (id, into_time, leave_time, order_id, do_state, user_id, position_id, into_pool_no, create_time, creator, update_time, updator, state) VALUES (83, '2019-03-27 07:08:29', '2019-03-27 07:11:45', 55, 3, 10, 12, 2, '2019-03-27 07:08:29', 9, '2019-03-27 07:11:45', 10, 1);
INSERT INTO gzx.t_cbs_order_pool (id, into_time, leave_time, order_id, do_state, user_id, position_id, into_pool_no, create_time, creator, update_time, updator, state) VALUES (84, '2019-03-27 07:11:45', '2019-03-27 07:13:06', 55, 3, 7, 14, 1, '2019-03-27 07:11:45', 10, '2019-03-27 07:13:06', 7, 1);
INSERT INTO gzx.t_cbs_order_pool (id, into_time, leave_time, order_id, do_state, user_id, position_id, into_pool_no, create_time, creator, update_time, updator, state) VALUES (85, '2019-03-27 07:13:06', '2019-03-27 07:13:43', 55, 3, 10, 12, 3, '2019-03-27 07:13:06', 7, '2019-03-27 07:13:43', 10, 1);
INSERT INTO gzx.t_cbs_order_pool (id, into_time, leave_time, order_id, do_state, user_id, position_id, into_pool_no, create_time, creator, update_time, updator, state) VALUES (86, '2019-03-27 07:13:43', '2019-03-27 07:14:04', 55, 3, 10, 12, 4, '2019-03-27 07:13:43', 10, '2019-03-27 07:14:04', 10, 1);
INSERT INTO gzx.t_cbs_order_pool (id, into_time, leave_time, order_id, do_state, user_id, position_id, into_pool_no, create_time, creator, update_time, updator, state) VALUES (87, '2019-03-27 07:14:04', '2019-03-27 07:14:20', 55, 3, 9, 7, 3, '2019-03-27 07:14:04', 10, '2019-03-27 07:14:20', 9, 1);
INSERT INTO gzx.t_cbs_order_pool (id, into_time, leave_time, order_id, do_state, user_id, position_id, into_pool_no, create_time, creator, update_time, updator, state) VALUES (88, '2019-03-27 07:14:20', '2019-03-27 07:14:23', 55, 3, 9, 7, 4, '2019-03-27 07:14:20', 9, '2019-03-27 07:14:23', 9, 1);
INSERT INTO gzx.t_cbs_order_pool (id, into_time, leave_time, order_id, do_state, user_id, position_id, into_pool_no, create_time, creator, update_time, updator, state) VALUES (89, '2019-03-27 07:14:23', '2019-03-27 07:14:52', 55, 3, 10, 12, 5, '2019-03-27 07:14:23', 9, '2019-03-27 07:14:52', 10, 1);
INSERT INTO gzx.t_cbs_order_pool (id, into_time, leave_time, order_id, do_state, user_id, position_id, into_pool_no, create_time, creator, update_time, updator, state) VALUES (90, '2019-03-27 07:14:52', '2019-03-27 07:25:03', 55, 3, 9, 7, 5, '2019-03-27 07:14:52', 10, '2019-03-27 07:25:03', 9, 1);
INSERT INTO gzx.t_cbs_order_pool (id, into_time, leave_time, order_id, do_state, user_id, position_id, into_pool_no, create_time, creator, update_time, updator, state) VALUES (92, '2019-03-27 07:25:03', '2019-03-27 07:39:43', 55, 3, 14, 8, 2, '2019-03-27 07:25:03', 9, '2019-03-27 07:39:43', 14, 1);
INSERT INTO gzx.t_cbs_order_pool (id, into_time, leave_time, order_id, do_state, user_id, position_id, into_pool_no, create_time, creator, update_time, updator, state) VALUES (93, '2019-03-28 06:45:33', null, 56, 2, 13, 11, 1, '2019-03-28 06:45:33', 13, null, 0, 1);
INSERT INTO gzx.t_cbs_order_pool (id, into_time, leave_time, order_id, do_state, user_id, position_id, into_pool_no, create_time, creator, update_time, updator, state) VALUES (94, '2019-03-28 06:50:10', null, 57, 2, 15, 11, 1, '2019-03-28 06:50:10', 15, null, 0, 1);
INSERT INTO gzx.t_cbs_order_pool (id, into_time, leave_time, order_id, do_state, user_id, position_id, into_pool_no, create_time, creator, update_time, updator, state) VALUES (95, '2019-03-28 07:15:11', '2019-03-28 07:21:57', 58, 3, 16, 11, 1, '2019-03-28 07:15:11', 16, '2019-03-28 07:21:57', 16, 1);
INSERT INTO gzx.t_cbs_order_pool (id, into_time, leave_time, order_id, do_state, user_id, position_id, into_pool_no, create_time, creator, update_time, updator, state) VALUES (96, '2019-03-28 07:21:57', '2019-03-28 07:23:11', 58, 3, 14, 8, 1, '2019-03-28 07:21:57', 16, '2019-03-28 07:23:11', 14, 1);
INSERT INTO gzx.t_cbs_order_pool (id, into_time, leave_time, order_id, do_state, user_id, position_id, into_pool_no, create_time, creator, update_time, updator, state) VALUES (97, '2019-03-28 07:23:11', '2019-03-28 07:23:47', 58, 3, 16, 11, 2, '2019-03-28 07:23:11', 14, '2019-03-28 07:23:47', 16, 1);
INSERT INTO gzx.t_cbs_order_pool (id, into_time, leave_time, order_id, do_state, user_id, position_id, into_pool_no, create_time, creator, update_time, updator, state) VALUES (98, '2019-03-28 07:23:47', '2019-03-28 07:24:18', 58, 3, 8, 6, 1, '2019-03-28 07:23:47', 16, '2019-03-28 07:24:18', 8, 1);
INSERT INTO gzx.t_cbs_order_pool (id, into_time, leave_time, order_id, do_state, user_id, position_id, into_pool_no, create_time, creator, update_time, updator, state) VALUES (99, '2019-03-28 07:24:18', '2019-03-28 07:28:50', 58, 3, 10, 12, 1, '2019-03-28 07:24:18', 8, '2019-03-28 07:28:50', 10, 1);
INSERT INTO gzx.t_cbs_order_pool (id, into_time, leave_time, order_id, do_state, user_id, position_id, into_pool_no, create_time, creator, update_time, updator, state) VALUES (100, '2019-03-28 07:28:50', '2019-03-28 07:29:07', 58, 3, 9, 7, 1, '2019-03-28 07:28:50', 10, '2019-03-28 07:29:07', 9, 1);
INSERT INTO gzx.t_cbs_order_pool (id, into_time, leave_time, order_id, do_state, user_id, position_id, into_pool_no, create_time, creator, update_time, updator, state) VALUES (101, '2019-03-28 07:29:07', '2019-03-28 07:29:20', 58, 3, 9, 7, 2, '2019-03-28 07:29:07', 9, '2019-03-28 07:29:20', 9, 1);
INSERT INTO gzx.t_cbs_order_pool (id, into_time, leave_time, order_id, do_state, user_id, position_id, into_pool_no, create_time, creator, update_time, updator, state) VALUES (102, '2019-03-28 07:29:20', null, 58, 2, 10, 12, 2, '2019-03-28 07:29:20', 9, null, 0, 1);
INSERT INTO gzx.t_cbs_order_pool (id, into_time, leave_time, order_id, do_state, user_id, position_id, into_pool_no, create_time, creator, update_time, updator, state) VALUES (103, '2019-03-28 08:01:59', '2019-03-28 08:03:07', 59, 3, 16, 11, 1, '2019-03-28 08:01:59', 16, '2019-03-28 08:03:07', 16, 1);
INSERT INTO gzx.t_cbs_order_pool (id, into_time, leave_time, order_id, do_state, user_id, position_id, into_pool_no, create_time, creator, update_time, updator, state) VALUES (104, '2019-03-28 08:03:07', '2019-03-28 08:05:04', 59, 3, 14, 8, 1, '2019-03-28 08:03:07', 16, '2019-03-28 08:05:04', 14, 1);
INSERT INTO gzx.t_cbs_order_pool (id, into_time, leave_time, order_id, do_state, user_id, position_id, into_pool_no, create_time, creator, update_time, updator, state) VALUES (105, '2019-03-28 08:05:04', '2019-03-28 08:05:49', 59, 3, 16, 11, 2, '2019-03-28 08:05:04', 14, '2019-03-28 08:05:49', 16, 1);
INSERT INTO gzx.t_cbs_order_pool (id, into_time, leave_time, order_id, do_state, user_id, position_id, into_pool_no, create_time, creator, update_time, updator, state) VALUES (106, '2019-03-28 08:05:49', '2019-03-28 08:06:04', 59, 3, 8, 6, 1, '2019-03-28 08:05:49', 16, '2019-03-28 08:06:04', 8, 1);
INSERT INTO gzx.t_cbs_order_pool (id, into_time, leave_time, order_id, do_state, user_id, position_id, into_pool_no, create_time, creator, update_time, updator, state) VALUES (107, '2019-03-28 08:06:04', '2019-03-28 08:07:28', 59, 3, 10, 12, 1, '2019-03-28 08:06:04', 8, '2019-03-28 08:07:28', 10, 1);
INSERT INTO gzx.t_cbs_order_pool (id, into_time, leave_time, order_id, do_state, user_id, position_id, into_pool_no, create_time, creator, update_time, updator, state) VALUES (108, '2019-03-28 08:07:28', '2019-03-28 08:07:43', 59, 3, 9, 7, 1, '2019-03-28 08:07:28', 10, '2019-03-28 08:07:43', 9, 1);
INSERT INTO gzx.t_cbs_order_pool (id, into_time, leave_time, order_id, do_state, user_id, position_id, into_pool_no, create_time, creator, update_time, updator, state) VALUES (109, '2019-03-28 08:07:43', '2019-03-28 08:08:03', 59, 3, 9, 7, 2, '2019-03-28 08:07:43', 9, '2019-03-28 08:08:03', 9, 1);
INSERT INTO gzx.t_cbs_order_pool (id, into_time, leave_time, order_id, do_state, user_id, position_id, into_pool_no, create_time, creator, update_time, updator, state) VALUES (110, '2019-03-28 08:08:03', '2019-03-28 08:09:19', 59, 3, 10, 12, 2, '2019-03-28 08:08:03', 9, '2019-03-28 08:09:19', 10, 1);
INSERT INTO gzx.t_cbs_order_pool (id, into_time, leave_time, order_id, do_state, user_id, position_id, into_pool_no, create_time, creator, update_time, updator, state) VALUES (111, '2019-03-28 08:09:19', '2019-03-28 08:09:51', 59, 3, 7, 14, 1, '2019-03-28 08:09:19', 10, '2019-03-28 08:09:51', 7, 1);
INSERT INTO gzx.t_cbs_order_pool (id, into_time, leave_time, order_id, do_state, user_id, position_id, into_pool_no, create_time, creator, update_time, updator, state) VALUES (112, '2019-03-28 08:09:51', '2019-03-28 08:10:47', 59, 3, 10, 12, 3, '2019-03-28 08:09:51', 7, '2019-03-28 08:10:47', 10, 1);
INSERT INTO gzx.t_cbs_order_pool (id, into_time, leave_time, order_id, do_state, user_id, position_id, into_pool_no, create_time, creator, update_time, updator, state) VALUES (113, '2019-03-28 08:10:47', '2019-03-28 08:10:49', 59, 3, 10, 12, 4, '2019-03-28 08:10:47', 10, '2019-03-28 08:10:49', 10, 1);
INSERT INTO gzx.t_cbs_order_pool (id, into_time, leave_time, order_id, do_state, user_id, position_id, into_pool_no, create_time, creator, update_time, updator, state) VALUES (114, '2019-03-28 08:10:49', '2019-03-28 08:11:07', 59, 3, 9, 7, 3, '2019-03-28 08:10:49', 10, '2019-03-28 08:11:07', 9, 1);
INSERT INTO gzx.t_cbs_order_pool (id, into_time, leave_time, order_id, do_state, user_id, position_id, into_pool_no, create_time, creator, update_time, updator, state) VALUES (115, '2019-03-28 08:11:07', '2019-03-28 08:11:10', 59, 3, 9, 7, 4, '2019-03-28 08:11:07', 9, '2019-03-28 08:11:10', 9, 1);
INSERT INTO gzx.t_cbs_order_pool (id, into_time, leave_time, order_id, do_state, user_id, position_id, into_pool_no, create_time, creator, update_time, updator, state) VALUES (116, '2019-03-28 08:11:10', '2019-03-28 08:11:37', 59, 3, 10, 12, 5, '2019-03-28 08:11:10', 9, '2019-03-28 08:11:37', 10, 1);
INSERT INTO gzx.t_cbs_order_pool (id, into_time, leave_time, order_id, do_state, user_id, position_id, into_pool_no, create_time, creator, update_time, updator, state) VALUES (117, '2019-03-28 08:11:37', '2019-03-28 08:11:51', 59, 3, 9, 7, 5, '2019-03-28 08:11:37', 10, '2019-03-28 08:11:51', 9, 1);
INSERT INTO gzx.t_cbs_order_pool (id, into_time, leave_time, order_id, do_state, user_id, position_id, into_pool_no, create_time, creator, update_time, updator, state) VALUES (118, '2019-03-28 08:11:51', '2019-03-28 08:12:05', 59, 3, 14, 8, 2, '2019-03-28 08:11:51', 9, '2019-03-28 08:12:05', 14, 1);
INSERT INTO gzx.t_cbs_order_pool (id, into_time, leave_time, order_id, do_state, user_id, position_id, into_pool_no, create_time, creator, update_time, updator, state) VALUES (119, '2019-03-28 09:35:14', '2019-03-28 09:38:08', 60, 3, 16, 11, 1, '2019-03-28 09:35:14', 16, '2019-03-28 09:38:08', 16, 1);
INSERT INTO gzx.t_cbs_order_pool (id, into_time, leave_time, order_id, do_state, user_id, position_id, into_pool_no, create_time, creator, update_time, updator, state) VALUES (120, '2019-03-28 09:38:08', '2019-03-28 09:38:43', 60, 3, 14, 8, 1, '2019-03-28 09:38:08', 16, '2019-03-28 09:38:43', 14, 1);
INSERT INTO gzx.t_cbs_order_pool (id, into_time, leave_time, order_id, do_state, user_id, position_id, into_pool_no, create_time, creator, update_time, updator, state) VALUES (121, '2019-03-28 09:38:43', '2019-03-28 09:39:20', 60, 3, 16, 11, 2, '2019-03-28 09:38:43', 14, '2019-03-28 09:39:20', 16, 1);
INSERT INTO gzx.t_cbs_order_pool (id, into_time, leave_time, order_id, do_state, user_id, position_id, into_pool_no, create_time, creator, update_time, updator, state) VALUES (122, '2019-03-28 09:39:20', '2019-03-28 09:39:43', 60, 3, 8, 6, 1, '2019-03-28 09:39:20', 16, '2019-03-28 09:39:43', 8, 1);
INSERT INTO gzx.t_cbs_order_pool (id, into_time, leave_time, order_id, do_state, user_id, position_id, into_pool_no, create_time, creator, update_time, updator, state) VALUES (123, '2019-03-28 09:39:43', '2019-03-28 09:40:25', 60, 3, 10, 12, 1, '2019-03-28 09:39:43', 8, '2019-03-28 09:40:25', 10, 1);
INSERT INTO gzx.t_cbs_order_pool (id, into_time, leave_time, order_id, do_state, user_id, position_id, into_pool_no, create_time, creator, update_time, updator, state) VALUES (124, '2019-03-28 09:40:25', '2019-03-28 09:40:48', 60, 3, 9, 7, 1, '2019-03-28 09:40:25', 10, '2019-03-28 09:40:48', 9, 1);
INSERT INTO gzx.t_cbs_order_pool (id, into_time, leave_time, order_id, do_state, user_id, position_id, into_pool_no, create_time, creator, update_time, updator, state) VALUES (125, '2019-03-28 09:40:48', '2019-03-28 09:40:52', 60, 3, 9, 7, 2, '2019-03-28 09:40:48', 9, '2019-03-28 09:40:52', 9, 1);
INSERT INTO gzx.t_cbs_order_pool (id, into_time, leave_time, order_id, do_state, user_id, position_id, into_pool_no, create_time, creator, update_time, updator, state) VALUES (126, '2019-03-28 09:40:52', '2019-03-28 09:43:13', 60, 3, 10, 12, 2, '2019-03-28 09:40:52', 9, '2019-03-28 09:43:13', 10, 1);
INSERT INTO gzx.t_cbs_order_pool (id, into_time, leave_time, order_id, do_state, user_id, position_id, into_pool_no, create_time, creator, update_time, updator, state) VALUES (127, '2019-03-28 09:43:13', '2019-03-28 09:43:27', 60, 3, 7, 14, 1, '2019-03-28 09:43:13', 10, '2019-03-28 09:43:27', 7, 1);
INSERT INTO gzx.t_cbs_order_pool (id, into_time, leave_time, order_id, do_state, user_id, position_id, into_pool_no, create_time, creator, update_time, updator, state) VALUES (128, '2019-03-28 09:43:27', '2019-03-28 09:44:04', 60, 3, 10, 12, 3, '2019-03-28 09:43:27', 7, '2019-03-28 09:44:04', 10, 1);
INSERT INTO gzx.t_cbs_order_pool (id, into_time, leave_time, order_id, do_state, user_id, position_id, into_pool_no, create_time, creator, update_time, updator, state) VALUES (129, '2019-03-28 09:44:04', '2019-03-28 09:44:05', 60, 3, 10, 12, 4, '2019-03-28 09:44:04', 10, '2019-03-28 09:44:05', 10, 1);
INSERT INTO gzx.t_cbs_order_pool (id, into_time, leave_time, order_id, do_state, user_id, position_id, into_pool_no, create_time, creator, update_time, updator, state) VALUES (130, '2019-03-28 09:44:05', '2019-03-28 09:44:19', 60, 3, 9, 7, 3, '2019-03-28 09:44:05', 10, '2019-03-28 09:44:19', 9, 1);
INSERT INTO gzx.t_cbs_order_pool (id, into_time, leave_time, order_id, do_state, user_id, position_id, into_pool_no, create_time, creator, update_time, updator, state) VALUES (131, '2019-03-28 09:44:19', '2019-03-28 09:44:20', 60, 3, 9, 7, 4, '2019-03-28 09:44:19', 9, '2019-03-28 09:44:20', 9, 1);
INSERT INTO gzx.t_cbs_order_pool (id, into_time, leave_time, order_id, do_state, user_id, position_id, into_pool_no, create_time, creator, update_time, updator, state) VALUES (132, '2019-03-28 09:44:20', '2019-03-28 09:44:47', 60, 3, 10, 12, 5, '2019-03-28 09:44:20', 9, '2019-03-28 09:44:47', 10, 1);
INSERT INTO gzx.t_cbs_order_pool (id, into_time, leave_time, order_id, do_state, user_id, position_id, into_pool_no, create_time, creator, update_time, updator, state) VALUES (133, '2019-03-28 09:44:47', '2019-03-28 09:45:08', 60, 3, 9, 7, 5, '2019-03-28 09:44:47', 10, '2019-03-28 09:45:08', 9, 1);
INSERT INTO gzx.t_cbs_order_pool (id, into_time, leave_time, order_id, do_state, user_id, position_id, into_pool_no, create_time, creator, update_time, updator, state) VALUES (134, '2019-03-28 09:45:08', '2019-03-28 09:45:22', 60, 3, 14, 8, 2, '2019-03-28 09:45:08', 9, '2019-03-28 09:45:22', 14, 1);
INSERT INTO gzx.t_cbs_order_pool (id, into_time, leave_time, order_id, do_state, user_id, position_id, into_pool_no, create_time, creator, update_time, updator, state) VALUES (135, '2019-03-28 20:30:24', '2019-03-28 20:32:08', 61, 3, 16, 11, 1, '2019-03-28 20:30:24', 16, '2019-03-28 20:32:08', 16, 1);
INSERT INTO gzx.t_cbs_order_pool (id, into_time, leave_time, order_id, do_state, user_id, position_id, into_pool_no, create_time, creator, update_time, updator, state) VALUES (136, '2019-03-28 20:32:08', '2019-03-28 20:32:22', 61, 3, 14, 8, 1, '2019-03-28 20:32:08', 16, '2019-03-28 20:32:22', 14, 1);
INSERT INTO gzx.t_cbs_order_pool (id, into_time, leave_time, order_id, do_state, user_id, position_id, into_pool_no, create_time, creator, update_time, updator, state) VALUES (137, '2019-03-28 20:32:22', '2019-03-28 20:33:12', 61, 3, 16, 11, 2, '2019-03-28 20:32:22', 14, '2019-03-28 20:33:12', 16, 1);
INSERT INTO gzx.t_cbs_order_pool (id, into_time, leave_time, order_id, do_state, user_id, position_id, into_pool_no, create_time, creator, update_time, updator, state) VALUES (138, '2019-03-28 20:33:12', '2019-03-28 20:33:27', 61, 3, 8, 6, 1, '2019-03-28 20:33:12', 16, '2019-03-28 20:33:27', 8, 1);
INSERT INTO gzx.t_cbs_order_pool (id, into_time, leave_time, order_id, do_state, user_id, position_id, into_pool_no, create_time, creator, update_time, updator, state) VALUES (139, '2019-03-28 20:33:27', '2019-03-28 20:36:05', 61, 3, 10, 12, 1, '2019-03-28 20:33:27', 8, '2019-03-28 20:36:05', 10, 1);
INSERT INTO gzx.t_cbs_order_pool (id, into_time, leave_time, order_id, do_state, user_id, position_id, into_pool_no, create_time, creator, update_time, updator, state) VALUES (140, '2019-03-28 20:36:05', '2019-03-28 20:36:33', 61, 3, 9, 7, 1, '2019-03-28 20:36:05', 10, '2019-03-28 20:36:33', 9, 1);
INSERT INTO gzx.t_cbs_order_pool (id, into_time, leave_time, order_id, do_state, user_id, position_id, into_pool_no, create_time, creator, update_time, updator, state) VALUES (141, '2019-03-28 20:36:33', '2019-03-28 20:36:35', 61, 3, 9, 7, 2, '2019-03-28 20:36:33', 9, '2019-03-28 20:36:35', 9, 1);
INSERT INTO gzx.t_cbs_order_pool (id, into_time, leave_time, order_id, do_state, user_id, position_id, into_pool_no, create_time, creator, update_time, updator, state) VALUES (142, '2019-03-28 20:36:35', '2019-03-28 20:42:27', 61, 3, 10, 12, 2, '2019-03-28 20:36:35', 9, '2019-03-28 20:42:27', 10, 1);
INSERT INTO gzx.t_cbs_order_pool (id, into_time, leave_time, order_id, do_state, user_id, position_id, into_pool_no, create_time, creator, update_time, updator, state) VALUES (143, '2019-03-28 20:42:27', '2019-03-28 20:42:46', 61, 3, 7, 14, 1, '2019-03-28 20:42:27', 10, '2019-03-28 20:42:46', 7, 1);
INSERT INTO gzx.t_cbs_order_pool (id, into_time, leave_time, order_id, do_state, user_id, position_id, into_pool_no, create_time, creator, update_time, updator, state) VALUES (144, '2019-03-28 20:42:46', '2019-03-28 20:43:26', 61, 3, 10, 12, 3, '2019-03-28 20:42:46', 7, '2019-03-28 20:43:26', 10, 1);
INSERT INTO gzx.t_cbs_order_pool (id, into_time, leave_time, order_id, do_state, user_id, position_id, into_pool_no, create_time, creator, update_time, updator, state) VALUES (145, '2019-03-28 20:43:26', '2019-03-28 20:43:27', 61, 3, 10, 12, 4, '2019-03-28 20:43:26', 10, '2019-03-28 20:43:27', 10, 1);
INSERT INTO gzx.t_cbs_order_pool (id, into_time, leave_time, order_id, do_state, user_id, position_id, into_pool_no, create_time, creator, update_time, updator, state) VALUES (146, '2019-03-28 20:43:27', '2019-03-28 20:43:48', 61, 3, 9, 7, 3, '2019-03-28 20:43:27', 10, '2019-03-28 20:43:48', 9, 1);
INSERT INTO gzx.t_cbs_order_pool (id, into_time, leave_time, order_id, do_state, user_id, position_id, into_pool_no, create_time, creator, update_time, updator, state) VALUES (147, '2019-03-28 20:43:48', '2019-03-28 20:43:49', 61, 3, 9, 7, 4, '2019-03-28 20:43:48', 9, '2019-03-28 20:43:49', 9, 1);
INSERT INTO gzx.t_cbs_order_pool (id, into_time, leave_time, order_id, do_state, user_id, position_id, into_pool_no, create_time, creator, update_time, updator, state) VALUES (148, '2019-03-28 20:43:49', '2019-03-28 20:44:13', 61, 3, 10, 12, 5, '2019-03-28 20:43:49', 9, '2019-03-28 20:44:13', 10, 1);
INSERT INTO gzx.t_cbs_order_pool (id, into_time, leave_time, order_id, do_state, user_id, position_id, into_pool_no, create_time, creator, update_time, updator, state) VALUES (149, '2019-03-28 20:44:13', '2019-03-28 20:44:25', 61, 3, 9, 7, 5, '2019-03-28 20:44:13', 10, '2019-03-28 20:44:25', 9, 1);
INSERT INTO gzx.t_cbs_order_pool (id, into_time, leave_time, order_id, do_state, user_id, position_id, into_pool_no, create_time, creator, update_time, updator, state) VALUES (150, '2019-03-28 20:44:25', '2019-03-28 20:46:32', 61, 3, 14, 8, 2, '2019-03-28 20:44:25', 9, '2019-03-28 20:46:32', 14, 1);
INSERT INTO gzx.t_cbs_order_pool (id, into_time, leave_time, order_id, do_state, user_id, position_id, into_pool_no, create_time, creator, update_time, updator, state) VALUES (151, '2019-03-28 22:41:09', '2019-03-28 22:42:02', 62, 3, 16, 11, 1, '2019-03-28 22:41:09', 16, '2019-03-28 22:42:02', 16, 1);
INSERT INTO gzx.t_cbs_order_pool (id, into_time, leave_time, order_id, do_state, user_id, position_id, into_pool_no, create_time, creator, update_time, updator, state) VALUES (152, '2019-03-28 22:42:02', '2019-03-28 22:42:18', 62, 3, 14, 8, 1, '2019-03-28 22:42:02', 16, '2019-03-28 22:42:18', 14, 1);
INSERT INTO gzx.t_cbs_order_pool (id, into_time, leave_time, order_id, do_state, user_id, position_id, into_pool_no, create_time, creator, update_time, updator, state) VALUES (153, '2019-03-28 22:42:18', '2019-03-28 22:42:37', 62, 3, 16, 11, 2, '2019-03-28 22:42:18', 14, '2019-03-28 22:42:37', 16, 1);
INSERT INTO gzx.t_cbs_order_pool (id, into_time, leave_time, order_id, do_state, user_id, position_id, into_pool_no, create_time, creator, update_time, updator, state) VALUES (154, '2019-03-28 22:42:37', '2019-03-28 22:42:51', 62, 3, 8, 6, 1, '2019-03-28 22:42:37', 16, '2019-03-28 22:42:51', 8, 1);
INSERT INTO gzx.t_cbs_order_pool (id, into_time, leave_time, order_id, do_state, user_id, position_id, into_pool_no, create_time, creator, update_time, updator, state) VALUES (155, '2019-03-28 22:42:51', '2019-03-28 22:43:25', 62, 3, 10, 12, 1, '2019-03-28 22:42:51', 8, '2019-03-28 22:43:25', 10, 1);
INSERT INTO gzx.t_cbs_order_pool (id, into_time, leave_time, order_id, do_state, user_id, position_id, into_pool_no, create_time, creator, update_time, updator, state) VALUES (156, '2019-03-28 22:43:25', '2019-03-28 22:43:41', 62, 3, 9, 7, 1, '2019-03-28 22:43:25', 10, '2019-03-28 22:43:41', 9, 1);
INSERT INTO gzx.t_cbs_order_pool (id, into_time, leave_time, order_id, do_state, user_id, position_id, into_pool_no, create_time, creator, update_time, updator, state) VALUES (157, '2019-03-28 22:43:41', '2019-03-28 22:43:42', 62, 3, 9, 7, 2, '2019-03-28 22:43:41', 9, '2019-03-28 22:43:42', 9, 1);
INSERT INTO gzx.t_cbs_order_pool (id, into_time, leave_time, order_id, do_state, user_id, position_id, into_pool_no, create_time, creator, update_time, updator, state) VALUES (158, '2019-03-28 22:43:42', '2019-03-28 22:49:54', 62, 3, 10, 12, 2, '2019-03-28 22:43:42', 9, '2019-03-28 22:49:54', 10, 1);
INSERT INTO gzx.t_cbs_order_pool (id, into_time, leave_time, order_id, do_state, user_id, position_id, into_pool_no, create_time, creator, update_time, updator, state) VALUES (159, '2019-03-28 22:49:54', '2019-03-28 22:50:13', 62, 3, 7, 14, 1, '2019-03-28 22:49:54', 10, '2019-03-28 22:50:13', 7, 1);
INSERT INTO gzx.t_cbs_order_pool (id, into_time, leave_time, order_id, do_state, user_id, position_id, into_pool_no, create_time, creator, update_time, updator, state) VALUES (160, '2019-03-28 22:50:13', '2019-03-28 22:53:18', 62, 3, 10, 12, 3, '2019-03-28 22:50:13', 7, '2019-03-28 22:53:18', 10, 1);
INSERT INTO gzx.t_cbs_order_pool (id, into_time, leave_time, order_id, do_state, user_id, position_id, into_pool_no, create_time, creator, update_time, updator, state) VALUES (161, '2019-03-28 22:53:18', '2019-03-28 22:53:19', 62, 3, 10, 12, 4, '2019-03-28 22:53:18', 10, '2019-03-28 22:53:19', 10, 1);
INSERT INTO gzx.t_cbs_order_pool (id, into_time, leave_time, order_id, do_state, user_id, position_id, into_pool_no, create_time, creator, update_time, updator, state) VALUES (162, '2019-03-28 22:53:19', '2019-03-28 22:53:30', 62, 3, 9, 7, 3, '2019-03-28 22:53:19', 10, '2019-03-28 22:53:30', 9, 1);
INSERT INTO gzx.t_cbs_order_pool (id, into_time, leave_time, order_id, do_state, user_id, position_id, into_pool_no, create_time, creator, update_time, updator, state) VALUES (163, '2019-03-28 22:53:30', '2019-03-28 22:53:32', 62, 3, 9, 7, 4, '2019-03-28 22:53:30', 9, '2019-03-28 22:53:32', 9, 1);
INSERT INTO gzx.t_cbs_order_pool (id, into_time, leave_time, order_id, do_state, user_id, position_id, into_pool_no, create_time, creator, update_time, updator, state) VALUES (164, '2019-03-28 22:53:32', '2019-03-28 22:53:50', 62, 3, 10, 12, 5, '2019-03-28 22:53:32', 9, '2019-03-28 22:53:50', 10, 1);
INSERT INTO gzx.t_cbs_order_pool (id, into_time, leave_time, order_id, do_state, user_id, position_id, into_pool_no, create_time, creator, update_time, updator, state) VALUES (165, '2019-03-28 22:53:50', '2019-03-28 22:54:09', 62, 3, 9, 7, 5, '2019-03-28 22:53:50', 10, '2019-03-28 22:54:09', 9, 1);
INSERT INTO gzx.t_cbs_order_pool (id, into_time, leave_time, order_id, do_state, user_id, position_id, into_pool_no, create_time, creator, update_time, updator, state) VALUES (166, '2019-03-28 22:54:09', '2019-03-28 22:56:36', 62, 3, 14, 8, 2, '2019-03-28 22:54:09', 9, '2019-03-28 22:56:36', 14, 1);
INSERT INTO gzx.t_cbs_order_pool (id, into_time, leave_time, order_id, do_state, user_id, position_id, into_pool_no, create_time, creator, update_time, updator, state) VALUES (167, '2019-04-02 02:06:47', '2019-04-02 02:07:15', 63, 3, 16, 11, 1, '2019-04-02 02:06:47', 16, '2019-04-02 02:07:15', 16, 1);
INSERT INTO gzx.t_cbs_order_pool (id, into_time, leave_time, order_id, do_state, user_id, position_id, into_pool_no, create_time, creator, update_time, updator, state) VALUES (168, '2019-04-02 02:07:15', '2019-04-02 02:07:39', 63, 3, 14, 8, 1, '2019-04-02 02:07:15', 16, '2019-04-02 02:07:39', 14, 1);
INSERT INTO gzx.t_cbs_order_pool (id, into_time, leave_time, order_id, do_state, user_id, position_id, into_pool_no, create_time, creator, update_time, updator, state) VALUES (169, '2019-04-02 02:07:39', '2019-04-02 02:09:01', 63, 3, 16, 11, 2, '2019-04-02 02:07:39', 14, '2019-04-02 02:09:01', 16, 1);
INSERT INTO gzx.t_cbs_order_pool (id, into_time, leave_time, order_id, do_state, user_id, position_id, into_pool_no, create_time, creator, update_time, updator, state) VALUES (170, '2019-04-02 02:09:01', '2019-04-02 02:09:26', 63, 3, 8, 6, 1, '2019-04-02 02:09:01', 16, '2019-04-02 02:09:26', 8, 1);
INSERT INTO gzx.t_cbs_order_pool (id, into_time, leave_time, order_id, do_state, user_id, position_id, into_pool_no, create_time, creator, update_time, updator, state) VALUES (171, '2019-04-02 02:09:26', '2019-04-02 02:10:22', 63, 3, 10, 12, 1, '2019-04-02 02:09:26', 8, '2019-04-02 02:10:22', 10, 1);
INSERT INTO gzx.t_cbs_order_pool (id, into_time, leave_time, order_id, do_state, user_id, position_id, into_pool_no, create_time, creator, update_time, updator, state) VALUES (172, '2019-04-02 02:10:22', '2019-04-02 02:10:55', 63, 3, 9, 7, 1, '2019-04-02 02:10:22', 10, '2019-04-02 02:10:55', 9, 1);
INSERT INTO gzx.t_cbs_order_pool (id, into_time, leave_time, order_id, do_state, user_id, position_id, into_pool_no, create_time, creator, update_time, updator, state) VALUES (173, '2019-04-02 02:10:55', '2019-04-02 02:11:01', 63, 3, 9, 7, 2, '2019-04-02 02:10:55', 9, '2019-04-02 02:11:01', 9, 1);
INSERT INTO gzx.t_cbs_order_pool (id, into_time, leave_time, order_id, do_state, user_id, position_id, into_pool_no, create_time, creator, update_time, updator, state) VALUES (174, '2019-04-02 02:11:01', '2019-04-02 02:12:02', 63, 3, 10, 12, 2, '2019-04-02 02:11:01', 9, '2019-04-02 02:12:02', 10, 1);
INSERT INTO gzx.t_cbs_order_pool (id, into_time, leave_time, order_id, do_state, user_id, position_id, into_pool_no, create_time, creator, update_time, updator, state) VALUES (175, '2019-04-02 02:12:02', '2019-04-02 02:12:21', 63, 3, 7, 14, 1, '2019-04-02 02:12:02', 10, '2019-04-02 02:12:21', 7, 1);
INSERT INTO gzx.t_cbs_order_pool (id, into_time, leave_time, order_id, do_state, user_id, position_id, into_pool_no, create_time, creator, update_time, updator, state) VALUES (176, '2019-04-02 02:12:21', '2019-04-02 02:12:55', 63, 3, 10, 12, 3, '2019-04-02 02:12:21', 7, '2019-04-02 02:12:55', 10, 1);
INSERT INTO gzx.t_cbs_order_pool (id, into_time, leave_time, order_id, do_state, user_id, position_id, into_pool_no, create_time, creator, update_time, updator, state) VALUES (177, '2019-04-02 02:12:55', '2019-04-02 02:13:00', 63, 3, 10, 12, 4, '2019-04-02 02:12:55', 10, '2019-04-02 02:13:00', 10, 1);
INSERT INTO gzx.t_cbs_order_pool (id, into_time, leave_time, order_id, do_state, user_id, position_id, into_pool_no, create_time, creator, update_time, updator, state) VALUES (178, '2019-04-02 02:13:00', '2019-04-02 02:13:16', 63, 3, 9, 7, 3, '2019-04-02 02:13:00', 10, '2019-04-02 02:13:16', 9, 1);
INSERT INTO gzx.t_cbs_order_pool (id, into_time, leave_time, order_id, do_state, user_id, position_id, into_pool_no, create_time, creator, update_time, updator, state) VALUES (179, '2019-04-02 02:13:16', '2019-04-02 02:13:20', 63, 3, 9, 7, 4, '2019-04-02 02:13:16', 9, '2019-04-02 02:13:20', 9, 1);
INSERT INTO gzx.t_cbs_order_pool (id, into_time, leave_time, order_id, do_state, user_id, position_id, into_pool_no, create_time, creator, update_time, updator, state) VALUES (180, '2019-04-02 02:13:20', '2019-04-02 02:13:45', 63, 3, 10, 12, 5, '2019-04-02 02:13:20', 9, '2019-04-02 02:13:45', 10, 1);
INSERT INTO gzx.t_cbs_order_pool (id, into_time, leave_time, order_id, do_state, user_id, position_id, into_pool_no, create_time, creator, update_time, updator, state) VALUES (181, '2019-04-02 02:13:45', '2019-04-02 02:14:13', 63, 3, 9, 7, 5, '2019-04-02 02:13:45', 10, '2019-04-02 02:14:13', 9, 1);
INSERT INTO gzx.t_cbs_order_pool (id, into_time, leave_time, order_id, do_state, user_id, position_id, into_pool_no, create_time, creator, update_time, updator, state) VALUES (182, '2019-04-02 02:14:13', '2019-04-02 02:14:24', 63, 3, 14, 8, 2, '2019-04-02 02:14:13', 9, '2019-04-02 02:14:24', 14, 1);
INSERT INTO gzx.t_cbs_order_pool (id, into_time, leave_time, order_id, do_state, user_id, position_id, into_pool_no, create_time, creator, update_time, updator, state) VALUES (183, '2019-04-02 04:53:10', '2019-04-02 04:53:15', 64, 3, 16, 11, 1, '2019-04-02 04:53:10', 16, '2019-04-02 04:53:15', 16, 1);
INSERT INTO gzx.t_cbs_order_pool (id, into_time, leave_time, order_id, do_state, user_id, position_id, into_pool_no, create_time, creator, update_time, updator, state) VALUES (184, '2019-04-02 04:53:15', '2019-04-02 04:53:35', 64, 3, 14, 8, 1, '2019-04-02 04:53:15', 16, '2019-04-02 04:53:35', 14, 1);
INSERT INTO gzx.t_cbs_order_pool (id, into_time, leave_time, order_id, do_state, user_id, position_id, into_pool_no, create_time, creator, update_time, updator, state) VALUES (185, '2019-04-02 04:53:35', '2019-04-02 04:54:16', 64, 3, 16, 11, 2, '2019-04-02 04:53:35', 14, '2019-04-02 04:54:16', 16, 1);
INSERT INTO gzx.t_cbs_order_pool (id, into_time, leave_time, order_id, do_state, user_id, position_id, into_pool_no, create_time, creator, update_time, updator, state) VALUES (186, '2019-04-02 04:54:16', '2019-04-02 04:54:34', 64, 3, 8, 6, 1, '2019-04-02 04:54:16', 16, '2019-04-02 04:54:34', 8, 1);
INSERT INTO gzx.t_cbs_order_pool (id, into_time, leave_time, order_id, do_state, user_id, position_id, into_pool_no, create_time, creator, update_time, updator, state) VALUES (187, '2019-04-02 04:54:34', '2019-04-02 04:55:09', 64, 3, 10, 12, 1, '2019-04-02 04:54:34', 8, '2019-04-02 04:55:09', 10, 1);
INSERT INTO gzx.t_cbs_order_pool (id, into_time, leave_time, order_id, do_state, user_id, position_id, into_pool_no, create_time, creator, update_time, updator, state) VALUES (188, '2019-04-02 04:55:09', '2019-04-02 04:55:21', 64, 3, 9, 7, 1, '2019-04-02 04:55:09', 10, '2019-04-02 04:55:21', 9, 1);
INSERT INTO gzx.t_cbs_order_pool (id, into_time, leave_time, order_id, do_state, user_id, position_id, into_pool_no, create_time, creator, update_time, updator, state) VALUES (189, '2019-04-02 04:55:21', '2019-04-02 04:55:33', 64, 3, 9, 7, 2, '2019-04-02 04:55:21', 9, '2019-04-02 04:55:33', 9, 1);
INSERT INTO gzx.t_cbs_order_pool (id, into_time, leave_time, order_id, do_state, user_id, position_id, into_pool_no, create_time, creator, update_time, updator, state) VALUES (190, '2019-04-02 04:55:33', '2019-04-02 04:56:33', 64, 3, 10, 12, 2, '2019-04-02 04:55:33', 9, '2019-04-02 04:56:33', 10, 1);
INSERT INTO gzx.t_cbs_order_pool (id, into_time, leave_time, order_id, do_state, user_id, position_id, into_pool_no, create_time, creator, update_time, updator, state) VALUES (191, '2019-04-02 04:56:33', '2019-04-02 04:56:49', 64, 3, 7, 14, 1, '2019-04-02 04:56:33', 10, '2019-04-02 04:56:49', 7, 1);
INSERT INTO gzx.t_cbs_order_pool (id, into_time, leave_time, order_id, do_state, user_id, position_id, into_pool_no, create_time, creator, update_time, updator, state) VALUES (192, '2019-04-02 04:56:49', '2019-04-02 04:57:29', 64, 3, 10, 12, 3, '2019-04-02 04:56:49', 7, '2019-04-02 04:57:29', 10, 1);
INSERT INTO gzx.t_cbs_order_pool (id, into_time, leave_time, order_id, do_state, user_id, position_id, into_pool_no, create_time, creator, update_time, updator, state) VALUES (193, '2019-04-02 04:57:29', '2019-04-02 04:57:31', 64, 3, 10, 12, 4, '2019-04-02 04:57:29', 10, '2019-04-02 04:57:31', 10, 1);
INSERT INTO gzx.t_cbs_order_pool (id, into_time, leave_time, order_id, do_state, user_id, position_id, into_pool_no, create_time, creator, update_time, updator, state) VALUES (194, '2019-04-02 04:57:31', '2019-04-02 04:57:50', 64, 3, 9, 7, 3, '2019-04-02 04:57:31', 10, '2019-04-02 04:57:50', 9, 1);
INSERT INTO gzx.t_cbs_order_pool (id, into_time, leave_time, order_id, do_state, user_id, position_id, into_pool_no, create_time, creator, update_time, updator, state) VALUES (195, '2019-04-02 04:57:50', '2019-04-02 04:57:51', 64, 3, 9, 7, 4, '2019-04-02 04:57:50', 9, '2019-04-02 04:57:51', 9, 1);
INSERT INTO gzx.t_cbs_order_pool (id, into_time, leave_time, order_id, do_state, user_id, position_id, into_pool_no, create_time, creator, update_time, updator, state) VALUES (196, '2019-04-02 04:57:51', '2019-04-02 04:58:15', 64, 3, 10, 12, 5, '2019-04-02 04:57:51', 9, '2019-04-02 04:58:15', 10, 1);
INSERT INTO gzx.t_cbs_order_pool (id, into_time, leave_time, order_id, do_state, user_id, position_id, into_pool_no, create_time, creator, update_time, updator, state) VALUES (197, '2019-04-02 04:58:15', '2019-04-02 04:58:25', 64, 3, 9, 7, 5, '2019-04-02 04:58:15', 10, '2019-04-02 04:58:25', 9, 1);
INSERT INTO gzx.t_cbs_order_pool (id, into_time, leave_time, order_id, do_state, user_id, position_id, into_pool_no, create_time, creator, update_time, updator, state) VALUES (198, '2019-04-02 04:58:25', '2019-04-02 08:05:20', 64, 3, 14, 8, 2, '2019-04-02 04:58:25', 9, '2019-04-02 08:05:20', 14, 1);
INSERT INTO gzx.t_cbs_order_pool (id, into_time, leave_time, order_id, do_state, user_id, position_id, into_pool_no, create_time, creator, update_time, updator, state) VALUES (199, '2019-04-08 08:16:44', '2019-04-18 08:15:29', 65, 3, 16, 11, 1, '2019-04-08 08:16:44', 16, '2019-04-18 08:15:29', 16, 1);
INSERT INTO gzx.t_cbs_order_pool (id, into_time, leave_time, order_id, do_state, user_id, position_id, into_pool_no, create_time, creator, update_time, updator, state) VALUES (200, '2019-04-11 15:14:33', null, 67, 2, 14, 8, 1, '2019-04-11 15:14:33', 0, null, 0, 1);
INSERT INTO gzx.t_cbs_order_pool (id, into_time, leave_time, order_id, do_state, user_id, position_id, into_pool_no, create_time, creator, update_time, updator, state) VALUES (201, '2019-04-11 15:14:50', null, 68, 2, 14, 8, 1, '2019-04-11 15:14:50', 0, null, 0, 1);
INSERT INTO gzx.t_cbs_order_pool (id, into_time, leave_time, order_id, do_state, user_id, position_id, into_pool_no, create_time, creator, update_time, updator, state) VALUES (202, '2019-04-11 15:14:50', null, 69, 2, 14, 8, 1, '2019-04-11 15:14:50', 0, null, 0, 1);
INSERT INTO gzx.t_cbs_order_pool (id, into_time, leave_time, order_id, do_state, user_id, position_id, into_pool_no, create_time, creator, update_time, updator, state) VALUES (203, '2019-04-11 15:14:53', null, 70, 2, 14, 8, 1, '2019-04-11 15:14:53', 0, null, 0, 1);
INSERT INTO gzx.t_cbs_order_pool (id, into_time, leave_time, order_id, do_state, user_id, position_id, into_pool_no, create_time, creator, update_time, updator, state) VALUES (204, '2019-04-12 01:20:41', '2019-04-12 01:21:01', 71, 3, 14, 8, 1, '2019-04-12 01:20:41', 0, '2019-04-12 01:21:01', 0, 1);
INSERT INTO gzx.t_cbs_order_pool (id, into_time, leave_time, order_id, do_state, user_id, position_id, into_pool_no, create_time, creator, update_time, updator, state) VALUES (205, '2019-04-12 01:20:41', '2019-04-12 01:21:01', 72, 3, 14, 8, 1, '2019-04-12 01:20:41', 0, '2019-04-12 01:21:01', 0, 1);
INSERT INTO gzx.t_cbs_order_pool (id, into_time, leave_time, order_id, do_state, user_id, position_id, into_pool_no, create_time, creator, update_time, updator, state) VALUES (206, '2019-04-12 01:21:01', null, 71, 2, 16, 11, 1, '2019-04-12 01:21:01', 0, null, 0, 1);
INSERT INTO gzx.t_cbs_order_pool (id, into_time, leave_time, order_id, do_state, user_id, position_id, into_pool_no, create_time, creator, update_time, updator, state) VALUES (207, '2019-04-12 01:21:01', null, 72, 2, 15, 11, 1, '2019-04-12 01:21:01', 0, null, 0, 1);
INSERT INTO gzx.t_cbs_order_pool (id, into_time, leave_time, order_id, do_state, user_id, position_id, into_pool_no, create_time, creator, update_time, updator, state) VALUES (210, '2019-04-12 05:45:16', '2019-04-12 05:47:28', 79, 3, 14, 8, 1, '2019-04-12 05:45:16', 0, '2019-04-12 05:47:28', 0, 1);
INSERT INTO gzx.t_cbs_order_pool (id, into_time, leave_time, order_id, do_state, user_id, position_id, into_pool_no, create_time, creator, update_time, updator, state) VALUES (211, '2019-04-12 05:45:16', '2019-04-12 05:47:28', 80, 3, 14, 8, 1, '2019-04-12 05:45:16', 0, '2019-04-12 05:47:28', 0, 1);
INSERT INTO gzx.t_cbs_order_pool (id, into_time, leave_time, order_id, do_state, user_id, position_id, into_pool_no, create_time, creator, update_time, updator, state) VALUES (212, '2019-04-12 05:47:28', null, 79, 2, 13, 11, 1, '2019-04-12 05:47:28', 0, null, 0, 1);
INSERT INTO gzx.t_cbs_order_pool (id, into_time, leave_time, order_id, do_state, user_id, position_id, into_pool_no, create_time, creator, update_time, updator, state) VALUES (213, '2019-04-12 05:47:28', '2019-04-18 06:21:03', 80, 3, 16, 11, 1, '2019-04-12 05:47:28', 0, '2019-04-18 06:21:03', 16, 1);
INSERT INTO gzx.t_cbs_order_pool (id, into_time, leave_time, order_id, do_state, user_id, position_id, into_pool_no, create_time, creator, update_time, updator, state) VALUES (214, '2019-04-14 02:02:12', '2019-04-18 06:34:17', 82, 3, 16, 11, 1, '2019-04-14 02:02:12', 16, '2019-04-18 06:34:17', 16, 1);
INSERT INTO gzx.t_cbs_order_pool (id, into_time, leave_time, order_id, do_state, user_id, position_id, into_pool_no, create_time, creator, update_time, updator, state) VALUES (215, '2019-04-14 03:01:19', '2019-04-18 06:27:38', 84, 3, 16, 11, 1, '2019-04-14 03:01:19', 16, '2019-04-18 06:27:38', 16, 1);
INSERT INTO gzx.t_cbs_order_pool (id, into_time, leave_time, order_id, do_state, user_id, position_id, into_pool_no, create_time, creator, update_time, updator, state) VALUES (216, '2019-04-14 06:07:17', '2019-04-16 05:58:03', 85, 3, 16, 11, 1, '2019-04-14 06:07:17', 16, '2019-04-16 05:58:03', 16, 1);
INSERT INTO gzx.t_cbs_order_pool (id, into_time, leave_time, order_id, do_state, user_id, position_id, into_pool_no, create_time, creator, update_time, updator, state) VALUES (217, '2019-04-15 15:47:44', '2019-04-16 03:29:49', 86, 3, 16, 11, 1, '2019-04-15 15:47:44', 16, '2019-04-16 03:29:49', 16, 1);
INSERT INTO gzx.t_cbs_order_pool (id, into_time, leave_time, order_id, do_state, user_id, position_id, into_pool_no, create_time, creator, update_time, updator, state) VALUES (218, '2019-04-16 03:29:49', '2019-04-16 05:56:09', 86, 3, 14, 8, 1, '2019-04-16 03:29:49', 16, '2019-04-16 05:56:09', 14, 1);
INSERT INTO gzx.t_cbs_order_pool (id, into_time, leave_time, order_id, do_state, user_id, position_id, into_pool_no, create_time, creator, update_time, updator, state) VALUES (219, '2019-04-16 05:56:09', '2019-04-16 05:57:03', 86, 3, 16, 11, 2, '2019-04-16 05:56:09', 14, '2019-04-16 05:57:03', 16, 1);
INSERT INTO gzx.t_cbs_order_pool (id, into_time, leave_time, order_id, do_state, user_id, position_id, into_pool_no, create_time, creator, update_time, updator, state) VALUES (220, '2019-04-16 05:57:03', null, 86, 2, 8, 6, 1, '2019-04-16 05:57:03', 16, null, 0, 1);
INSERT INTO gzx.t_cbs_order_pool (id, into_time, leave_time, order_id, do_state, user_id, position_id, into_pool_no, create_time, creator, update_time, updator, state) VALUES (221, '2019-04-16 05:58:03', null, 85, 2, 14, 8, 1, '2019-04-16 05:58:03', 16, null, 0, 1);
INSERT INTO gzx.t_cbs_order_pool (id, into_time, leave_time, order_id, do_state, user_id, position_id, into_pool_no, create_time, creator, update_time, updator, state) VALUES (222, '2019-04-18 06:21:03', null, 80, 2, 8, 6, 1, '2019-04-18 06:21:03', 16, null, 0, 1);
INSERT INTO gzx.t_cbs_order_pool (id, into_time, leave_time, order_id, do_state, user_id, position_id, into_pool_no, create_time, creator, update_time, updator, state) VALUES (223, '2019-04-18 06:27:38', null, 84, 2, 14, 8, 1, '2019-04-18 06:27:38', 16, null, 0, 1);
INSERT INTO gzx.t_cbs_order_pool (id, into_time, leave_time, order_id, do_state, user_id, position_id, into_pool_no, create_time, creator, update_time, updator, state) VALUES (224, '2019-04-18 06:34:17', null, 82, 2, 14, 8, 1, '2019-04-18 06:34:17', 16, null, 0, 1);
INSERT INTO gzx.t_cbs_order_pool (id, into_time, leave_time, order_id, do_state, user_id, position_id, into_pool_no, create_time, creator, update_time, updator, state) VALUES (226, '2019-04-18 08:15:29', null, 65, 2, 14, 8, 1, '2019-04-18 08:15:29', 16, null, 0, 1);
INSERT INTO gzx.t_cbs_order_pool (id, into_time, leave_time, order_id, do_state, user_id, position_id, into_pool_no, create_time, creator, update_time, updator, state) VALUES (227, '2019-04-19 15:44:22', '2019-04-19 15:46:46', 87, 3, 16, 11, 1, '2019-04-19 15:44:22', 16, '2019-04-19 15:46:46', 16, 1);
INSERT INTO gzx.t_cbs_order_pool (id, into_time, leave_time, order_id, do_state, user_id, position_id, into_pool_no, create_time, creator, update_time, updator, state) VALUES (228, '2019-04-19 15:46:46', '2019-04-19 15:47:31', 87, 3, 14, 8, 1, '2019-04-19 15:46:46', 16, '2019-04-19 15:47:31', 14, 1);
INSERT INTO gzx.t_cbs_order_pool (id, into_time, leave_time, order_id, do_state, user_id, position_id, into_pool_no, create_time, creator, update_time, updator, state) VALUES (229, '2019-04-19 15:47:31', null, 87, 2, 16, 11, 2, '2019-04-19 15:47:31', 14, null, 0, 1);
INSERT INTO gzx.t_cbs_order_pool (id, into_time, leave_time, order_id, do_state, user_id, position_id, into_pool_no, create_time, creator, update_time, updator, state) VALUES (230, '2019-04-22 01:22:29', '2019-04-22 02:00:05', 88, 3, 14, 8, 1, '2019-04-22 01:22:29', 0, '2019-04-22 02:00:05', 0, 1);
INSERT INTO gzx.t_cbs_order_pool (id, into_time, leave_time, order_id, do_state, user_id, position_id, into_pool_no, create_time, creator, update_time, updator, state) VALUES (231, '2019-04-22 02:00:05', null, 88, 2, 16, 11, 1, '2019-04-22 02:00:05', 0, null, 0, 1);
INSERT INTO gzx.t_cbs_order_pool (id, into_time, leave_time, order_id, do_state, user_id, position_id, into_pool_no, create_time, creator, update_time, updator, state) VALUES (232, '2019-04-22 07:20:04', '2019-04-22 07:21:59', 89, 3, 14, 8, 1, '2019-04-22 07:20:04', 0, '2019-04-22 07:21:59', 14, 1);
INSERT INTO gzx.t_cbs_order_pool (id, into_time, leave_time, order_id, do_state, user_id, position_id, into_pool_no, create_time, creator, update_time, updator, state) VALUES (233, '2019-04-22 07:21:59', '2019-04-22 08:28:11', 89, 3, 15, 11, 1, '2019-04-22 07:21:59', 14, '2019-04-22 08:28:11', 15, 1);
INSERT INTO gzx.t_cbs_order_pool (id, into_time, leave_time, order_id, do_state, user_id, position_id, into_pool_no, create_time, creator, update_time, updator, state) VALUES (235, '2019-04-22 08:28:11', '2019-04-22 09:10:42', 89, 3, 8, 6, 1, '2019-04-22 08:28:11', 15, '2019-04-22 09:10:42', 8, 1);
INSERT INTO gzx.t_cbs_order_pool (id, into_time, leave_time, order_id, do_state, user_id, position_id, into_pool_no, create_time, creator, update_time, updator, state) VALUES (236, '2019-04-22 09:10:42', '2019-04-22 09:13:06', 89, 3, 10, 12, 1, '2019-04-22 09:10:42', 8, '2019-04-22 09:13:06', 10, 1);
INSERT INTO gzx.t_cbs_order_pool (id, into_time, leave_time, order_id, do_state, user_id, position_id, into_pool_no, create_time, creator, update_time, updator, state) VALUES (237, '2019-04-22 09:13:06', '2019-04-22 09:14:39', 89, 3, 9, 7, 1, '2019-04-22 09:13:06', 10, '2019-04-22 09:14:39', 9, 1);
INSERT INTO gzx.t_cbs_order_pool (id, into_time, leave_time, order_id, do_state, user_id, position_id, into_pool_no, create_time, creator, update_time, updator, state) VALUES (238, '2019-04-22 09:14:39', '2019-04-22 09:16:02', 89, 3, 9, 7, 2, '2019-04-22 09:14:39', 9, '2019-04-22 09:16:02', 9, 1);
INSERT INTO gzx.t_cbs_order_pool (id, into_time, leave_time, order_id, do_state, user_id, position_id, into_pool_no, create_time, creator, update_time, updator, state) VALUES (239, '2019-04-22 09:16:02', '2019-04-22 09:19:00', 89, 3, 10, 12, 2, '2019-04-22 09:16:02', 9, '2019-04-22 09:19:00', 10, 1);
INSERT INTO gzx.t_cbs_order_pool (id, into_time, leave_time, order_id, do_state, user_id, position_id, into_pool_no, create_time, creator, update_time, updator, state) VALUES (240, '2019-04-22 09:19:00', '2019-04-22 09:30:33', 89, 3, 7, 14, 1, '2019-04-22 09:19:00', 10, '2019-04-22 09:30:33', 7, 1);
INSERT INTO gzx.t_cbs_order_pool (id, into_time, leave_time, order_id, do_state, user_id, position_id, into_pool_no, create_time, creator, update_time, updator, state) VALUES (241, '2019-04-22 09:30:33', '2019-04-22 09:31:09', 89, 3, 10, 12, 3, '2019-04-22 09:30:33', 7, '2019-04-22 09:31:09', 10, 1);
INSERT INTO gzx.t_cbs_order_pool (id, into_time, leave_time, order_id, do_state, user_id, position_id, into_pool_no, create_time, creator, update_time, updator, state) VALUES (242, '2019-04-22 09:31:09', '2019-04-22 09:31:34', 89, 3, 10, 12, 4, '2019-04-22 09:31:09', 10, '2019-04-22 09:31:34', 10, 1);
INSERT INTO gzx.t_cbs_order_pool (id, into_time, leave_time, order_id, do_state, user_id, position_id, into_pool_no, create_time, creator, update_time, updator, state) VALUES (243, '2019-04-22 09:31:34', null, 89, 2, 9, 7, 3, '2019-04-22 09:31:34', 10, null, 0, 1);
INSERT INTO gzx.t_cbs_order_pool (id, into_time, leave_time, order_id, do_state, user_id, position_id, into_pool_no, create_time, creator, update_time, updator, state) VALUES (244, '2019-04-22 10:40:08', '2019-04-22 10:46:57', 90, 3, 14, 8, 1, '2019-04-22 10:40:08', 15, '2019-04-22 10:46:57', 14, 1);
INSERT INTO gzx.t_cbs_order_pool (id, into_time, leave_time, order_id, do_state, user_id, position_id, into_pool_no, create_time, creator, update_time, updator, state) VALUES (245, '2019-04-22 10:46:57', '2019-04-22 11:19:26', 90, 3, 15, 11, 1, '2019-04-22 10:46:57', 14, '2019-04-22 11:19:26', 15, 1);
INSERT INTO gzx.t_cbs_order_pool (id, into_time, leave_time, order_id, do_state, user_id, position_id, into_pool_no, create_time, creator, update_time, updator, state) VALUES (246, '2019-04-22 11:19:26', '2019-04-22 11:26:59', 90, 3, 8, 6, 1, '2019-04-22 11:19:26', 15, '2019-04-22 11:26:59', 8, 1);
INSERT INTO gzx.t_cbs_order_pool (id, into_time, leave_time, order_id, do_state, user_id, position_id, into_pool_no, create_time, creator, update_time, updator, state) VALUES (247, '2019-04-22 11:26:59', '2019-04-22 11:27:46', 90, 3, 10, 12, 1, '2019-04-22 11:26:59', 8, '2019-04-22 11:27:46', 10, 1);
INSERT INTO gzx.t_cbs_order_pool (id, into_time, leave_time, order_id, do_state, user_id, position_id, into_pool_no, create_time, creator, update_time, updator, state) VALUES (248, '2019-04-22 11:27:46', '2019-04-22 11:28:54', 90, 3, 9, 7, 1, '2019-04-22 11:27:46', 10, '2019-04-22 11:28:54', 9, 1);
INSERT INTO gzx.t_cbs_order_pool (id, into_time, leave_time, order_id, do_state, user_id, position_id, into_pool_no, create_time, creator, update_time, updator, state) VALUES (249, '2019-04-22 11:28:54', '2019-04-22 11:50:41', 90, 3, 9, 7, 2, '2019-04-22 11:28:54', 9, '2019-04-22 11:50:41', 9, 1);
INSERT INTO gzx.t_cbs_order_pool (id, into_time, leave_time, order_id, do_state, user_id, position_id, into_pool_no, create_time, creator, update_time, updator, state) VALUES (250, '2019-04-22 11:50:41', '2019-04-22 11:52:14', 90, 3, 10, 12, 2, '2019-04-22 11:50:41', 9, '2019-04-22 11:52:14', 10, 1);
INSERT INTO gzx.t_cbs_order_pool (id, into_time, leave_time, order_id, do_state, user_id, position_id, into_pool_no, create_time, creator, update_time, updator, state) VALUES (251, '2019-04-22 11:52:14', '2019-04-22 11:52:45', 90, 3, 7, 14, 1, '2019-04-22 11:52:14', 10, '2019-04-22 11:52:45', 7, 1);
INSERT INTO gzx.t_cbs_order_pool (id, into_time, leave_time, order_id, do_state, user_id, position_id, into_pool_no, create_time, creator, update_time, updator, state) VALUES (252, '2019-04-22 11:52:45', '2019-04-22 11:53:15', 90, 3, 10, 12, 3, '2019-04-22 11:52:45', 7, '2019-04-22 11:53:15', 10, 1);
INSERT INTO gzx.t_cbs_order_pool (id, into_time, leave_time, order_id, do_state, user_id, position_id, into_pool_no, create_time, creator, update_time, updator, state) VALUES (253, '2019-04-22 11:53:15', '2019-04-22 11:53:24', 90, 3, 10, 12, 4, '2019-04-22 11:53:15', 10, '2019-04-22 11:53:24', 10, 1);
INSERT INTO gzx.t_cbs_order_pool (id, into_time, leave_time, order_id, do_state, user_id, position_id, into_pool_no, create_time, creator, update_time, updator, state) VALUES (254, '2019-04-22 11:53:24', '2019-04-22 11:54:08', 90, 3, 9, 7, 3, '2019-04-22 11:53:24', 10, '2019-04-22 11:54:08', 9, 1);
INSERT INTO gzx.t_cbs_order_pool (id, into_time, leave_time, order_id, do_state, user_id, position_id, into_pool_no, create_time, creator, update_time, updator, state) VALUES (255, '2019-04-22 11:54:08', '2019-04-22 11:54:16', 90, 3, 9, 7, 4, '2019-04-22 11:54:08', 9, '2019-04-22 11:54:16', 9, 1);
INSERT INTO gzx.t_cbs_order_pool (id, into_time, leave_time, order_id, do_state, user_id, position_id, into_pool_no, create_time, creator, update_time, updator, state) VALUES (256, '2019-04-22 11:54:16', '2019-04-22 11:55:02', 90, 3, 10, 12, 5, '2019-04-22 11:54:16', 9, '2019-04-22 11:55:02', 10, 1);
INSERT INTO gzx.t_cbs_order_pool (id, into_time, leave_time, order_id, do_state, user_id, position_id, into_pool_no, create_time, creator, update_time, updator, state) VALUES (257, '2019-04-22 11:55:02', '2019-04-22 11:55:27', 90, 3, 9, 7, 5, '2019-04-22 11:55:02', 10, '2019-04-22 11:55:27', 9, 1);
INSERT INTO gzx.t_cbs_order_pool (id, into_time, leave_time, order_id, do_state, user_id, position_id, into_pool_no, create_time, creator, update_time, updator, state) VALUES (258, '2019-04-22 11:55:27', '2019-04-22 15:04:55', 90, 3, 14, 8, 2, '2019-04-22 11:55:27', 9, '2019-04-22 15:04:55', 14, 1);
INSERT INTO gzx.t_cbs_order_pool (id, into_time, leave_time, order_id, do_state, user_id, position_id, into_pool_no, create_time, creator, update_time, updator, state) VALUES (259, '2019-04-22 15:00:08', '2019-04-22 15:05:20', 91, 3, 14, 8, 1, '2019-04-22 15:00:08', 15, '2019-04-22 15:05:20', 14, 1);
INSERT INTO gzx.t_cbs_order_pool (id, into_time, leave_time, order_id, do_state, user_id, position_id, into_pool_no, create_time, creator, update_time, updator, state) VALUES (260, '2019-04-22 15:05:20', null, 91, 2, 15, 11, 1, '2019-04-22 15:05:20', 14, null, 0, 1);
INSERT INTO gzx.t_cbs_order_pool (id, into_time, leave_time, order_id, do_state, user_id, position_id, into_pool_no, create_time, creator, update_time, updator, state) VALUES (261, '2019-04-24 00:28:12', '2019-04-24 01:54:51', 92, 3, 14, 8, 1, '2019-04-24 00:28:12', 15, '2019-04-24 01:54:51', 14, 1);
INSERT INTO gzx.t_cbs_order_pool (id, into_time, leave_time, order_id, do_state, user_id, position_id, into_pool_no, create_time, creator, update_time, updator, state) VALUES (262, '2019-04-24 01:54:51', '2019-04-24 01:56:10', 92, 3, 15, 11, 1, '2019-04-24 01:54:51', 14, '2019-04-24 01:56:10', 15, 1);
INSERT INTO gzx.t_cbs_order_pool (id, into_time, leave_time, order_id, do_state, user_id, position_id, into_pool_no, create_time, creator, update_time, updator, state) VALUES (263, '2019-04-24 01:56:10', '2019-04-24 01:56:48', 92, 3, 8, 6, 1, '2019-04-24 01:56:10', 15, '2019-04-24 01:56:48', 8, 1);
INSERT INTO gzx.t_cbs_order_pool (id, into_time, leave_time, order_id, do_state, user_id, position_id, into_pool_no, create_time, creator, update_time, updator, state) VALUES (264, '2019-04-24 01:56:48', '2019-04-24 01:57:55', 92, 3, 10, 12, 1, '2019-04-24 01:56:48', 8, '2019-04-24 01:57:55', 10, 1);
INSERT INTO gzx.t_cbs_order_pool (id, into_time, leave_time, order_id, do_state, user_id, position_id, into_pool_no, create_time, creator, update_time, updator, state) VALUES (265, '2019-04-24 01:57:55', '2019-04-24 01:59:01', 92, 3, 9, 7, 1, '2019-04-24 01:57:55', 10, '2019-04-24 01:59:01', 9, 1);
INSERT INTO gzx.t_cbs_order_pool (id, into_time, leave_time, order_id, do_state, user_id, position_id, into_pool_no, create_time, creator, update_time, updator, state) VALUES (266, '2019-04-24 01:59:01', '2019-04-24 01:59:46', 92, 3, 9, 7, 2, '2019-04-24 01:59:01', 9, '2019-04-24 01:59:46', 9, 1);
INSERT INTO gzx.t_cbs_order_pool (id, into_time, leave_time, order_id, do_state, user_id, position_id, into_pool_no, create_time, creator, update_time, updator, state) VALUES (267, '2019-04-24 01:59:46', '2019-04-24 02:00:44', 92, 3, 10, 12, 2, '2019-04-24 01:59:46', 9, '2019-04-24 02:00:44', 10, 1);
INSERT INTO gzx.t_cbs_order_pool (id, into_time, leave_time, order_id, do_state, user_id, position_id, into_pool_no, create_time, creator, update_time, updator, state) VALUES (268, '2019-04-24 02:00:10', '2019-04-24 03:11:07', 93, 3, 14, 8, 1, '2019-04-24 02:00:10', 15, '2019-04-24 03:11:07', 15, 1);
INSERT INTO gzx.t_cbs_order_pool (id, into_time, leave_time, order_id, do_state, user_id, position_id, into_pool_no, create_time, creator, update_time, updator, state) VALUES (269, '2019-04-24 02:00:44', '2019-04-24 02:02:43', 92, 3, 7, 14, 1, '2019-04-24 02:00:44', 10, '2019-04-24 02:02:43', 7, 1);
INSERT INTO gzx.t_cbs_order_pool (id, into_time, leave_time, order_id, do_state, user_id, position_id, into_pool_no, create_time, creator, update_time, updator, state) VALUES (270, '2019-04-24 02:02:43', '2019-04-24 02:03:06', 92, 3, 10, 12, 3, '2019-04-24 02:02:43', 7, '2019-04-24 02:03:06', 10, 1);
INSERT INTO gzx.t_cbs_order_pool (id, into_time, leave_time, order_id, do_state, user_id, position_id, into_pool_no, create_time, creator, update_time, updator, state) VALUES (271, '2019-04-24 02:03:06', '2019-04-24 02:03:28', 92, 3, 10, 12, 4, '2019-04-24 02:03:06', 10, '2019-04-24 02:03:28', 10, 1);
INSERT INTO gzx.t_cbs_order_pool (id, into_time, leave_time, order_id, do_state, user_id, position_id, into_pool_no, create_time, creator, update_time, updator, state) VALUES (272, '2019-04-24 02:03:28', '2019-04-24 02:04:01', 92, 3, 9, 7, 3, '2019-04-24 02:03:28', 10, '2019-04-24 02:04:01', 9, 1);
INSERT INTO gzx.t_cbs_order_pool (id, into_time, leave_time, order_id, do_state, user_id, position_id, into_pool_no, create_time, creator, update_time, updator, state) VALUES (273, '2019-04-24 02:04:01', '2019-04-24 02:04:11', 92, 3, 9, 7, 4, '2019-04-24 02:04:01', 9, '2019-04-24 02:04:11', 9, 1);
INSERT INTO gzx.t_cbs_order_pool (id, into_time, leave_time, order_id, do_state, user_id, position_id, into_pool_no, create_time, creator, update_time, updator, state) VALUES (274, '2019-04-24 02:04:11', '2019-04-24 02:04:52', 92, 3, 10, 12, 5, '2019-04-24 02:04:11', 9, '2019-04-24 02:04:52', 10, 1);
INSERT INTO gzx.t_cbs_order_pool (id, into_time, leave_time, order_id, do_state, user_id, position_id, into_pool_no, create_time, creator, update_time, updator, state) VALUES (275, '2019-04-24 02:04:52', '2019-04-24 02:05:24', 92, 3, 9, 7, 5, '2019-04-24 02:04:52', 10, '2019-04-24 02:05:24', 9, 1);
INSERT INTO gzx.t_cbs_order_pool (id, into_time, leave_time, order_id, do_state, user_id, position_id, into_pool_no, create_time, creator, update_time, updator, state) VALUES (276, '2019-04-24 02:05:24', '2019-04-24 02:05:44', 92, 3, 14, 8, 2, '2019-04-24 02:05:24', 9, '2019-04-24 02:05:44', 14, 1);
INSERT INTO gzx.t_cbs_order_pool (id, into_time, leave_time, order_id, do_state, user_id, position_id, into_pool_no, create_time, creator, update_time, updator, state) VALUES (277, '2019-04-24 03:00:32', '2019-04-24 03:11:07', 94, 3, 14, 8, 1, '2019-04-24 03:00:32', 15, '2019-04-24 03:11:07', 15, 1);
INSERT INTO gzx.t_cbs_order_pool (id, into_time, leave_time, order_id, do_state, user_id, position_id, into_pool_no, create_time, creator, update_time, updator, state) VALUES (278, '2019-04-24 03:11:07', null, 94, 2, 15, 11, 1, '2019-04-24 03:11:07', 15, null, 0, 1);
INSERT INTO gzx.t_cbs_order_pool (id, into_time, leave_time, order_id, do_state, user_id, position_id, into_pool_no, create_time, creator, update_time, updator, state) VALUES (279, '2019-04-24 03:11:07', null, 93, 2, 15, 11, 1, '2019-04-24 03:11:07', 15, null, 0, 1);
INSERT INTO gzx.t_cbs_order_prod_cust (id, customer_id, identity_type, order_id, order_product_id) VALUES (11, 1, 1, 30, 9);
INSERT INTO gzx.t_cbs_order_prod_cust (id, customer_id, identity_type, order_id, order_product_id) VALUES (12, 1, 2, 30, 9);
INSERT INTO gzx.t_cbs_order_prod_cust (id, customer_id, identity_type, order_id, order_product_id) VALUES (13, 1, 1, 30, 10);
INSERT INTO gzx.t_cbs_order_prod_cust (id, customer_id, identity_type, order_id, order_product_id) VALUES (14, 1, 2, 30, 10);
INSERT INTO gzx.t_cbs_order_prod_cust (id, customer_id, identity_type, order_id, order_product_id) VALUES (15, 1, 1, 30, 11);
INSERT INTO gzx.t_cbs_order_prod_cust (id, customer_id, identity_type, order_id, order_product_id) VALUES (16, 1, 2, 30, 11);
INSERT INTO gzx.t_cbs_order_prod_cust (id, customer_id, identity_type, order_id, order_product_id) VALUES (17, 5, 1, 36, 12);
INSERT INTO gzx.t_cbs_order_prod_cust (id, customer_id, identity_type, order_id, order_product_id) VALUES (18, 5, 2, 36, 12);
INSERT INTO gzx.t_cbs_order_prod_cust (id, customer_id, identity_type, order_id, order_product_id) VALUES (19, 1, 1, 9, 13);
INSERT INTO gzx.t_cbs_order_prod_cust (id, customer_id, identity_type, order_id, order_product_id) VALUES (20, 1, 2, 9, 13);
INSERT INTO gzx.t_cbs_order_prod_cust (id, customer_id, identity_type, order_id, order_product_id) VALUES (21, 1, 1, 30, 14);
INSERT INTO gzx.t_cbs_order_prod_cust (id, customer_id, identity_type, order_id, order_product_id) VALUES (22, 1, 2, 30, 14);
INSERT INTO gzx.t_cbs_order_prod_cust (id, customer_id, identity_type, order_id, order_product_id) VALUES (23, 9, 1, 37, 15);
INSERT INTO gzx.t_cbs_order_prod_cust (id, customer_id, identity_type, order_id, order_product_id) VALUES (24, 9, 2, 37, 15);
INSERT INTO gzx.t_cbs_order_prod_cust (id, customer_id, identity_type, order_id, order_product_id) VALUES (25, 10, 1, 33, 16);
INSERT INTO gzx.t_cbs_order_prod_cust (id, customer_id, identity_type, order_id, order_product_id) VALUES (26, 10, 2, 33, 16);
INSERT INTO gzx.t_cbs_order_prod_cust (id, customer_id, identity_type, order_id, order_product_id) VALUES (27, 11, 1, 41, 17);
INSERT INTO gzx.t_cbs_order_prod_cust (id, customer_id, identity_type, order_id, order_product_id) VALUES (28, 11, 2, 41, 17);
INSERT INTO gzx.t_cbs_order_prod_cust (id, customer_id, identity_type, order_id, order_product_id) VALUES (29, 13, 1, 51, 18);
INSERT INTO gzx.t_cbs_order_prod_cust (id, customer_id, identity_type, order_id, order_product_id) VALUES (30, 13, 2, 51, 18);
INSERT INTO gzx.t_cbs_order_prod_cust (id, customer_id, identity_type, order_id, order_product_id) VALUES (31, 14, 1, 55, 19);
INSERT INTO gzx.t_cbs_order_prod_cust (id, customer_id, identity_type, order_id, order_product_id) VALUES (32, 14, 2, 55, 19);
INSERT INTO gzx.t_cbs_order_prod_cust (id, customer_id, identity_type, order_id, order_product_id) VALUES (33, 15, 1, 58, 20);
INSERT INTO gzx.t_cbs_order_prod_cust (id, customer_id, identity_type, order_id, order_product_id) VALUES (34, 15, 2, 58, 20);
INSERT INTO gzx.t_cbs_order_prod_cust (id, customer_id, identity_type, order_id, order_product_id) VALUES (35, 16, 1, 59, 21);
INSERT INTO gzx.t_cbs_order_prod_cust (id, customer_id, identity_type, order_id, order_product_id) VALUES (36, 16, 2, 59, 21);
INSERT INTO gzx.t_cbs_order_prod_cust (id, customer_id, identity_type, order_id, order_product_id) VALUES (37, 17, 1, 60, 22);
INSERT INTO gzx.t_cbs_order_prod_cust (id, customer_id, identity_type, order_id, order_product_id) VALUES (38, 17, 2, 60, 22);
INSERT INTO gzx.t_cbs_order_prod_cust (id, customer_id, identity_type, order_id, order_product_id) VALUES (39, 18, 1, 61, 23);
INSERT INTO gzx.t_cbs_order_prod_cust (id, customer_id, identity_type, order_id, order_product_id) VALUES (40, 18, 2, 61, 23);
INSERT INTO gzx.t_cbs_order_prod_cust (id, customer_id, identity_type, order_id, order_product_id) VALUES (41, 19, 1, 62, 24);
INSERT INTO gzx.t_cbs_order_prod_cust (id, customer_id, identity_type, order_id, order_product_id) VALUES (42, 19, 2, 62, 24);
INSERT INTO gzx.t_cbs_order_prod_cust (id, customer_id, identity_type, order_id, order_product_id) VALUES (43, 20, 1, 63, 25);
INSERT INTO gzx.t_cbs_order_prod_cust (id, customer_id, identity_type, order_id, order_product_id) VALUES (44, 20, 2, 63, 25);
INSERT INTO gzx.t_cbs_order_product (id, approve_state, approve_time, create_time, creator, fee, is_muti_loaner, order_id, order_prod_state, payment_time, plan_amount, plan_interest, plan_pay_way, plan_period_num, plan_period_type, plan_source, product_id, real_amount, real_interest, real_pay_way, real_period_num, real_period_type, relationship, service_id, update_time, updator, state) VALUES (10, 0, '2019-02-06 10:00:00', '2018-12-06 22:47:34', 0, null, null, 0, 7, null, 55.00, 22.00, 1, 22, 1, 0, 21, 66.00, null, 1, 0, 1, 0, 0, '2019-03-07 06:12:48', 0, 1);
INSERT INTO gzx.t_cbs_order_product (id, approve_state, approve_time, create_time, creator, fee, is_muti_loaner, order_id, order_prod_state, payment_time, plan_amount, plan_interest, plan_pay_way, plan_period_num, plan_period_type, plan_source, product_id, real_amount, real_interest, real_pay_way, real_period_num, real_period_type, relationship, service_id, update_time, updator, state) VALUES (11, 0, '2019-02-06 10:00:00', '2018-12-06 23:23:20', 0, null, null, 0, 7, null, 22.00, 22.00, 1, 22, 1, 0, 21, 66.00, null, 1, 0, 1, 0, 0, '2019-03-07 06:13:02', 0, 1);
INSERT INTO gzx.t_cbs_order_product (id, approve_state, approve_time, create_time, creator, fee, is_muti_loaner, order_id, order_prod_state, payment_time, plan_amount, plan_interest, plan_pay_way, plan_period_num, plan_period_type, plan_source, product_id, real_amount, real_interest, real_pay_way, real_period_num, real_period_type, relationship, service_id, update_time, updator, state) VALUES (16, 0, '2019-02-01 10:00:00', '2019-03-06 06:38:40', 0, null, null, 0, 7, null, 22.00, 22.00, 2, 11, 1, 0, 4, 11.00, 11.00, 2, 11, 1, 0, 0, '2019-03-07 05:43:22', 0, 1);
INSERT INTO gzx.t_cbs_order_product (id, approve_state, approve_time, create_time, creator, fee, is_muti_loaner, order_id, order_prod_state, payment_time, plan_amount, plan_interest, plan_pay_way, plan_period_num, plan_period_type, plan_source, product_id, real_amount, real_interest, real_pay_way, real_period_num, real_period_type, relationship, service_id, update_time, updator, state) VALUES (17, 0, '2019-03-04 11:00:00', '2019-03-18 21:49:10', 0, null, null, 0, 51, null, 22.00, 22.00, 1, 22, 1, 0, 8, 22.00, 22.00, 1, 22, 1, 0, 0, '2019-03-18 21:51:52', 0, 1);
INSERT INTO gzx.t_cbs_order_product (id, approve_state, approve_time, create_time, creator, fee, is_muti_loaner, order_id, order_prod_state, payment_time, plan_amount, plan_interest, plan_pay_way, plan_period_num, plan_period_type, plan_source, product_id, real_amount, real_interest, real_pay_way, real_period_num, real_period_type, relationship, service_id, update_time, updator, state) VALUES (18, 0, null, '2019-03-25 01:31:40', 0, null, null, 0, 104, null, 11.00, 11.00, 1, 22, 1, 0, 23, 22.00, 22.00, 1, 22, 1, 0, 0, null, null, 1);
INSERT INTO gzx.t_cbs_order_product (id, approve_state, approve_time, create_time, creator, fee, is_muti_loaner, order_id, order_prod_state, payment_time, plan_amount, plan_interest, plan_pay_way, plan_period_num, plan_period_type, plan_source, product_id, real_amount, real_interest, real_pay_way, real_period_num, real_period_type, relationship, service_id, update_time, updator, state) VALUES (19, 0, null, '2019-03-27 03:44:28', 0, null, null, 0, 101, null, 22.00, 22.00, 1, 22, 1, 0, 24, 90.00, 22.00, 1, 22, 1, 0, 0, null, null, 1);
INSERT INTO gzx.t_cbs_order_product (id, approve_state, approve_time, create_time, creator, fee, is_muti_loaner, order_id, order_prod_state, payment_time, plan_amount, plan_interest, plan_pay_way, plan_period_num, plan_period_type, plan_source, product_id, real_amount, real_interest, real_pay_way, real_period_num, real_period_type, relationship, service_id, update_time, updator, state) VALUES (20, 0, null, '2019-03-28 07:21:42', 0, null, null, 58, 101, null, 22.00, 22.00, 2, 22, 1, 0, 24, 22.00, 22.00, 1, 13, 1, 0, 0, null, null, 1);
INSERT INTO gzx.t_cbs_order_product (id, approve_state, approve_time, create_time, creator, fee, is_muti_loaner, order_id, order_prod_state, payment_time, plan_amount, plan_interest, plan_pay_way, plan_period_num, plan_period_type, plan_source, product_id, real_amount, real_interest, real_pay_way, real_period_num, real_period_type, relationship, service_id, update_time, updator, state) VALUES (21, 0, null, '2019-03-28 08:02:52', 0, null, null, 59, 101, null, null, null, 0, 0, 0, 0, 23, null, null, 0, 0, 0, 0, 0, null, null, 1);
INSERT INTO gzx.t_cbs_order_product (id, approve_state, approve_time, create_time, creator, fee, is_muti_loaner, order_id, order_prod_state, payment_time, plan_amount, plan_interest, plan_pay_way, plan_period_num, plan_period_type, plan_source, product_id, real_amount, real_interest, real_pay_way, real_period_num, real_period_type, relationship, service_id, update_time, updator, state) VALUES (22, 0, null, '2019-03-28 09:37:05', 0, null, null, 60, 101, null, null, null, 0, 0, 0, 0, 24, null, null, 0, 0, 0, 0, 0, null, null, 1);
INSERT INTO gzx.t_cbs_order_product (id, approve_state, approve_time, create_time, creator, fee, is_muti_loaner, order_id, order_prod_state, payment_time, plan_amount, plan_interest, plan_pay_way, plan_period_num, plan_period_type, plan_source, product_id, real_amount, real_interest, real_pay_way, real_period_num, real_period_type, relationship, service_id, update_time, updator, state) VALUES (23, 0, null, '2019-03-28 20:31:30', 0, null, null, 61, 101, null, 22.00, 22.00, 1, 22, 1, 0, 22, 22.00, 22.00, 1, 22, 0, 0, 0, null, null, 1);
INSERT INTO gzx.t_cbs_order_product (id, approve_state, approve_time, create_time, creator, fee, is_muti_loaner, order_id, order_prod_state, payment_time, plan_amount, plan_interest, plan_pay_way, plan_period_num, plan_period_type, plan_source, product_id, real_amount, real_interest, real_pay_way, real_period_num, real_period_type, relationship, service_id, update_time, updator, state) VALUES (24, 0, null, '2019-03-28 22:41:58', 0, null, null, 62, 101, null, 22.00, 22.00, 1, 22, 0, 0, 23, null, null, 0, 0, 0, 0, 0, null, null, 1);
INSERT INTO gzx.t_cbs_order_product (id, approve_state, approve_time, create_time, creator, fee, is_muti_loaner, order_id, order_prod_state, payment_time, plan_amount, plan_interest, plan_pay_way, plan_period_num, plan_period_type, plan_source, product_id, real_amount, real_interest, real_pay_way, real_period_num, real_period_type, relationship, service_id, update_time, updator, state) VALUES (25, 0, null, '2019-04-02 02:08:54', 0, null, null, 63, 104, null, 22.00, 22.00, 1, 2, 1, 0, 24, null, null, 0, 0, 0, 0, 0, null, null, 1);
INSERT INTO gzx.t_cbs_prod_interest (id, begin_date, create_time, creator, end_date, interest, period_type, product_id, state, update_time, updator) VALUES (1, '2018-12-31 10:00:00', '2019-03-06 21:43:11', 0, '2019-12-31 10:00:00', 0.10, 0, 32, 100, '2019-03-06 21:49:02', 0);
INSERT INTO gzx.t_cbs_prod_interest (id, begin_date, create_time, creator, end_date, interest, period_type, product_id, state, update_time, updator) VALUES (2, '2018-12-31 10:00:00', '2019-03-06 21:43:34', 0, '2019-12-31 10:00:00', 0.20, 1, 4, 1, null, 0);
INSERT INTO gzx.t_cbs_prod_interest (id, begin_date, create_time, creator, end_date, interest, period_type, product_id, state, update_time, updator) VALUES (3, '2018-12-31 10:00:00', '2019-03-06 21:53:16', 0, '2019-12-31 10:00:00', 0.20, 2, 4, 1, null, 0);
INSERT INTO gzx.t_cbs_prod_interest (id, begin_date, create_time, creator, end_date, interest, period_type, product_id, state, update_time, updator) VALUES (4, '2018-12-31 10:00:00', '2019-03-06 21:53:30', 0, '2019-12-31 10:00:00', 0.30, 3, 32, 1, null, 0);
INSERT INTO gzx.t_cbs_prod_interest (id, begin_date, create_time, creator, end_date, interest, period_type, product_id, state, update_time, updator) VALUES (5, '2018-12-31 10:00:00', '2019-03-06 21:53:47', 0, '2019-12-31 10:00:00', 0.50, 4, 32, 1, null, 0);
INSERT INTO gzx.t_cbs_product (id, bank_id, product_name, product_type, create_time, creator, product_state, update_time, updator, begin_date, end_date, state, brokerage, fair_fee, interest, law_fee, license_fee, busi_type, interest_way) VALUES (0, 0, '全部', 0, '2019-03-14 06:37:05', 0, 0, null, 0, '2018-12-31 10:00:00', '2019-12-30 10:00:00', 1, null, null, null, null, null, 0, null);
INSERT INTO gzx.t_cbs_product (id, bank_id, product_name, product_type, create_time, creator, product_state, update_time, updator, begin_date, end_date, state, brokerage, fair_fee, interest, law_fee, license_fee, busi_type, interest_way) VALUES (1, 1, '中信经营贷', 3, '2018-12-05 13:49:42', 0, 1, '2018-12-05 14:13:20', 0, '2018-12-05 13:49:32', '2018-12-05 13:52:42', 1, 0.10, 0.10, 0.10, 0.10, 0.10, 1, null);
INSERT INTO gzx.t_cbs_product (id, bank_id, product_name, product_type, create_time, creator, product_state, update_time, updator, begin_date, end_date, state, brokerage, fair_fee, interest, law_fee, license_fee, busi_type, interest_way) VALUES (2, 1, '华夏经营贷', 3, '2018-12-05 13:49:42', 0, 1, '2018-12-05 14:13:20', 0, '2018-12-05 13:49:32', '2018-12-05 13:52:42', 1, 0.10, 0.10, 0.10, 0.10, 0.10, 1, null);
INSERT INTO gzx.t_cbs_product (id, bank_id, product_name, product_type, create_time, creator, product_state, update_time, updator, begin_date, end_date, state, brokerage, fair_fee, interest, law_fee, license_fee, busi_type, interest_way) VALUES (3, 1, '包商经营贷', 3, '2018-12-05 13:49:42', 0, 1, '2018-12-05 14:13:20', 0, '2018-12-05 13:49:32', '2018-12-05 13:52:42', 1, 0.10, 0.10, 0.10, 0.10, 0.10, 1, null);
INSERT INTO gzx.t_cbs_product (id, bank_id, product_name, product_type, create_time, creator, product_state, update_time, updator, begin_date, end_date, state, brokerage, fair_fee, interest, law_fee, license_fee, busi_type, interest_way) VALUES (4, 1, '招商经营贷', 3, '2018-12-05 13:49:42', 0, 1, '2018-12-05 14:13:20', 0, '2018-12-05 13:49:32', '2018-12-05 13:52:42', 1, 0.10, 0.10, 0.10, 0.10, 0.10, 1, null);
INSERT INTO gzx.t_cbs_product (id, bank_id, product_name, product_type, create_time, creator, product_state, update_time, updator, begin_date, end_date, state, brokerage, fair_fee, interest, law_fee, license_fee, busi_type, interest_way) VALUES (5, 1, '招商二抵', 3, '2018-12-05 13:49:42', 0, 1, '2018-12-05 14:13:20', 0, '2018-12-05 13:49:32', '2018-12-05 13:52:42', 100, 0.10, 0.10, 0.10, 0.10, 0.10, 1, null);
INSERT INTO gzx.t_cbs_product (id, bank_id, product_name, product_type, create_time, creator, product_state, update_time, updator, begin_date, end_date, state, brokerage, fair_fee, interest, law_fee, license_fee, busi_type, interest_way) VALUES (6, 1, '招商超级抵押贷', 1, '2018-12-05 13:49:42', 0, 1, '2018-12-05 14:13:20', 0, '2018-12-05 13:49:32', '2018-12-05 13:52:42', 100, 0.10, 0.10, 0.10, 0.10, 0.10, 1, null);
INSERT INTO gzx.t_cbs_product (id, bank_id, product_name, product_type, create_time, creator, product_state, update_time, updator, begin_date, end_date, state, brokerage, fair_fee, interest, law_fee, license_fee, busi_type, interest_way) VALUES (7, 1, '兴业经营贷', 1, '2018-12-05 13:49:42', 0, 1, '2018-12-05 14:13:20', 0, '2018-12-05 13:49:32', '2018-12-05 13:52:42', 100, 0.10, 0.10, 0.10, 0.10, 0.10, 1, null);
INSERT INTO gzx.t_cbs_product (id, bank_id, product_name, product_type, create_time, creator, product_state, update_time, updator, begin_date, end_date, state, brokerage, fair_fee, interest, law_fee, license_fee, busi_type, interest_way) VALUES (8, 1, '廊坊经营贷', 1, '2018-12-05 13:49:42', 0, 1, '2018-12-05 14:13:20', 0, '2018-12-05 13:49:32', '2018-12-05 13:52:42', 100, 0.10, 0.10, 0.10, 0.10, 0.10, 1, null);
INSERT INTO gzx.t_cbs_product (id, bank_id, product_name, product_type, create_time, creator, product_state, update_time, updator, begin_date, end_date, state, brokerage, fair_fee, interest, law_fee, license_fee, busi_type, interest_way) VALUES (9, 6, '筑梦贷', 1, '2018-12-05 13:49:42', 0, 1, '2018-12-05 14:13:20', 0, '2018-12-05 13:49:32', '2018-12-05 13:52:42', 100, 0.10, 0.10, 0.10, 0.10, 0.10, 1, null);
INSERT INTO gzx.t_cbs_product (id, bank_id, product_name, product_type, create_time, creator, product_state, update_time, updator, begin_date, end_date, state, brokerage, fair_fee, interest, law_fee, license_fee, busi_type, interest_way) VALUES (10, 7, '宅易通', 1, '2018-12-05 13:49:42', 0, 1, '2018-12-05 14:13:20', 0, '2018-12-05 13:49:32', '2018-12-05 13:52:42', 100, 0.10, 0.10, 0.10, 0.10, 0.10, 1, null);
INSERT INTO gzx.t_cbs_product (id, bank_id, product_name, product_type, create_time, creator, product_state, update_time, updator, begin_date, end_date, state, brokerage, fair_fee, interest, law_fee, license_fee, busi_type, interest_way) VALUES (11, 1, '工商经营贷', 1, '2018-12-05 13:49:42', 0, 1, '2018-12-05 14:13:20', 0, '2018-12-05 13:49:32', '2018-12-05 13:52:42', 100, 0.10, 0.10, 0.10, 0.10, 0.10, 1, null);
INSERT INTO gzx.t_cbs_product (id, bank_id, product_name, product_type, create_time, creator, product_state, update_time, updator, begin_date, end_date, state, brokerage, fair_fee, interest, law_fee, license_fee, busi_type, interest_way) VALUES (12, 1, '浙商经营贷', 1, '2018-12-05 13:49:42', 0, 1, '2018-12-05 14:13:20', 0, '2018-12-05 13:49:32', '2018-12-05 13:52:42', 100, 0.10, 0.10, 0.10, 0.10, 0.10, 1, null);
INSERT INTO gzx.t_cbs_product (id, bank_id, product_name, product_type, create_time, creator, product_state, update_time, updator, begin_date, end_date, state, brokerage, fair_fee, interest, law_fee, license_fee, busi_type, interest_way) VALUES (13, 1, '广发经营贷', 1, '2018-12-05 13:49:42', 0, 1, '2018-12-05 14:13:20', 0, '2018-12-05 13:49:32', '2018-12-05 13:52:42', 100, 0.10, 0.10, 0.10, 0.10, 0.10, 1, null);
INSERT INTO gzx.t_cbs_product (id, bank_id, product_name, product_type, create_time, creator, product_state, update_time, updator, begin_date, end_date, state, brokerage, fair_fee, interest, law_fee, license_fee, busi_type, interest_way) VALUES (14, 1, '交通银行经营贷', 1, '2018-12-05 13:49:42', 0, 1, '2018-12-05 14:13:20', 0, '2018-12-05 13:49:32', '2018-12-05 13:52:42', 100, 0.10, 0.10, 0.10, 0.10, 0.10, 1, null);
INSERT INTO gzx.t_cbs_product (id, bank_id, product_name, product_type, create_time, creator, product_state, update_time, updator, begin_date, end_date, state, brokerage, fair_fee, interest, law_fee, license_fee, busi_type, interest_way) VALUES (15, 1, '邮储银行经营贷', 1, '2018-12-05 13:49:42', 0, 1, '2018-12-05 14:13:20', 0, '2018-12-05 13:49:32', '2018-12-05 13:52:42', 100, 0.10, 0.10, 0.10, 0.10, 0.10, 1, null);
INSERT INTO gzx.t_cbs_product (id, bank_id, product_name, product_type, create_time, creator, product_state, update_time, updator, begin_date, end_date, state, brokerage, fair_fee, interest, law_fee, license_fee, busi_type, interest_way) VALUES (16, 1, '友利银行经营贷', 1, '2018-12-05 13:49:42', 0, 1, '2018-12-05 14:13:20', 0, '2018-12-05 13:49:32', '2018-12-05 13:52:42', 100, 0.10, 0.10, 0.10, 0.10, 0.10, 1, null);
INSERT INTO gzx.t_cbs_product (id, bank_id, product_name, product_type, create_time, creator, product_state, update_time, updator, begin_date, end_date, state, brokerage, fair_fee, interest, law_fee, license_fee, busi_type, interest_way) VALUES (17, 1, '浦发房抵快贷', 1, '2018-12-05 13:49:42', 0, 1, '2018-12-05 14:13:20', 0, '2018-12-05 13:49:32', '2018-12-05 13:52:42', 100, 0.10, 0.10, 0.10, 0.10, 0.10, 1, null);
INSERT INTO gzx.t_cbs_product (id, bank_id, product_name, product_type, create_time, creator, product_state, update_time, updator, begin_date, end_date, state, brokerage, fair_fee, interest, law_fee, license_fee, busi_type, interest_way) VALUES (18, 1, '民生经营贷', 1, '2018-12-05 13:49:42', 0, 1, '2018-12-05 14:13:20', 0, '2018-12-05 13:49:32', '2018-12-05 13:52:42', 100, 0.10, 0.10, 0.10, 0.10, 0.10, 1, null);
INSERT INTO gzx.t_cbs_product (id, bank_id, product_name, product_type, create_time, creator, product_state, update_time, updator, begin_date, end_date, state, brokerage, fair_fee, interest, law_fee, license_fee, busi_type, interest_way) VALUES (19, 1, '民生云快贷', 1, '2018-12-05 13:49:42', 0, 1, '2018-12-05 14:13:20', 0, '2018-12-05 13:49:32', '2018-12-05 13:52:42', 100, 0.10, 0.10, 0.10, 0.10, 0.10, 1, null);
INSERT INTO gzx.t_cbs_product (id, bank_id, product_name, product_type, create_time, creator, product_state, update_time, updator, begin_date, end_date, state, brokerage, fair_fee, interest, law_fee, license_fee, busi_type, interest_way) VALUES (20, 1, '南京鑫快捷', 1, '2018-12-05 13:49:42', 0, 1, '2018-12-05 14:13:20', 0, '2018-12-05 13:49:32', '2018-12-05 13:52:42', 100, 0.10, 0.10, 0.10, 0.10, 0.10, 1, null);
INSERT INTO gzx.t_cbs_product (id, bank_id, product_name, product_type, create_time, creator, product_state, update_time, updator, begin_date, end_date, state, brokerage, fair_fee, interest, law_fee, license_fee, busi_type, interest_way) VALUES (21, 1, '光大银行经营贷', 1, '2018-12-05 13:49:42', 0, 1, '2018-12-05 14:13:20', 0, '2018-12-05 13:49:32', '2018-12-05 13:52:42', 100, 0.10, 0.10, 0.10, 0.10, 0.10, 1, null);
INSERT INTO gzx.t_cbs_product (id, bank_id, product_name, product_type, create_time, creator, product_state, update_time, updator, begin_date, end_date, state, brokerage, fair_fee, interest, law_fee, license_fee, busi_type, interest_way) VALUES (22, 1, '工行消费贷', 2, '2018-12-05 13:49:42', 0, 1, '2018-12-05 14:13:20', 0, '2018-12-05 13:49:32', '2018-12-05 13:52:42', 100, 0.10, 0.10, 0.10, 0.10, 0.10, 1, null);
INSERT INTO gzx.t_cbs_product (id, bank_id, product_name, product_type, create_time, creator, product_state, update_time, updator, begin_date, end_date, state, brokerage, fair_fee, interest, law_fee, license_fee, busi_type, interest_way) VALUES (23, 1, '招行消费贷', 2, '2018-12-05 13:49:42', 0, 1, '2018-12-05 14:13:20', 0, '2018-12-05 13:49:32', '2018-12-05 13:52:42', 100, 0.10, 0.10, 0.10, 0.10, 0.10, 1, null);
INSERT INTO gzx.t_cbs_product (id, bank_id, product_name, product_type, create_time, creator, product_state, update_time, updator, begin_date, end_date, state, brokerage, fair_fee, interest, law_fee, license_fee, busi_type, interest_way) VALUES (24, 1, '厦门银行消费贷', 2, '2018-12-05 13:49:42', 0, 1, '2018-12-05 14:13:20', 0, '2018-12-05 13:49:32', '2018-12-05 13:52:42', 100, 0.10, 0.10, 0.10, 0.10, 0.10, 1, null);
INSERT INTO gzx.t_cbs_product (id, bank_id, product_name, product_type, create_time, creator, product_state, update_time, updator, begin_date, end_date, state, brokerage, fair_fee, interest, law_fee, license_fee, busi_type, interest_way) VALUES (25, 1, '交通银行消费贷', 2, '2018-12-05 13:49:42', 0, 1, '2018-12-05 14:13:20', 0, '2018-12-05 13:49:32', '2018-12-05 13:52:42', 100, 0.10, 0.10, 0.10, 0.10, 0.10, 1, null);
INSERT INTO gzx.t_cbs_product (id, bank_id, product_name, product_type, create_time, creator, product_state, update_time, updator, begin_date, end_date, state, brokerage, fair_fee, interest, law_fee, license_fee, busi_type, interest_way) VALUES (26, 1, '中信消费贷', 2, '2018-12-05 13:49:42', 0, 1, '2018-12-05 14:13:20', 0, '2018-12-05 13:49:32', '2018-12-05 13:52:42', 100, 0.10, 0.10, 0.10, 0.10, 0.10, 1, null);
INSERT INTO gzx.t_cbs_product (id, bank_id, product_name, product_type, create_time, creator, product_state, update_time, updator, begin_date, end_date, state, brokerage, fair_fee, interest, law_fee, license_fee, busi_type, interest_way) VALUES (27, 1, '南京消费贷', 2, '2018-12-05 13:49:42', 0, 1, '2018-12-05 14:13:20', 0, '2018-12-05 13:49:32', '2018-12-05 13:52:42', 100, 0.10, 0.10, 0.10, 0.10, 0.10, 1, null);
INSERT INTO gzx.t_cbs_product (id, bank_id, product_name, product_type, create_time, creator, product_state, update_time, updator, begin_date, end_date, state, brokerage, fair_fee, interest, law_fee, license_fee, busi_type, interest_way) VALUES (28, 1, '光大消费贷', 2, '2018-12-05 13:49:42', 0, 1, '2018-12-05 14:13:20', 0, '2018-12-05 13:49:32', '2018-12-05 13:52:42', 100, 0.10, 0.10, 0.10, 0.10, 0.10, 1, null);
INSERT INTO gzx.t_cbs_product (id, bank_id, product_name, product_type, create_time, creator, product_state, update_time, updator, begin_date, end_date, state, brokerage, fair_fee, interest, law_fee, license_fee, busi_type, interest_way) VALUES (29, 1, '包商消费贷', 2, '2018-12-05 13:49:42', 0, 1, '2018-12-05 14:13:20', 0, '2018-12-05 13:49:32', '2018-12-05 13:52:42', 100, 0.10, 0.10, 0.10, 0.10, 0.10, 1, null);
INSERT INTO gzx.t_cbs_product (id, bank_id, product_name, product_type, create_time, creator, product_state, update_time, updator, begin_date, end_date, state, brokerage, fair_fee, interest, law_fee, license_fee, busi_type, interest_way) VALUES (30, 1, '廊坊银行消费贷', 2, '2018-12-05 13:49:42', 0, 1, '2018-12-05 14:13:20', 0, '2018-12-05 13:49:32', '2018-12-05 13:52:42', 100, 0.10, 0.10, 0.10, 0.10, 0.10, 1, null);
INSERT INTO gzx.t_cbs_product (id, bank_id, product_name, product_type, create_time, creator, product_state, update_time, updator, begin_date, end_date, state, brokerage, fair_fee, interest, law_fee, license_fee, busi_type, interest_way) VALUES (31, 1, '平安银行消费贷', 2, '2018-12-05 13:49:42', 0, 1, '2018-12-05 14:13:20', 0, '2018-12-05 13:49:32', '2018-12-05 13:52:42', 100, 0.10, 0.10, 0.10, 0.10, 0.10, 1, null);
INSERT INTO gzx.t_cbs_product (id, bank_id, product_name, product_type, create_time, creator, product_state, update_time, updator, begin_date, end_date, state, brokerage, fair_fee, interest, law_fee, license_fee, busi_type, interest_way) VALUES (32, 4, '贯泽信抵押贷', 0, '2019-03-06 20:27:36', 0, 1, null, 0, '2018-12-31 10:00:00', '2019-12-31 10:00:00', 1, 0.10, 0.10, 0.10, 0.10, 0.10, 3, null);
INSERT INTO gzx.t_cbs_product (id, bank_id, product_name, product_type, create_time, creator, product_state, update_time, updator, begin_date, end_date, state, brokerage, fair_fee, interest, law_fee, license_fee, busi_type, interest_way) VALUES (33, 5, '小科垫资', 0, '2019-03-09 21:32:52', 0, 1, null, 0, '2018-12-31 10:00:00', '2019-12-31 10:00:00', 1, 0.10, 0.00, 0.20, 0.00, 0.00, 2, null);
INSERT INTO gzx.t_cbs_product_rule (id, create_time, creator, product_id, rule_elastic, rule_expression, rule_state, rule_type, update_time, updator, and_group_id, expression_desc, or_group_id) VALUES (1, '2018-07-19 16:29:08', 0, 1, 1, 'estateType in (1,2)', 1, 1, null, null, 0, null, null);
INSERT INTO gzx.t_cbs_product_rule (id, create_time, creator, product_id, rule_elastic, rule_expression, rule_state, rule_type, update_time, updator, and_group_id, expression_desc, or_group_id) VALUES (2, '2018-07-19 16:29:08', 0, 1, 1, 'changeMasterMonths>3', 1, 1, null, null, 0, null, null);
INSERT INTO gzx.t_cbs_product_rule (id, create_time, creator, product_id, rule_elastic, rule_expression, rule_state, rule_type, update_time, updator, and_group_id, expression_desc, or_group_id) VALUES (3, '2018-07-19 16:29:08', 0, 1, 1, 'estateType=3 and houseDate<2007-12-1 and NewHouseBookRegistMonths>3', 1, 1, null, null, 0, null, null);
INSERT INTO gzx.t_cbs_product_rule (id, create_time, creator, product_id, rule_elastic, rule_expression, rule_state, rule_type, update_time, updator, and_group_id, expression_desc, or_group_id) VALUES (4, '2018-07-19 16:29:08', 0, 1, 1, 'estateArea in (1,2,3,4,5,6)', 1, 1, null, null, 0, null, null);
INSERT INTO gzx.t_cbs_product_rule (id, create_time, creator, product_id, rule_elastic, rule_expression, rule_state, rule_type, update_time, updator, and_group_id, expression_desc, or_group_id) VALUES (5, '2018-07-19 16:29:08', 0, 1, 1, 'mortgagerCountry=1', 1, 1, null, null, 0, null, null);
INSERT INTO gzx.t_cbs_product_rule (id, create_time, creator, product_id, rule_elastic, rule_expression, rule_state, rule_type, update_time, updator, and_group_id, expression_desc, or_group_id) VALUES (6, '2018-07-19 16:29:08', 0, 1, 1, 'borrowerAge>18 and borrowerAge<65', 1, 1, null, null, 0, null, null);
INSERT INTO gzx.t_cbs_product_rule (id, create_time, creator, product_id, rule_elastic, rule_expression, rule_state, rule_type, update_time, updator, and_group_id, expression_desc, or_group_id) VALUES (7, '2018-07-19 16:29:08', 0, 1, 1, 'continuousDelay<2 and totalDelay <9 and sigalLoanTotalDelay<6 and maxDelay<30', 1, 1, null, null, 0, null, null);
INSERT INTO gzx.t_cbs_product_rule (id, create_time, creator, product_id, rule_elastic, rule_expression, rule_state, rule_type, update_time, updator, and_group_id, expression_desc, or_group_id) VALUES (8, '2018-07-19 16:29:08', 0, 1, 1, 'creditCardTotalDelay<9 and creditCardState !=1 and freezeAmount<5000', 1, 1, null, null, 0, null, null);
INSERT INTO gzx.t_cbs_product_rule (id, create_time, creator, product_id, rule_elastic, rule_expression, rule_state, rule_type, update_time, updator, and_group_id, expression_desc, or_group_id) VALUES (9, '2018-07-19 16:29:08', 0, 1, 1, 'houseAge<25', 1, 1, null, null, 0, null, null);
INSERT INTO gzx.t_cbs_product_rule (id, create_time, creator, product_id, rule_elastic, rule_expression, rule_state, rule_type, update_time, updator, and_group_id, expression_desc, or_group_id) VALUES (10, '2018-07-19 16:29:08', 0, 1, 2, '(estateType=1 and percent<=0.6) or (estateType!=1 and percent<=0.5)', 1, 2, null, null, 0, null, null);
INSERT INTO gzx.t_cbs_product_rule (id, create_time, creator, product_id, rule_elastic, rule_expression, rule_state, rule_type, update_time, updator, and_group_id, expression_desc, or_group_id) VALUES (11, '2018-07-19 16:29:08', 0, 1, 2, 'amount<200', 1, 2, null, null, 0, null, null);
INSERT INTO gzx.t_cbs_product_rule (id, create_time, creator, product_id, rule_elastic, rule_expression, rule_state, rule_type, update_time, updator, and_group_id, expression_desc, or_group_id) VALUES (12, '2018-07-19 16:29:08', 0, 1, 2, 'borrowLoanSame=2 and relationship=1 and loanPeriodType=1', 1, 3, null, null, 0, null, null);
INSERT INTO gzx.t_cbs_product_rule (id, create_time, creator, product_id, rule_elastic, rule_expression, rule_state, rule_type, update_time, updator, and_group_id, expression_desc, or_group_id) VALUES (13, '2018-07-19 16:29:08', 0, 1, 2, 'loanDuration<80-mortgagerAge and loanDuration<=50-houseAge', 1, 4, null, null, 0, null, null);
INSERT INTO gzx.t_cbs_product_rule (id, create_time, creator, product_id, rule_elastic, rule_expression, rule_state, rule_type, update_time, updator, and_group_id, expression_desc, or_group_id) VALUES (14, '2018-07-19 16:29:08', 0, 1, 2, 'loanDuration<=70-borrowerAge and loanDuration<=25', 1, 4, null, null, 0, null, null);
INSERT INTO gzx.t_cbs_product_rule (id, create_time, creator, product_id, rule_elastic, rule_expression, rule_state, rule_type, update_time, updator, and_group_id, expression_desc, or_group_id) VALUES (17, '2018-07-19 16:29:08', 0, 1, 2, 'borrowerAge>55 and childShareLoan=N', 1, 5, null, null, 0, null, null);
INSERT INTO gzx.t_cbs_product_rule (id, create_time, creator, product_id, rule_elastic, rule_expression, rule_state, rule_type, update_time, updator, and_group_id, expression_desc, or_group_id) VALUES (18, '2018-07-19 16:29:08', 0, 2, 1, 'estateType not in (3,4,6)', 1, 1, null, null, 0, null, null);
INSERT INTO gzx.t_cbs_product_rule (id, create_time, creator, product_id, rule_elastic, rule_expression, rule_state, rule_type, update_time, updator, and_group_id, expression_desc, or_group_id) VALUES (19, '2018-07-19 16:29:08', 0, 2, 1, 'estateType=3 and buyHouseDate<2008-4-11', 1, 1, null, null, 0, null, null);
INSERT INTO gzx.t_cbs_product_rule (id, create_time, creator, product_id, rule_elastic, rule_expression, rule_state, rule_type, update_time, updator, and_group_id, expression_desc, or_group_id) VALUES (20, '2018-07-19 16:29:08', 0, 2, 2, 'estateArea in (1,2,3,4,5,6)', 1, 1, null, null, 0, null, null);
INSERT INTO gzx.t_cbs_product_rule (id, create_time, creator, product_id, rule_elastic, rule_expression, rule_state, rule_type, update_time, updator, and_group_id, expression_desc, or_group_id) VALUES (21, '2018-07-19 16:29:08', 0, 2, 2, 'mortgagerCountry=1', 1, 1, null, null, 0, null, null);
INSERT INTO gzx.t_cbs_product_rule (id, create_time, creator, product_id, rule_elastic, rule_expression, rule_state, rule_type, update_time, updator, and_group_id, expression_desc, or_group_id) VALUES (22, '2018-07-19 16:29:08', 0, 2, 2, 'mortgagerAge<60', 1, 1, null, null, 0, null, null);
INSERT INTO gzx.t_cbs_product_rule (id, create_time, creator, product_id, rule_elastic, rule_expression, rule_state, rule_type, update_time, updator, and_group_id, expression_desc, or_group_id) VALUES (23, '2018-07-19 16:29:08', 0, 2, 2, 'ifOverdue=N', 1, 1, null, null, 0, null, null);
INSERT INTO gzx.t_cbs_product_rule (id, create_time, creator, product_id, rule_elastic, rule_expression, rule_state, rule_type, update_time, updator, and_group_id, expression_desc, or_group_id) VALUES (24, '2018-07-19 16:29:08', 0, 2, 2, 'houseAge<20', 1, 1, null, null, 0, null, null);
INSERT INTO gzx.t_cbs_product_rule (id, create_time, creator, product_id, rule_elastic, rule_expression, rule_state, rule_type, update_time, updator, and_group_id, expression_desc, or_group_id) VALUES (25, '2018-07-19 16:29:08', 0, 2, 2, '(estateType=1 and percent<=0.7) or (estateType=2 and percent=0.6) or (estateType not in (1,2) and percent<=0.5)', 1, 2, null, null, 0, null, null);
INSERT INTO gzx.t_cbs_product_rule (id, create_time, creator, product_id, rule_elastic, rule_expression, rule_state, rule_type, update_time, updator, and_group_id, expression_desc, or_group_id) VALUES (26, '2018-07-19 16:29:08', 0, 2, 1, 'amount<2000', 1, 2, null, null, 0, null, null);
INSERT INTO gzx.t_cbs_product_rule (id, create_time, creator, product_id, rule_elastic, rule_expression, rule_state, rule_type, update_time, updator, and_group_id, expression_desc, or_group_id) VALUES (27, '2018-07-19 16:29:08', 0, 3, 1, 'estateType in (1,7)  or (estateType=9 and estateRight=70) or (estateType=12 and houseAge<35)', 1, 1, null, null, 0, null, null);
INSERT INTO gzx.t_cbs_product_rule (id, create_time, creator, product_id, rule_elastic, rule_expression, rule_state, rule_type, update_time, updator, and_group_id, expression_desc, or_group_id) VALUES (28, '2018-07-19 16:29:08', 0, 3, 1, 'estateType!=11', 1, 1, null, null, 0, null, null);
INSERT INTO gzx.t_cbs_product_rule (id, create_time, creator, product_id, rule_elastic, rule_expression, rule_state, rule_type, update_time, updator, and_group_id, expression_desc, or_group_id) VALUES (29, '2018-07-19 16:29:08', 0, 3, 2, 'estateArea in (1,2,3,4,5,6)', 1, 1, null, null, 0, null, null);
INSERT INTO gzx.t_cbs_product_rule (id, create_time, creator, product_id, rule_elastic, rule_expression, rule_state, rule_type, update_time, updator, and_group_id, expression_desc, or_group_id) VALUES (30, '2018-07-19 16:29:08', 0, 3, 1, 'mortgagerCountry=1', 1, 1, null, null, 0, null, null);
INSERT INTO gzx.t_cbs_product_rule (id, create_time, creator, product_id, rule_elastic, rule_expression, rule_state, rule_type, update_time, updator, and_group_id, expression_desc, or_group_id) VALUES (31, '2018-07-19 16:29:08', 0, 3, 1, 'borrowerAge<=64 and borrowerMate<=64 and mortgagerAge<=64 and mortgagerMate<=64', 1, 1, null, null, 0, null, null);
INSERT INTO gzx.t_cbs_product_rule (id, create_time, creator, product_id, rule_elastic, rule_expression, rule_state, rule_type, update_time, updator, and_group_id, expression_desc, or_group_id) VALUES (32, '2018-07-19 16:29:08', 0, 3, 1, 'borrowerArea not in (1,2)', 1, 1, null, null, 0, null, null);
INSERT INTO gzx.t_cbs_product_rule (id, create_time, creator, product_id, rule_elastic, rule_expression, rule_state, rule_type, update_time, updator, and_group_id, expression_desc, or_group_id) VALUES (33, '2018-07-19 16:29:08', 0, 3, 2, 'contD3Times2Y<1 and DTimes2Y<6 and contD2Times2Y<2 and DTimes6M<2', 1, 1, null, null, 0, null, null);
INSERT INTO gzx.t_cbs_product_rule (id, create_time, creator, product_id, rule_elastic, rule_expression, rule_state, rule_type, update_time, updator, and_group_id, expression_desc, or_group_id) VALUES (34, '2018-07-19 16:29:08', 0, 3, 2, 'estateType = 1 and estateRight=70 and percent<0.75', 1, 2, null, null, null, null, 1);
INSERT INTO gzx.t_cbs_product_rule (id, create_time, creator, product_id, rule_elastic, rule_expression, rule_state, rule_type, update_time, updator, and_group_id, expression_desc, or_group_id) VALUES (35, '2018-07-19 16:29:08', 0, 3, 2, 'estateType in (8,10,13) and estateRight=79 and percent<0.7', 1, 2, null, null, null, null, 1);
INSERT INTO gzx.t_cbs_product_rule (id, create_time, creator, product_id, rule_elastic, rule_expression, rule_state, rule_type, update_time, updator, and_group_id, expression_desc, or_group_id) VALUES (36, '2018-07-19 16:29:08', 0, 3, 2, 'estateType in (9,14) and estateRight=70 and percent<0.6', 1, 2, null, null, null, null, 1);
INSERT INTO gzx.t_cbs_product_rule (id, create_time, creator, product_id, rule_elastic, rule_expression, rule_state, rule_type, update_time, updator, and_group_id, expression_desc, or_group_id) VALUES (37, '2018-07-19 16:29:08', 0, 3, 2, 'estateType in(1,2,8,9) and estateType=70 and loanDuration<20 ', 1, 3, null, null, null, null, 2);
INSERT INTO gzx.t_cbs_product_rule (id, create_time, creator, product_id, rule_elastic, rule_expression, rule_state, rule_type, update_time, updator, and_group_id, expression_desc, or_group_id) VALUES (38, '2018-07-19 16:29:08', 0, 3, 2, 'estateType in (4,15) and estateRight != 70 and mortgageYear<10 and loanDuration<30-houseAge and buildedDuration<20', 1, 3, null, null, null, null, 2);
INSERT INTO gzx.t_cbs_product_rule (id, create_time, creator, product_id, rule_elastic, rule_expression, rule_state, rule_type, update_time, updator, and_group_id, expression_desc, or_group_id) VALUES (39, '2018-07-19 16:29:08', 0, 3, 2, 'estateType=12 and buildedDuration<35 and loanDuration<50-houseAge', 1, 3, null, null, null, null, 2);
INSERT INTO gzx.t_cbs_product_rule (id, create_time, creator, product_id, rule_elastic, rule_expression, rule_state, rule_type, update_time, updator, and_group_id, expression_desc, or_group_id) VALUES (40, '2018-07-19 16:29:08', 0, 3, 1, 'amount<1000', 1, 2, null, null, 0, null, null);
INSERT INTO gzx.t_cbs_product_rule (id, create_time, creator, product_id, rule_elastic, rule_expression, rule_state, rule_type, update_time, updator, and_group_id, expression_desc, or_group_id) VALUES (41, '2018-07-19 16:29:08', 0, 3, 1, 'borrowLoanSame=2 and relationship in(1,2)', 1, 3, null, null, 0, null, null);
INSERT INTO gzx.t_cbs_product_rule (id, create_time, creator, product_id, rule_elastic, rule_expression, rule_state, rule_type, update_time, updator, and_group_id, expression_desc, or_group_id) VALUES (42, '2018-07-19 16:29:08', 0, 4, null, 'eatateRight=70', 1, 1, null, null, 0, null, null);
INSERT INTO gzx.t_cbs_product_rule (id, create_time, creator, product_id, rule_elastic, rule_expression, rule_state, rule_type, update_time, updator, and_group_id, expression_desc, or_group_id) VALUES (43, '2018-07-19 16:29:08', 0, 4, null, 'estateType!=16', 1, 1, null, null, 0, null, null);
INSERT INTO gzx.t_cbs_product_rule (id, create_time, creator, product_id, rule_elastic, rule_expression, rule_state, rule_type, update_time, updator, and_group_id, expression_desc, or_group_id) VALUES (44, '2018-07-19 16:29:08', 0, 4, null, '(estateType=3 and buyTime<2007-12-31 and houseBook<2012-1-1) or estateType != 3', 1, 1, null, null, 0, null, null);
INSERT INTO gzx.t_cbs_product_rule (id, create_time, creator, product_id, rule_elastic, rule_expression, rule_state, rule_type, update_time, updator, and_group_id, expression_desc, or_group_id) VALUES (45, '2018-07-19 16:29:08', 0, 4, null, 'estateArea in (1,2,3,4,5,6)', 1, 1, null, null, 0, null, null);
INSERT INTO gzx.t_cbs_product_rule (id, create_time, creator, product_id, rule_elastic, rule_expression, rule_state, rule_type, update_time, updator, and_group_id, expression_desc, or_group_id) VALUES (46, '2018-07-19 16:29:08', 0, 4, null, 'mortgagerCountry = 1', 1, 1, null, null, 0, null, null);
INSERT INTO gzx.t_cbs_product_rule (id, create_time, creator, product_id, rule_elastic, rule_expression, rule_state, rule_type, update_time, updator, and_group_id, expression_desc, or_group_id) VALUES (47, '2018-07-19 16:29:08', 0, 4, null, 'loanDuration<=40-houseAge and loanDuration<=70-borrowerAge', 1, 3, null, null, 0, null, null);
INSERT INTO gzx.t_cbs_product_rule (id, create_time, creator, product_id, rule_elastic, rule_expression, rule_state, rule_type, update_time, updator, and_group_id, expression_desc, or_group_id) VALUES (48, '2018-07-19 16:29:08', 0, 4, null, '(borrowerAge>55 and borrowerAge<=70 and bj2house=Y) or (borrowerAge>18 and borrowerAge<=55)', 1, 1, null, null, 0, null, null);
INSERT INTO gzx.t_cbs_product_rule (id, create_time, creator, product_id, rule_elastic, rule_expression, rule_state, rule_type, update_time, updator, and_group_id, expression_desc, or_group_id) VALUES (49, '2018-07-19 16:29:08', 0, 4, null, 'creditType = creditCard and contD3Times5Y<1 and DTimes5Y<=10 ', 1, 1, null, null, 0, null, null);
INSERT INTO gzx.t_cbs_product_rule (id, create_time, creator, product_id, rule_elastic, rule_expression, rule_state, rule_type, update_time, updator, and_group_id, expression_desc, or_group_id) VALUES (50, '2018-07-19 16:29:08', 0, 4, null, 'creditType = houseLoan and contD2Times5Y<1 and DTimes5Y<=15', 1, 1, null, null, 0, null, null);
INSERT INTO gzx.t_cbs_product_rule (id, create_time, creator, product_id, rule_elastic, rule_expression, rule_state, rule_type, update_time, updator, and_group_id, expression_desc, or_group_id) VALUES (51, '2018-07-19 16:29:08', 0, 4, null, 'houseAge<30', 1, 1, null, null, 0, null, null);
INSERT INTO gzx.t_cbs_product_rule (id, create_time, creator, product_id, rule_elastic, rule_expression, rule_state, rule_type, update_time, updator, and_group_id, expression_desc, or_group_id) VALUES (52, '2018-07-19 16:29:08', 0, 4, null, 'estateType=1 and percent=0.7', 1, 2, null, null, null, null, 3);
INSERT INTO gzx.t_cbs_product_rule (id, create_time, creator, product_id, rule_elastic, rule_expression, rule_state, rule_type, update_time, updator, and_group_id, expression_desc, or_group_id) VALUES (53, '2018-07-19 16:29:08', 0, 4, null, 'estateType= 17 and estateRight=70 and percent<=0.7', 1, 2, null, null, null, null, 3);
INSERT INTO gzx.t_cbs_product_rule (id, create_time, creator, product_id, rule_elastic, rule_expression, rule_state, rule_type, update_time, updator, and_group_id, expression_desc, or_group_id) VALUES (54, '2018-07-19 16:29:08', 0, 4, null, 'estateType=18 and estateRight=70 and percent<=0.6', 1, 2, null, null, null, null, 3);
INSERT INTO gzx.t_cbs_product_rule (id, create_time, creator, product_id, rule_elastic, rule_expression, rule_state, rule_type, update_time, updator, and_group_id, expression_desc, or_group_id) VALUES (55, '2018-07-19 16:29:08', 0, 4, null, 'amount<=1000', 1, 1, null, null, 0, null, null);
INSERT INTO gzx.t_cbs_product_rule (id, create_time, creator, product_id, rule_elastic, rule_expression, rule_state, rule_type, update_time, updator, and_group_id, expression_desc, or_group_id) VALUES (56, '2018-07-19 16:29:08', 0, 4, null, 'borrowLoanSame=2 and relationship=2', 1, 1, null, null, 0, null, null);
INSERT INTO gzx.t_cbs_product_rule (id, create_time, creator, product_id, rule_elastic, rule_expression, rule_state, rule_type, update_time, updator, and_group_id, expression_desc, or_group_id) VALUES (57, '2018-07-19 16:29:08', 0, 7, 1, 'houseTime>1990-1-1 and area>50 and estateType in(1,2,3,19,10) and transferBusiness=Y', 1, 1, null, null, 0, null, null);
INSERT INTO gzx.t_cbs_product_rule (id, create_time, creator, product_id, rule_elastic, rule_expression, rule_state, rule_type, update_time, updator, and_group_id, expression_desc, or_group_id) VALUES (58, '2018-07-19 16:29:08', 0, 7, 1, 'changeStructure=N and rendObj not in (1,2,3)', 1, 1, null, null, 0, null, null);
INSERT INTO gzx.t_cbs_product_rule (id, create_time, creator, product_id, rule_elastic, rule_expression, rule_state, rule_type, update_time, updator, and_group_id, expression_desc, or_group_id) VALUES (59, '2018-07-19 16:29:08', 0, 7, 1, 'planEqualRealUse=Y', 1, 1, null, null, 0, null, null);
INSERT INTO gzx.t_cbs_product_rule (id, create_time, creator, product_id, rule_elastic, rule_expression, rule_state, rule_type, update_time, updator, and_group_id, expression_desc, or_group_id) VALUES (60, '2018-07-19 16:29:08', 0, 7, 1, '(estateType in (1,2) and estateRight=70) or (estateType=3 and transferBusiness=Y) or(estateType not in (1,2,3))', 1, 1, null, null, 0, null, null);
INSERT INTO gzx.t_cbs_product_rule (id, create_time, creator, product_id, rule_elastic, rule_expression, rule_state, rule_type, update_time, updator, and_group_id, expression_desc, or_group_id) VALUES (61, '2018-07-19 16:29:08', 0, 7, 1, 'estateArea in (1,2,3,4) or (estateArea in (8,9,12) and subwayNear=Y) or (estateType=10 and estate2Area in (1,2))', 1, 1, null, null, 0, null, null);
INSERT INTO gzx.t_cbs_product_rule (id, create_time, creator, product_id, rule_elastic, rule_expression, rule_state, rule_type, update_time, updator, and_group_id, expression_desc, or_group_id) VALUES (62, '2018-07-19 16:29:08', 0, 7, 1, 'borrowerCountry=1', 1, 1, null, null, 0, null, null);
INSERT INTO gzx.t_cbs_product_rule (id, create_time, creator, product_id, rule_elastic, rule_expression, rule_state, rule_type, update_time, updator, and_group_id, expression_desc, or_group_id) VALUES (63, '2018-07-19 16:29:08', 0, 7, 2, 'contD3Times2Y<1 and DTimes2Y<=6', 1, 1, null, null, 0, null, null);
INSERT INTO gzx.t_cbs_product_rule (id, create_time, creator, product_id, rule_elastic, rule_expression, rule_state, rule_type, update_time, updator, and_group_id, expression_desc, or_group_id) VALUES (64, '2018-07-19 16:29:08', 0, 7, 2, 'estateType=1 and percent<0.7', 1, 2, null, null, null, null, 4);
INSERT INTO gzx.t_cbs_product_rule (id, create_time, creator, product_id, rule_elastic, rule_expression, rule_state, rule_type, update_time, updator, and_group_id, expression_desc, or_group_id) VALUES (65, '2018-07-19 16:29:08', 0, 7, 2, 'estateType=8 and estateRigth=70 and percent<0.7', 1, 2, null, null, null, null, 4);
INSERT INTO gzx.t_cbs_product_rule (id, create_time, creator, product_id, rule_elastic, rule_expression, rule_state, rule_type, update_time, updator, and_group_id, expression_desc, or_group_id) VALUES (66, '2018-07-19 16:29:08', 0, 7, 2, 'estateType=2 and percent<0.6', 1, 2, null, null, null, null, 4);
INSERT INTO gzx.t_cbs_product_rule (id, create_time, creator, product_id, rule_elastic, rule_expression, rule_state, rule_type, update_time, updator, and_group_id, expression_desc, or_group_id) VALUES (67, '2018-07-19 16:29:08', 0, 7, 2, 'estateType not in (1,2,8) and percent<0.6', 1, 2, null, null, null, null, 4);
INSERT INTO gzx.t_cbs_product_rule (id, create_time, creator, product_id, rule_elastic, rule_expression, rule_state, rule_type, update_time, updator, and_group_id, expression_desc, or_group_id) VALUES (68, '2018-07-19 16:29:08', 0, 7, 2, 'estateArea in (8,9,10,12) and houseAddress  =56 and percent<0.67', 1, 2, null, null, null, null, 5);
INSERT INTO gzx.t_cbs_product_rule (id, create_time, creator, product_id, rule_elastic, rule_expression, rule_state, rule_type, update_time, updator, and_group_id, expression_desc, or_group_id) VALUES (69, '2018-07-19 16:29:08', 0, 7, 2, 'estateArea in (8,9,10,12) and houseAddress  =610 and percent<0.65', 1, 2, null, null, null, null, 5);
INSERT INTO gzx.t_cbs_product_rule (id, create_time, creator, product_id, rule_elastic, rule_expression, rule_state, rule_type, update_time, updator, and_group_id, expression_desc, or_group_id) VALUES (70, '2018-07-19 16:29:08', 0, 7, 2, 'houseTime>=1990 and houseTime<=1999 and percent <0.68', 1, 2, null, null, 0, null, null);
INSERT INTO gzx.t_cbs_product_rule (id, create_time, creator, product_id, rule_elastic, rule_expression, rule_state, rule_type, update_time, updator, and_group_id, expression_desc, or_group_id) VALUES (71, '2018-07-19 16:29:08', 0, 7, 2, 'realHavingAge>=50 and realHavingAge<=55 and percent<0.67', 1, 2, null, null, null, null, 6);
INSERT INTO gzx.t_cbs_product_rule (id, create_time, creator, product_id, rule_elastic, rule_expression, rule_state, rule_type, update_time, updator, and_group_id, expression_desc, or_group_id) VALUES (72, '2018-07-19 16:29:08', 0, 7, 2, 'realHavingAge>55 and realHavingAge<=60 and percent<0.65', 1, 2, null, null, null, null, 6);
INSERT INTO gzx.t_cbs_product_rule (id, create_time, creator, product_id, rule_elastic, rule_expression, rule_state, rule_type, update_time, updator, and_group_id, expression_desc, or_group_id) VALUES (73, '2018-07-19 16:29:08', 0, 7, 2, 'loanDuration<=64-borrowerAge', 1, 3, null, null, 0, null, null);
INSERT INTO gzx.t_cbs_product_rule (id, create_time, creator, product_id, rule_elastic, rule_expression, rule_state, rule_type, update_time, updator, and_group_id, expression_desc, or_group_id) VALUES (74, '2018-07-19 16:29:08', 0, 7, 2, 'loanDuration<=69-mortagerAge', 1, 3, null, null, 0, null, null);
INSERT INTO gzx.t_cbs_product_rule (id, create_time, creator, product_id, rule_elastic, rule_expression, rule_state, rule_type, update_time, updator, and_group_id, expression_desc, or_group_id) VALUES (75, '2018-07-19 16:29:08', 0, 7, 1, 'borrowerAge >=18 and borrowerAge<=60 and mortgagerAge>=18 and mortgage<=69', 1, 1, null, null, 0, null, null);
INSERT INTO gzx.t_cbs_product_rule (id, create_time, creator, product_id, rule_elastic, rule_expression, rule_state, rule_type, update_time, updator, and_group_id, expression_desc, or_group_id) VALUES (76, '2018-07-19 16:29:08', 0, 7, 2, 'borrowerAge>=18 and borrowerAge<=25 and persentShareLoan =Y', 1, 1, null, null, null, null, 7);
INSERT INTO gzx.t_cbs_product_rule (id, create_time, creator, product_id, rule_elastic, rule_expression, rule_state, rule_type, update_time, updator, and_group_id, expression_desc, or_group_id) VALUES (77, '2018-07-19 16:29:08', 0, 7, 2, 'borrowerAge>=55 and borrowerAge<=60 and childShareLoan=Y', 1, 1, null, null, null, null, 7);
INSERT INTO gzx.t_cbs_product_rule (id, create_time, creator, product_id, rule_elastic, rule_expression, rule_state, rule_type, update_time, updator, and_group_id, expression_desc, or_group_id) VALUES (78, '2018-07-19 16:29:08', 0, 7, 2, 'loanDuration<=10', 1, 3, null, null, 0, null, null);
INSERT INTO gzx.t_cbs_product_rule (id, create_time, creator, product_id, rule_elastic, rule_expression, rule_state, rule_type, update_time, updator, and_group_id, expression_desc, or_group_id) VALUES (79, '2018-07-19 16:29:08', 0, 7, 2, 'amount<=800', 1, 2, null, null, 0, null, null);
INSERT INTO gzx.t_cbs_product_rule (id, create_time, creator, product_id, rule_elastic, rule_expression, rule_state, rule_type, update_time, updator, and_group_id, expression_desc, or_group_id) VALUES (80, '2018-07-19 16:29:08', 0, 7, 2, 'borrowLoanSame=2 and relationship in (1,2)', 1, 4, null, null, 0, null, null);
INSERT INTO gzx.t_cbs_product_rule (id, create_time, creator, product_id, rule_elastic, rule_expression, rule_state, rule_type, update_time, updator, and_group_id, expression_desc, or_group_id) VALUES (81, '2018-07-19 16:29:08', 0, 9, 1, 'estateType in (1,8,2,19,20)', 1, 1, null, null, 0, null, null);
INSERT INTO gzx.t_cbs_product_rule (id, create_time, creator, product_id, rule_elastic, rule_expression, rule_state, rule_type, update_time, updator, and_group_id, expression_desc, or_group_id) VALUES (82, '2018-07-19 16:29:08', 0, 9, 1, 'mortgagerCountry=1', 1, 1, null, null, 0, null, null);
INSERT INTO gzx.t_cbs_product_rule (id, create_time, creator, product_id, rule_elastic, rule_expression, rule_state, rule_type, update_time, updator, and_group_id, expression_desc, or_group_id) VALUES (83, '2018-07-19 16:29:08', 0, 9, 1, 'DDays2Y<=30 and DTimes2Y<=6', 1, 1, null, null, 0, null, null);
INSERT INTO gzx.t_cbs_product_rule (id, create_time, creator, product_id, rule_elastic, rule_expression, rule_state, rule_type, update_time, updator, and_group_id, expression_desc, or_group_id) VALUES (84, '2018-07-19 16:29:08', 0, 9, 1, 'houseArea>=40 and houseAge<=25', 1, 1, null, null, null, null, 8);
INSERT INTO gzx.t_cbs_product_rule (id, create_time, creator, product_id, rule_elastic, rule_expression, rule_state, rule_type, update_time, updator, and_group_id, expression_desc, or_group_id) VALUES (85, '2018-07-19 16:29:08', 0, 9, 1, 'houseArea<40 and houseAge<=20', 1, 1, null, null, null, null, 8);
INSERT INTO gzx.t_cbs_product_rule (id, create_time, creator, product_id, rule_elastic, rule_expression, rule_state, rule_type, update_time, updator, and_group_id, expression_desc, or_group_id) VALUES (86, '2018-07-19 16:29:08', 0, 9, 2, 'borrowerAge>=25 and borrowerAge<=60', 1, 1, null, null, 0, null, null);
INSERT INTO gzx.t_cbs_product_rule (id, create_time, creator, product_id, rule_elastic, rule_expression, rule_state, rule_type, update_time, updator, and_group_id, expression_desc, or_group_id) VALUES (87, '2018-07-19 16:29:08', 0, 9, 2, 'loanDuration<=70-borrowerAge', 1, 3, null, null, 0, null, null);
INSERT INTO gzx.t_cbs_product_rule (id, create_time, creator, product_id, rule_elastic, rule_expression, rule_state, rule_type, update_time, updator, and_group_id, expression_desc, or_group_id) VALUES (88, '2018-07-19 16:29:08', 0, 9, 1, 'amount<=3000', 1, 2, null, null, 0, null, null);
INSERT INTO gzx.t_cbs_product_rule (id, create_time, creator, product_id, rule_elastic, rule_expression, rule_state, rule_type, update_time, updator, and_group_id, expression_desc, or_group_id) VALUES (89, '2018-07-19 16:29:08', 0, 10, 1, 'estateType in (22,23)', 1, 1, null, null, null, null, 9);
INSERT INTO gzx.t_cbs_product_rule (id, create_time, creator, product_id, rule_elastic, rule_expression, rule_state, rule_type, update_time, updator, and_group_id, expression_desc, or_group_id) VALUES (90, '2018-07-19 16:29:08', 0, 10, 1, 'estateType = 8 and estateRigth=70', 1, 1, null, null, null, null, 9);
INSERT INTO gzx.t_cbs_product_rule (id, create_time, creator, product_id, rule_elastic, rule_expression, rule_state, rule_type, update_time, updator, and_group_id, expression_desc, or_group_id) VALUES (91, '2018-07-19 16:29:08', 0, 10, 1, 'mortgagerCountry=1', 1, 1, null, null, 0, null, null);
INSERT INTO gzx.t_cbs_product_rule (id, create_time, creator, product_id, rule_elastic, rule_expression, rule_state, rule_type, update_time, updator, and_group_id, expression_desc, or_group_id) VALUES (92, '2018-07-19 16:29:08', 0, 10, 1, 'criditNum>=740', 1, 1, null, null, 0, null, null);
INSERT INTO gzx.t_cbs_product_rule (id, create_time, creator, product_id, rule_elastic, rule_expression, rule_state, rule_type, update_time, updator, and_group_id, expression_desc, or_group_id) VALUES (93, '2018-07-19 16:29:08', 0, 10, 1, 'contD4Times2Y<1 and contD3Times1Y<1 and contD2Times6M<1', 1, 1, null, null, 0, null, null);
INSERT INTO gzx.t_cbs_product_rule (id, create_time, creator, product_id, rule_elastic, rule_expression, rule_state, rule_type, update_time, updator, and_group_id, expression_desc, or_group_id) VALUES (94, '2018-07-19 16:29:08', 0, 10, 1, 'selectCredit<=4', 1, 1, null, null, 0, null, null);
INSERT INTO gzx.t_cbs_product_rule (id, create_time, creator, product_id, rule_elastic, rule_expression, rule_state, rule_type, update_time, updator, and_group_id, expression_desc, or_group_id) VALUES (95, '2018-07-19 16:29:08', 0, 10, 1, 'houseAge<=25', 1, 1, null, null, 0, null, null);
INSERT INTO gzx.t_cbs_product_rule (id, create_time, creator, product_id, rule_elastic, rule_expression, rule_state, rule_type, update_time, updator, and_group_id, expression_desc, or_group_id) VALUES (96, '2018-07-19 16:29:08', 0, 10, 2, 'loanDuration<=50-houseAge', 1, 3, null, null, 0, null, null);
INSERT INTO gzx.t_cbs_product_rule (id, create_time, creator, product_id, rule_elastic, rule_expression, rule_state, rule_type, update_time, updator, and_group_id, expression_desc, or_group_id) VALUES (97, '2018-07-19 16:29:08', 0, 10, 2, 'estateType =1 and percent<=0.7', 1, 2, null, null, 0, null, null);
INSERT INTO gzx.t_cbs_product_rule (id, create_time, creator, product_id, rule_elastic, rule_expression, rule_state, rule_type, update_time, updator, and_group_id, expression_desc, or_group_id) VALUES (98, '2018-07-19 16:29:08', 0, 10, 1, 'borrowerAge>=18 and borroweragen<=65', 1, 1, null, null, 0, null, null);
INSERT INTO gzx.t_cbs_product_rule (id, create_time, creator, product_id, rule_elastic, rule_expression, rule_state, rule_type, update_time, updator, and_group_id, expression_desc, or_group_id) VALUES (99, '2018-07-19 16:29:08', 0, 10, 2, 'loanDuration<=70-borrowerAge', 1, 3, null, null, 0, null, null);
INSERT INTO gzx.t_cbs_product_rule (id, create_time, creator, product_id, rule_elastic, rule_expression, rule_state, rule_type, update_time, updator, and_group_id, expression_desc, or_group_id) VALUES (100, '2018-07-19 16:29:08', 0, 10, 1, 'mortgagerAge>=18 and mortgagerAge<=65', 1, 1, null, null, 0, null, null);
INSERT INTO gzx.t_cbs_product_rule (id, create_time, creator, product_id, rule_elastic, rule_expression, rule_state, rule_type, update_time, updator, and_group_id, expression_desc, or_group_id) VALUES (101, '2018-07-19 16:29:08', 0, 10, 1, 'loanDuration<=10', 1, 3, null, null, 0, null, null);
INSERT INTO gzx.t_cbs_product_rule (id, create_time, creator, product_id, rule_elastic, rule_expression, rule_state, rule_type, update_time, updator, and_group_id, expression_desc, or_group_id) VALUES (102, '2018-07-19 16:29:08', 0, 10, 2, 'amount<=500', 1, 2, null, null, 0, null, null);
INSERT INTO gzx.t_cbs_product_rule (id, create_time, creator, product_id, rule_elastic, rule_expression, rule_state, rule_type, update_time, updator, and_group_id, expression_desc, or_group_id) VALUES (103, '2018-07-19 16:29:08', 0, 10, 1, 'relationship in (1,2,3,4)', 1, 1, null, null, 0, null, null);
INSERT INTO gzx.t_cbs_product_rule (id, create_time, creator, product_id, rule_elastic, rule_expression, rule_state, rule_type, update_time, updator, and_group_id, expression_desc, or_group_id) VALUES (104, '2018-07-19 16:29:08', 0, 11, 1, 'estateType =1', 1, 1, null, null, 0, null, null);
INSERT INTO gzx.t_cbs_product_rule (id, create_time, creator, product_id, rule_elastic, rule_expression, rule_state, rule_type, update_time, updator, and_group_id, expression_desc, or_group_id) VALUES (105, '2018-07-19 16:29:08', 0, 11, 1, 'estateArea in (1,2,3,4,5,6,8,9,17,18,19,20,21,22)', 1, 1, null, null, 0, null, null);
INSERT INTO gzx.t_cbs_product_rule (id, create_time, creator, product_id, rule_elastic, rule_expression, rule_state, rule_type, update_time, updator, and_group_id, expression_desc, or_group_id) VALUES (106, '2018-07-19 16:29:08', 0, 11, 1, 'mortgagerCountry=1', 1, 1, null, null, 0, null, null);
INSERT INTO gzx.t_cbs_product_rule (id, create_time, creator, product_id, rule_elastic, rule_expression, rule_state, rule_type, update_time, updator, and_group_id, expression_desc, or_group_id) VALUES (107, '2018-07-19 16:29:08', 0, 11, 1, 'contD3Times2Y<1 and DTimes2Y<=6', 1, 1, null, null, 0, null, null);
INSERT INTO gzx.t_cbs_product_rule (id, create_time, creator, product_id, rule_elastic, rule_expression, rule_state, rule_type, update_time, updator, and_group_id, expression_desc, or_group_id) VALUES (108, '2018-07-19 16:29:08', 0, 11, 2, 'houseAge>=20 and houseAge<=25', 1, 1, null, null, 0, null, null);
INSERT INTO gzx.t_cbs_product_rule (id, create_time, creator, product_id, rule_elastic, rule_expression, rule_state, rule_type, update_time, updator, and_group_id, expression_desc, or_group_id) VALUES (109, '2018-07-19 16:29:08', 0, 11, 2, 'estateType =1 and percent<=0.7', 1, 2, null, null, null, null, 10);
INSERT INTO gzx.t_cbs_product_rule (id, create_time, creator, product_id, rule_elastic, rule_expression, rule_state, rule_type, update_time, updator, and_group_id, expression_desc, or_group_id) VALUES (110, '2018-07-19 16:29:08', 0, 11, 2, 'estateType !=1 and percent<=0.5', 1, 2, null, null, null, null, 10);
INSERT INTO gzx.t_cbs_product_rule (id, create_time, creator, product_id, rule_elastic, rule_expression, rule_state, rule_type, update_time, updator, and_group_id, expression_desc, or_group_id) VALUES (111, '2018-07-19 16:29:08', 0, 11, 2, 'borrowerAge>=18 and borrowerAge<=60', 1, 1, null, null, 0, null, null);
INSERT INTO gzx.t_cbs_product_rule (id, create_time, creator, product_id, rule_elastic, rule_expression, rule_state, rule_type, update_time, updator, and_group_id, expression_desc, or_group_id) VALUES (112, '2018-07-19 16:29:08', 0, 11, 1, 'amount<=1000', 1, 2, null, null, 0, null, null);
INSERT INTO gzx.t_cust_credit (id, ddays2y, dtimes2y, dtimes5y, dtimes6m, contd2times2y, contd2times6m, contd3times1y, contd3times2y, contd3times5y, contd4times2y, create_time, creator, customer_id, extend1, extend2, extend3, extend4, freeze_amount, max_delay, update_time, updator) VALUES (17, 11, 0, 0, 0, 11, 0, 0, 0, 0, 0, '2018-12-06 20:46:23', 0, 1, 0, 0, 0, 0, 11.00, 11, '2019-03-03 21:35:24', 0);
INSERT INTO gzx.t_cust_credit (id, ddays2y, dtimes2y, dtimes5y, dtimes6m, contd2times2y, contd2times6m, contd3times1y, contd3times2y, contd3times5y, contd4times2y, create_time, creator, customer_id, extend1, extend2, extend3, extend4, freeze_amount, max_delay, update_time, updator) VALUES (18, 222, 0, 0, 0, 222, 0, 0, 0, 0, 0, '2018-12-06 22:34:29', 0, 2, 0, 0, 0, 0, 222.00, 22, '2019-02-28 20:04:45', 0);
INSERT INTO gzx.t_cust_credit (id, ddays2y, dtimes2y, dtimes5y, dtimes6m, contd2times2y, contd2times6m, contd3times1y, contd3times2y, contd3times5y, contd4times2y, create_time, creator, customer_id, extend1, extend2, extend3, extend4, freeze_amount, max_delay, update_time, updator) VALUES (19, 333, 0, 0, 0, 333, 0, 0, 0, 0, 0, '2018-12-06 22:39:27', 0, 3, 0, 0, 0, 0, 333.00, 333, '2019-02-28 20:00:22', 0);
INSERT INTO gzx.t_cust_credit (id, ddays2y, dtimes2y, dtimes5y, dtimes6m, contd2times2y, contd2times6m, contd3times1y, contd3times2y, contd3times5y, contd4times2y, create_time, creator, customer_id, extend1, extend2, extend3, extend4, freeze_amount, max_delay, update_time, updator) VALUES (20, 0, 0, 0, 0, 0, 0, 0, 0, 0, 0, '2018-12-07 10:17:47', 0, 4, 0, 0, 0, 0, null, 0, null, 0);
INSERT INTO gzx.t_cust_credit (id, ddays2y, dtimes2y, dtimes5y, dtimes6m, contd2times2y, contd2times6m, contd3times1y, contd3times2y, contd3times5y, contd4times2y, create_time, creator, customer_id, extend1, extend2, extend3, extend4, freeze_amount, max_delay, update_time, updator) VALUES (21, 11, 0, 0, 0, 11, 0, 0, 0, 0, 0, '2018-12-07 10:18:38', 0, 5, 0, 0, 0, 0, 11.00, 11, '2019-03-01 04:00:48', 0);
INSERT INTO gzx.t_cust_credit (id, ddays2y, dtimes2y, dtimes5y, dtimes6m, contd2times2y, contd2times6m, contd3times1y, contd3times2y, contd3times5y, contd4times2y, create_time, creator, customer_id, extend1, extend2, extend3, extend4, freeze_amount, max_delay, update_time, updator) VALUES (22, 2, 0, 0, 0, 2, 0, 0, 0, 0, 0, '2019-02-27 00:28:01', 0, 6, 0, 0, 0, 0, 2.00, 2, null, 0);
INSERT INTO gzx.t_cust_credit (id, ddays2y, dtimes2y, dtimes5y, dtimes6m, contd2times2y, contd2times6m, contd3times1y, contd3times2y, contd3times5y, contd4times2y, create_time, creator, customer_id, extend1, extend2, extend3, extend4, freeze_amount, max_delay, update_time, updator) VALUES (23, 999, 0, 0, 0, 999, 0, 0, 0, 0, 0, '2019-02-27 21:41:09', 0, 7, 0, 0, 0, 0, 999.00, 999, null, 0);
INSERT INTO gzx.t_cust_credit (id, ddays2y, dtimes2y, dtimes5y, dtimes6m, contd2times2y, contd2times6m, contd3times1y, contd3times2y, contd3times5y, contd4times2y, create_time, creator, customer_id, extend1, extend2, extend3, extend4, freeze_amount, max_delay, update_time, updator) VALUES (24, 222, 0, 0, 0, 222, 0, 0, 0, 0, 0, '2019-02-28 19:44:16', 0, 8, 0, 0, 0, 0, 222.00, 22, null, 0);
INSERT INTO gzx.t_cust_credit (id, ddays2y, dtimes2y, dtimes5y, dtimes6m, contd2times2y, contd2times6m, contd3times1y, contd3times2y, contd3times5y, contd4times2y, create_time, creator, customer_id, extend1, extend2, extend3, extend4, freeze_amount, max_delay, update_time, updator) VALUES (25, 1212, 0, 0, 0, 121, 0, 0, 0, 0, 0, '2019-03-01 04:37:28', 0, 9, 0, 0, 0, 0, 1212.00, 1212, null, 0);
INSERT INTO gzx.t_cust_credit (id, ddays2y, dtimes2y, dtimes5y, dtimes6m, contd2times2y, contd2times6m, contd3times1y, contd3times2y, contd3times5y, contd4times2y, create_time, creator, customer_id, extend1, extend2, extend3, extend4, freeze_amount, max_delay, update_time, updator) VALUES (26, 11, 0, 0, 0, 11, 0, 0, 0, 0, 0, '2019-03-06 06:38:08', 0, 10, 0, 0, 0, 0, 11.00, 11, null, 0);
INSERT INTO gzx.t_cust_credit (id, ddays2y, dtimes2y, dtimes5y, dtimes6m, contd2times2y, contd2times6m, contd3times1y, contd3times2y, contd3times5y, contd4times2y, create_time, creator, customer_id, extend1, extend2, extend3, extend4, freeze_amount, max_delay, update_time, updator) VALUES (27, 444, 0, 0, 0, 444, 0, 0, 0, 0, 0, '2019-03-18 21:26:30', 0, 11, 0, 0, 0, 0, 444.00, 444, null, 0);
INSERT INTO gzx.t_cust_credit (id, ddays2y, dtimes2y, dtimes5y, dtimes6m, contd2times2y, contd2times6m, contd3times1y, contd3times2y, contd3times5y, contd4times2y, create_time, creator, customer_id, extend1, extend2, extend3, extend4, freeze_amount, max_delay, update_time, updator) VALUES (28, 22, 0, 0, 0, 22, 0, 0, 0, 0, 0, '2019-03-18 21:30:54', 0, 12, 0, 0, 0, 0, 22.00, 22, null, 0);
INSERT INTO gzx.t_cust_credit (id, ddays2y, dtimes2y, dtimes5y, dtimes6m, contd2times2y, contd2times6m, contd3times1y, contd3times2y, contd3times5y, contd4times2y, create_time, creator, customer_id, extend1, extend2, extend3, extend4, freeze_amount, max_delay, update_time, updator) VALUES (29, 11, 0, 0, 0, 11, 0, 0, 0, 0, 0, '2019-03-25 01:31:20', 0, 13, 0, 0, 0, 0, 11.00, 11, null, 0);
INSERT INTO gzx.t_cust_credit (id, ddays2y, dtimes2y, dtimes5y, dtimes6m, contd2times2y, contd2times6m, contd3times1y, contd3times2y, contd3times5y, contd4times2y, create_time, creator, customer_id, extend1, extend2, extend3, extend4, freeze_amount, max_delay, update_time, updator) VALUES (30, 22, 0, 0, 0, 22, 0, 0, 0, 0, 0, '2019-03-27 03:44:07', 0, 14, 0, 0, 0, 0, 22.00, 22, null, 0);
INSERT INTO gzx.t_cust_credit (id, ddays2y, dtimes2y, dtimes5y, dtimes6m, contd2times2y, contd2times6m, contd3times1y, contd3times2y, contd3times5y, contd4times2y, create_time, creator, customer_id, extend1, extend2, extend3, extend4, freeze_amount, max_delay, update_time, updator) VALUES (31, 0, 0, 0, 0, 0, 0, 0, 0, 0, 0, '2019-03-28 07:21:20', 0, 15, 0, 0, 0, 0, null, 0, null, 0);
INSERT INTO gzx.t_cust_credit (id, ddays2y, dtimes2y, dtimes5y, dtimes6m, contd2times2y, contd2times6m, contd3times1y, contd3times2y, contd3times5y, contd4times2y, create_time, creator, customer_id, extend1, extend2, extend3, extend4, freeze_amount, max_delay, update_time, updator) VALUES (32, 0, 0, 0, 0, 0, 0, 0, 0, 0, 0, '2019-03-28 08:02:40', 0, 16, 0, 0, 0, 0, 22.00, 0, null, 0);
INSERT INTO gzx.t_cust_credit (id, ddays2y, dtimes2y, dtimes5y, dtimes6m, contd2times2y, contd2times6m, contd3times1y, contd3times2y, contd3times5y, contd4times2y, create_time, creator, customer_id, extend1, extend2, extend3, extend4, freeze_amount, max_delay, update_time, updator) VALUES (33, 0, 0, 0, 0, 0, 0, 0, 0, 0, 0, '2019-03-28 09:36:54', 0, 17, 0, 0, 0, 0, null, 0, null, 0);
INSERT INTO gzx.t_cust_credit (id, ddays2y, dtimes2y, dtimes5y, dtimes6m, contd2times2y, contd2times6m, contd3times1y, contd3times2y, contd3times5y, contd4times2y, create_time, creator, customer_id, extend1, extend2, extend3, extend4, freeze_amount, max_delay, update_time, updator) VALUES (34, 0, 0, 0, 0, 0, 0, 0, 0, 0, 0, '2019-03-28 20:31:18', 0, 18, 0, 0, 0, 0, null, 0, null, 0);
INSERT INTO gzx.t_cust_credit (id, ddays2y, dtimes2y, dtimes5y, dtimes6m, contd2times2y, contd2times6m, contd3times1y, contd3times2y, contd3times5y, contd4times2y, create_time, creator, customer_id, extend1, extend2, extend3, extend4, freeze_amount, max_delay, update_time, updator) VALUES (35, 0, 0, 0, 0, 0, 0, 0, 0, 0, 0, '2019-03-28 22:41:45', 0, 19, 0, 0, 0, 0, null, 0, null, 0);
INSERT INTO gzx.t_cust_credit (id, ddays2y, dtimes2y, dtimes5y, dtimes6m, contd2times2y, contd2times6m, contd3times1y, contd3times2y, contd3times5y, contd4times2y, create_time, creator, customer_id, extend1, extend2, extend3, extend4, freeze_amount, max_delay, update_time, updator) VALUES (36, 0, 0, 0, 0, 0, 0, 0, 0, 0, 0, '2019-04-02 02:08:36', 0, 20, 0, 0, 0, 0, null, 0, null, 0);
INSERT INTO gzx.t_cust_credit (id, ddays2y, dtimes2y, dtimes5y, dtimes6m, contd2times2y, contd2times6m, contd3times1y, contd3times2y, contd3times5y, contd4times2y, create_time, creator, customer_id, extend1, extend2, extend3, extend4, freeze_amount, max_delay, update_time, updator) VALUES (37, 0, 0, 0, 0, 0, 0, 0, 0, 0, 0, '2019-04-02 04:54:13', 0, 21, 0, 0, 0, 0, null, 0, null, 0);
INSERT INTO gzx.t_cust_mortgage (mortgage_id, belong_type, create_time, creator, customer_id, estate_age, estate_area, estate_price, estate_type, house_address, mortgage_type, update_time, updator, mortgage_count, order_id, order_product_id) VALUES (19, 0, '2018-12-06 20:46:23', 0, 1, 11, 2, 11.00, 2, 0, 0, '2019-03-03 21:35:24', 0, null, null, null);
INSERT INTO gzx.t_cust_mortgage (mortgage_id, belong_type, create_time, creator, customer_id, estate_age, estate_area, estate_price, estate_type, house_address, mortgage_type, update_time, updator, mortgage_count, order_id, order_product_id) VALUES (20, 0, '2018-12-06 22:34:29', 0, 2, 222, 1, 222.00, 2, 0, 0, '2019-02-28 20:04:45', 0, null, null, null);
INSERT INTO gzx.t_cust_mortgage (mortgage_id, belong_type, create_time, creator, customer_id, estate_age, estate_area, estate_price, estate_type, house_address, mortgage_type, update_time, updator, mortgage_count, order_id, order_product_id) VALUES (21, 0, '2018-12-06 22:39:27', 0, 3, 333, 2, 333.00, 2, 0, 0, '2019-02-28 20:00:22', 0, null, null, null);
INSERT INTO gzx.t_cust_mortgage (mortgage_id, belong_type, create_time, creator, customer_id, estate_age, estate_area, estate_price, estate_type, house_address, mortgage_type, update_time, updator, mortgage_count, order_id, order_product_id) VALUES (22, 0, '2018-12-07 10:17:47', 0, 4, 0, 0, null, 0, 0, 0, null, 0, null, null, null);
INSERT INTO gzx.t_cust_mortgage (mortgage_id, belong_type, create_time, creator, customer_id, estate_age, estate_area, estate_price, estate_type, house_address, mortgage_type, update_time, updator, mortgage_count, order_id, order_product_id) VALUES (23, 0, '2018-12-07 10:18:38', 0, 5, 11, 2, 11.00, 2, 0, 0, '2019-03-01 04:00:48', 0, null, null, null);
INSERT INTO gzx.t_cust_mortgage (mortgage_id, belong_type, create_time, creator, customer_id, estate_age, estate_area, estate_price, estate_type, house_address, mortgage_type, update_time, updator, mortgage_count, order_id, order_product_id) VALUES (24, 0, '2019-02-27 00:28:01', 0, 6, 20, 2, 22.00, 2, 0, 0, null, 0, null, null, null);
INSERT INTO gzx.t_cust_mortgage (mortgage_id, belong_type, create_time, creator, customer_id, estate_age, estate_area, estate_price, estate_type, house_address, mortgage_type, update_time, updator, mortgage_count, order_id, order_product_id) VALUES (25, 0, '2019-02-27 21:41:09', 0, 7, 999, 3, 999.00, 2, 0, 0, null, 0, null, null, null);
INSERT INTO gzx.t_cust_mortgage (mortgage_id, belong_type, create_time, creator, customer_id, estate_age, estate_area, estate_price, estate_type, house_address, mortgage_type, update_time, updator, mortgage_count, order_id, order_product_id) VALUES (26, 0, '2019-02-28 19:44:16', 0, 8, 222, 1, 222.00, 2, 0, 0, null, 0, null, null, null);
INSERT INTO gzx.t_cust_mortgage (mortgage_id, belong_type, create_time, creator, customer_id, estate_age, estate_area, estate_price, estate_type, house_address, mortgage_type, update_time, updator, mortgage_count, order_id, order_product_id) VALUES (27, 0, '2019-03-01 04:37:28', 0, 9, 121, 1, 1212.00, 1, 0, 0, null, 0, null, null, null);
INSERT INTO gzx.t_cust_mortgage (mortgage_id, belong_type, create_time, creator, customer_id, estate_age, estate_area, estate_price, estate_type, house_address, mortgage_type, update_time, updator, mortgage_count, order_id, order_product_id) VALUES (28, 0, '2019-03-06 06:38:08', 0, 10, 11, 1, 11.00, 1, 0, 0, null, 0, null, null, null);
INSERT INTO gzx.t_cust_mortgage (mortgage_id, belong_type, create_time, creator, customer_id, estate_age, estate_area, estate_price, estate_type, house_address, mortgage_type, update_time, updator, mortgage_count, order_id, order_product_id) VALUES (29, 0, '2019-03-18 21:26:30', 0, 11, 444, 1, 444.00, 1, 0, 0, null, 0, null, null, null);
INSERT INTO gzx.t_cust_mortgage (mortgage_id, belong_type, create_time, creator, customer_id, estate_age, estate_area, estate_price, estate_type, house_address, mortgage_type, update_time, updator, mortgage_count, order_id, order_product_id) VALUES (30, 0, '2019-03-18 21:30:54', 0, 12, 22, 1, 22.00, 1, 0, 0, null, 0, null, null, null);
INSERT INTO gzx.t_cust_mortgage (mortgage_id, belong_type, create_time, creator, customer_id, estate_age, estate_area, estate_price, estate_type, house_address, mortgage_type, update_time, updator, mortgage_count, order_id, order_product_id) VALUES (31, 0, '2019-03-25 01:31:20', 0, 13, 1, 1, 11.00, 2, 0, 0, null, 0, null, null, null);
INSERT INTO gzx.t_cust_mortgage (mortgage_id, belong_type, create_time, creator, customer_id, estate_age, estate_area, estate_price, estate_type, house_address, mortgage_type, update_time, updator, mortgage_count, order_id, order_product_id) VALUES (32, 0, '2019-03-27 03:44:07', 0, 14, 0, 2, 222.00, 1, 0, 0, null, 0, 2, null, null);
INSERT INTO gzx.t_cust_mortgage (mortgage_id, belong_type, create_time, creator, customer_id, estate_age, estate_area, estate_price, estate_type, house_address, mortgage_type, update_time, updator, mortgage_count, order_id, order_product_id) VALUES (33, 0, '2019-03-28 07:21:20', 0, 15, 0, 2, 22.00, 1, 0, 0, null, 0, 1, null, null);
INSERT INTO gzx.t_cust_mortgage (mortgage_id, belong_type, create_time, creator, customer_id, estate_age, estate_area, estate_price, estate_type, house_address, mortgage_type, update_time, updator, mortgage_count, order_id, order_product_id) VALUES (34, 0, '2019-03-28 08:02:40', 0, 16, 0, 1, 22.00, 1, 0, 0, null, 0, 1, null, null);
INSERT INTO gzx.t_cust_mortgage (mortgage_id, belong_type, create_time, creator, customer_id, estate_age, estate_area, estate_price, estate_type, house_address, mortgage_type, update_time, updator, mortgage_count, order_id, order_product_id) VALUES (35, 0, '2019-03-28 09:36:54', 0, 17, 0, 1, 22.00, 1, 0, 0, null, 0, 2, null, null);
INSERT INTO gzx.t_cust_mortgage (mortgage_id, belong_type, create_time, creator, customer_id, estate_age, estate_area, estate_price, estate_type, house_address, mortgage_type, update_time, updator, mortgage_count, order_id, order_product_id) VALUES (36, 0, '2019-03-28 20:31:18', 0, 18, 0, 2, 22.00, 1, 0, 0, null, 0, 2, null, null);
INSERT INTO gzx.t_cust_mortgage (mortgage_id, belong_type, create_time, creator, customer_id, estate_age, estate_area, estate_price, estate_type, house_address, mortgage_type, update_time, updator, mortgage_count, order_id, order_product_id) VALUES (37, 0, '2019-03-28 22:41:45', 0, 19, 0, 1, 22.00, 1, 0, 0, null, 0, 2, null, null);
INSERT INTO gzx.t_cust_mortgage (mortgage_id, belong_type, create_time, creator, customer_id, estate_age, estate_area, estate_price, estate_type, house_address, mortgage_type, update_time, updator, mortgage_count, order_id, order_product_id) VALUES (38, 0, '2019-04-02 02:08:36', 0, 20, 0, 2, null, 0, 0, 0, null, 0, 2, null, null);
INSERT INTO gzx.t_cust_mortgage (mortgage_id, belong_type, create_time, creator, customer_id, estate_age, estate_area, estate_price, estate_type, house_address, mortgage_type, update_time, updator, mortgage_count, order_id, order_product_id) VALUES (39, 0, '2019-04-02 04:54:13', 0, 21, 0, 2, 111.00, 1, 0, 0, null, 0, 1, null, null);
INSERT INTO gzx.t_cust_mortgage (mortgage_id, belong_type, create_time, creator, customer_id, estate_age, estate_area, estate_price, estate_type, house_address, mortgage_type, update_time, updator, mortgage_count, order_id, order_product_id) VALUES (40, 0, '2019-04-23 11:50:45', 15, 0, 0, 2, null, 2, 0, 0, null, 0, 1, 91, 0);
INSERT INTO gzx.t_customer (id, address, age, be_stockholder_months, birthday, certi_code, create_time, creator, cust_state, gender, is_new_stockholder, job, name, order_id, phone, update_time, updator, bank_code, bank_id) VALUES (1, '11', 11, 0, null, '11', '2018-12-06 20:46:23', 0, 1, 11, null, null, '王润海', 30, '11', '2019-03-03 21:35:24', 0, null, 1);
INSERT INTO gzx.t_customer (id, address, age, be_stockholder_months, birthday, certi_code, create_time, creator, cust_state, gender, is_new_stockholder, job, name, order_id, phone, update_time, updator, bank_code, bank_id) VALUES (2, '222', 222, 0, null, '222', null, null, 1, 222, null, '222', '我8887', 30, '222', '2019-02-28 20:04:45', 0, null, 1);
INSERT INTO gzx.t_customer (id, address, age, be_stockholder_months, birthday, certi_code, create_time, creator, cust_state, gender, is_new_stockholder, job, name, order_id, phone, update_time, updator, bank_code, bank_id) VALUES (3, '333', 333, 0, null, '333', null, null, 1, 33, null, '333', '我666', 30, '333', '2019-02-28 20:00:22', 0, null, 1);
INSERT INTO gzx.t_customer (id, address, age, be_stockholder_months, birthday, certi_code, create_time, creator, cust_state, gender, is_new_stockholder, job, name, order_id, phone, update_time, updator, bank_code, bank_id) VALUES (4, '', 0, 0, null, '', '2018-12-07 10:17:47', 0, 100, 0, null, '', '王润海02', 36, '', '2019-03-01 03:58:39', null, null, 1);
INSERT INTO gzx.t_customer (id, address, age, be_stockholder_months, birthday, certi_code, create_time, creator, cust_state, gender, is_new_stockholder, job, name, order_id, phone, update_time, updator, bank_code, bank_id) VALUES (5, '11', 111, 0, null, '11', '2018-12-07 10:18:37', 0, 1, 11, null, '11', '我2', 36, '18611300304', '2019-03-01 04:00:47', 0, null, 1);
INSERT INTO gzx.t_customer (id, address, age, be_stockholder_months, birthday, certi_code, create_time, creator, cust_state, gender, is_new_stockholder, job, name, order_id, phone, update_time, updator, bank_code, bank_id) VALUES (6, '22', 22, 0, null, '222', '2019-02-27 00:28:01', 0, 1, 2, null, '22', '王刚', 21, '22', null, null, null, 1);
INSERT INTO gzx.t_customer (id, address, age, be_stockholder_months, birthday, certi_code, create_time, creator, cust_state, gender, is_new_stockholder, job, name, order_id, phone, update_time, updator, bank_code, bank_id) VALUES (7, '9999', 999, 0, null, '9999', '2019-02-27 21:41:08', 0, 1, 999, null, '999', '王润海', 34, '999', null, null, null, 1);
INSERT INTO gzx.t_customer (id, address, age, be_stockholder_months, birthday, certi_code, create_time, creator, cust_state, gender, is_new_stockholder, job, name, order_id, phone, update_time, updator, bank_code, bank_id) VALUES (8, '222', 222, 0, null, '222', '2019-02-28 19:44:16', 0, 100, 222, null, '222', '我999', 30, '222', '2019-02-28 20:04:38', null, null, 1);
INSERT INTO gzx.t_customer (id, address, age, be_stockholder_months, birthday, certi_code, create_time, creator, cust_state, gender, is_new_stockholder, job, name, order_id, phone, update_time, updator, bank_code, bank_id) VALUES (9, '1212', 1212, 0, null, '12121', '2019-03-01 04:37:28', 0, 1, 12120, null, '1212', '王', 37, '1212', null, null, null, 1);
INSERT INTO gzx.t_customer (id, address, age, be_stockholder_months, birthday, certi_code, create_time, creator, cust_state, gender, is_new_stockholder, job, name, order_id, phone, update_time, updator, bank_code, bank_id) VALUES (10, '11', 11, 0, null, '11', '2019-03-06 06:38:08', 0, 1, 11, null, null, '王双', 33, '11', null, null, '11', 3);
INSERT INTO gzx.t_customer (id, address, age, be_stockholder_months, birthday, certi_code, create_time, creator, cust_state, gender, is_new_stockholder, job, name, order_id, phone, update_time, updator, bank_code, bank_id) VALUES (11, '444', 444, 0, null, '444', '2019-03-18 21:26:30', 0, 1, 444, null, null, '王刚', 41, '444', null, null, '444', 2);
INSERT INTO gzx.t_customer (id, address, age, be_stockholder_months, birthday, certi_code, create_time, creator, cust_state, gender, is_new_stockholder, job, name, order_id, phone, update_time, updator, bank_code, bank_id) VALUES (12, '22', 22, 0, null, '22', '2019-03-18 21:30:54', 0, 1, 22, null, null, '王姐', 41, '22', null, null, '22', 2);
INSERT INTO gzx.t_customer (id, address, age, be_stockholder_months, birthday, certi_code, create_time, creator, cust_state, gender, is_new_stockholder, job, name, order_id, phone, update_time, updator, bank_code, bank_id) VALUES (13, '11', 11, 0, null, '11', '2019-03-25 01:31:20', 0, 1, 11, null, null, '紫荆化', 51, '11', null, null, '11', 2);
INSERT INTO gzx.t_customer (id, address, age, be_stockholder_months, birthday, certi_code, create_time, creator, cust_state, gender, is_new_stockholder, job, name, order_id, phone, update_time, updator, bank_code, bank_id) VALUES (14, '22', 22, 0, null, '222', '2019-03-27 03:44:07', 0, 1, 1, null, null, '我爸', 55, '18611300304', null, null, '22', 2);
INSERT INTO gzx.t_customer (id, address, age, be_stockholder_months, birthday, certi_code, create_time, creator, cust_state, gender, is_new_stockholder, job, name, order_id, phone, update_time, updator, bank_code, bank_id) VALUES (15, '22', 22, 0, null, '222', '2019-03-28 07:21:20', 0, 1, 22, null, null, '全能王1', 58, '22', null, null, '22', 2);
INSERT INTO gzx.t_customer (id, address, age, be_stockholder_months, birthday, certi_code, create_time, creator, cust_state, gender, is_new_stockholder, job, name, order_id, phone, update_time, updator, bank_code, bank_id) VALUES (16, '22', 0, 0, null, '222', '2019-03-28 08:02:40', 0, 1, 0, null, null, '王润海02', 59, '22', null, null, '22', 2);
INSERT INTO gzx.t_customer (id, address, age, be_stockholder_months, birthday, certi_code, create_time, creator, cust_state, gender, is_new_stockholder, job, name, order_id, phone, update_time, updator, bank_code, bank_id) VALUES (17, '22', 22, 0, null, '410726197906105416', '2019-03-28 09:36:54', 0, 1, 22, null, null, '王刚', 60, '22', null, null, '22', 3);
INSERT INTO gzx.t_customer (id, address, age, be_stockholder_months, birthday, certi_code, create_time, creator, cust_state, gender, is_new_stockholder, job, name, order_id, phone, update_time, updator, bank_code, bank_id) VALUES (18, '22', 22, 0, null, '222', '2019-03-28 20:31:18', 0, 1, 22, null, null, '胜利王', 61, '22', null, null, '22', 2);
INSERT INTO gzx.t_customer (id, address, age, be_stockholder_months, birthday, certi_code, create_time, creator, cust_state, gender, is_new_stockholder, job, name, order_id, phone, update_time, updator, bank_code, bank_id) VALUES (19, '22', 22, 0, null, '222', '2019-03-28 22:41:45', 0, 1, 2, null, null, '小刀王', 62, '22', null, null, '22', 2);
INSERT INTO gzx.t_customer (id, address, age, be_stockholder_months, birthday, certi_code, create_time, creator, cust_state, gender, is_new_stockholder, job, name, order_id, phone, update_time, updator, bank_code, bank_id) VALUES (20, '444', 22, 0, null, '444', '2019-04-02 02:08:36', 0, 1, 2, null, null, '六小灵通', 63, '333', null, null, '11', 2);
INSERT INTO gzx.t_customer (id, address, age, be_stockholder_months, birthday, certi_code, create_time, creator, cust_state, gender, is_new_stockholder, job, name, order_id, phone, update_time, updator, bank_code, bank_id) VALUES (21, '22', 22, 0, null, '222', '2019-04-02 04:54:13', 0, 1, 3, null, null, '七七', 64, '18611300304', null, null, '33', 3);
INSERT INTO gzx.t_finance_account (id, account_names, account_state, account_no, bank, company, create_time, creator, state, update_time, updator) VALUES (1, '工行-446', 1, '333446', 1, 1, '2019-03-27 10:53:19', 0, 1, null, 0);
INSERT INTO gzx.t_finance_account (id, account_names, account_state, account_no, bank, company, create_time, creator, state, update_time, updator) VALUES (2, '农行-114', 1, '222114', 3, 1, '2019-03-27 11:01:11', 0, 1, null, 0);
INSERT INTO gzx.t_finance_accounting_entry (id, accounting_date, amount, create_time, creator, credit, debit, state, update_time, updator) VALUES (755, '2019-03-30 18:08:53', 11.00, '2019-03-30 18:08:53', 0, 12, 37, 1, null, null);
INSERT INTO gzx.t_finance_accounting_entry (id, accounting_date, amount, create_time, creator, credit, debit, state, update_time, updator) VALUES (756, '2019-03-30 18:08:53', 11.00, '2019-03-30 18:08:53', 0, 37, 5, 1, null, null);
INSERT INTO gzx.t_finance_accounting_entry (id, accounting_date, amount, create_time, creator, credit, debit, state, update_time, updator) VALUES (757, '2019-03-30 18:08:53', 2.00, '2019-03-30 18:08:53', 0, 25, 7, 1, null, null);
INSERT INTO gzx.t_finance_accounting_entry (id, accounting_date, amount, create_time, creator, credit, debit, state, update_time, updator) VALUES (758, '2019-03-30 18:08:53', 2.00, '2019-03-30 18:08:53', 0, 25, 7, 1, null, null);
INSERT INTO gzx.t_finance_accounting_entry (id, accounting_date, amount, create_time, creator, credit, debit, state, update_time, updator) VALUES (759, '2019-03-30 18:08:53', 2.00, '2019-03-30 18:08:53', 0, 25, 7, 1, null, null);
INSERT INTO gzx.t_finance_accounting_entry (id, accounting_date, amount, create_time, creator, credit, debit, state, update_time, updator) VALUES (760, '2019-03-30 18:08:53', 2.00, '2019-03-30 18:08:53', 0, 25, 7, 1, null, null);
INSERT INTO gzx.t_finance_accounting_entry (id, accounting_date, amount, create_time, creator, credit, debit, state, update_time, updator) VALUES (761, '2019-03-30 18:08:53', 2.00, '2019-03-30 18:08:53', 0, 25, 7, 1, null, null);
INSERT INTO gzx.t_finance_accounting_entry (id, accounting_date, amount, create_time, creator, credit, debit, state, update_time, updator) VALUES (762, '2019-03-30 18:08:53', 2.00, '2019-03-30 18:08:53', 0, 25, 7, 1, null, null);
INSERT INTO gzx.t_finance_accounting_entry (id, accounting_date, amount, create_time, creator, credit, debit, state, update_time, updator) VALUES (763, '2019-03-30 18:08:53', 2.00, '2019-03-30 18:08:53', 0, 25, 7, 1, null, null);
INSERT INTO gzx.t_finance_accounting_entry (id, accounting_date, amount, create_time, creator, credit, debit, state, update_time, updator) VALUES (764, '2019-03-30 18:08:53', 2.00, '2019-03-30 18:08:53', 0, 25, 7, 1, null, null);
INSERT INTO gzx.t_finance_accounting_entry (id, accounting_date, amount, create_time, creator, credit, debit, state, update_time, updator) VALUES (765, '2019-03-30 18:08:53', 2.00, '2019-03-30 18:08:53', 0, 25, 7, 1, null, null);
INSERT INTO gzx.t_finance_accounting_entry (id, accounting_date, amount, create_time, creator, credit, debit, state, update_time, updator) VALUES (766, '2019-03-30 18:08:53', 2.00, '2019-03-30 18:08:53', 0, 25, 7, 1, null, null);
INSERT INTO gzx.t_finance_accounting_entry (id, accounting_date, amount, create_time, creator, credit, debit, state, update_time, updator) VALUES (767, '2019-03-30 18:08:53', 2.00, '2019-03-30 18:08:53', 0, 25, 7, 1, null, null);
INSERT INTO gzx.t_finance_accounting_entry (id, accounting_date, amount, create_time, creator, credit, debit, state, update_time, updator) VALUES (768, '2019-03-30 18:08:53', 2.00, '2019-03-30 18:08:53', 0, 25, 7, 1, null, null);
INSERT INTO gzx.t_finance_accounting_entry (id, accounting_date, amount, create_time, creator, credit, debit, state, update_time, updator) VALUES (769, '2019-03-30 18:08:53', 2.00, '2019-03-30 18:08:53', 0, 25, 7, 1, null, null);
INSERT INTO gzx.t_finance_accounting_entry (id, accounting_date, amount, create_time, creator, credit, debit, state, update_time, updator) VALUES (770, '2019-03-30 18:08:53', 2.00, '2019-03-30 18:08:53', 0, 25, 7, 1, null, null);
INSERT INTO gzx.t_finance_accounting_entry (id, accounting_date, amount, create_time, creator, credit, debit, state, update_time, updator) VALUES (771, '2019-03-30 18:08:53', 2.00, '2019-03-30 18:08:53', 0, 25, 7, 1, null, null);
INSERT INTO gzx.t_finance_accounting_entry (id, accounting_date, amount, create_time, creator, credit, debit, state, update_time, updator) VALUES (772, '2019-03-30 18:08:53', 2.00, '2019-03-30 18:08:53', 0, 25, 7, 1, null, null);
INSERT INTO gzx.t_finance_accounting_entry (id, accounting_date, amount, create_time, creator, credit, debit, state, update_time, updator) VALUES (773, '2019-03-30 18:08:53', 2.00, '2019-03-30 18:08:53', 0, 25, 7, 1, null, null);
INSERT INTO gzx.t_finance_accounting_entry (id, accounting_date, amount, create_time, creator, credit, debit, state, update_time, updator) VALUES (774, '2019-03-30 18:08:53', 2.00, '2019-03-30 18:08:53', 0, 25, 7, 1, null, null);
INSERT INTO gzx.t_finance_accounting_entry (id, accounting_date, amount, create_time, creator, credit, debit, state, update_time, updator) VALUES (775, '2019-03-30 18:08:53', 2.00, '2019-03-30 18:08:53', 0, 25, 7, 1, null, null);
INSERT INTO gzx.t_finance_accounting_entry (id, accounting_date, amount, create_time, creator, credit, debit, state, update_time, updator) VALUES (776, '2019-03-30 18:08:53', 2.00, '2019-03-30 18:08:53', 0, 25, 7, 1, null, null);
INSERT INTO gzx.t_finance_accounting_entry (id, accounting_date, amount, create_time, creator, credit, debit, state, update_time, updator) VALUES (777, '2019-03-30 18:08:53', 7.00, '2019-03-30 18:08:53', 0, 26, 5, 1, null, null);
INSERT INTO gzx.t_finance_accounting_entry (id, accounting_date, amount, create_time, creator, credit, debit, state, update_time, updator) VALUES (778, '2019-03-30 18:08:53', 7.00, '2019-03-30 18:08:53', 0, 26, 5, 1, null, null);
INSERT INTO gzx.t_finance_accounting_entry (id, accounting_date, amount, create_time, creator, credit, debit, state, update_time, updator) VALUES (779, '2019-03-30 18:08:53', 7.00, '2019-03-30 18:08:53', 0, 26, 5, 1, null, null);
INSERT INTO gzx.t_finance_accounting_entry (id, accounting_date, amount, create_time, creator, credit, debit, state, update_time, updator) VALUES (780, '2019-03-30 18:08:53', 7.00, '2019-03-30 18:08:53', 0, 26, 5, 1, null, null);
INSERT INTO gzx.t_finance_accounting_entry (id, accounting_date, amount, create_time, creator, credit, debit, state, update_time, updator) VALUES (781, '2019-03-30 18:08:53', 11.00, '2019-03-30 18:08:53', 0, 3, 12, 1, null, null);
INSERT INTO gzx.t_finance_accounting_entry (id, accounting_date, amount, create_time, creator, credit, debit, state, update_time, updator) VALUES (782, '2019-03-30 18:08:53', 7.00, '2019-03-30 18:08:53', 0, 5, 3, 1, null, null);
INSERT INTO gzx.t_finance_accounting_entry (id, accounting_date, amount, create_time, creator, credit, debit, state, update_time, updator) VALUES (783, '2019-03-30 18:08:53', 7.00, '2019-03-30 18:08:53', 0, 5, 3, 1, null, null);
INSERT INTO gzx.t_finance_accounting_entry (id, accounting_date, amount, create_time, creator, credit, debit, state, update_time, updator) VALUES (784, '2019-03-30 18:08:53', 2.00, '2019-03-30 18:08:53', 0, 26, 5, 1, null, null);
INSERT INTO gzx.t_finance_accounting_entry (id, accounting_date, amount, create_time, creator, credit, debit, state, update_time, updator) VALUES (785, '2019-03-30 18:08:53', 2.00, '2019-03-30 18:08:53', 0, 26, 5, 1, null, null);
INSERT INTO gzx.t_finance_accounting_entry (id, accounting_date, amount, create_time, creator, credit, debit, state, update_time, updator) VALUES (786, '2019-03-30 18:08:53', 0.00, '2019-03-30 18:08:53', 0, 26, 5, 1, null, null);
INSERT INTO gzx.t_finance_accounting_entry (id, accounting_date, amount, create_time, creator, credit, debit, state, update_time, updator) VALUES (787, '2019-03-30 18:08:53', 0.00, '2019-03-30 18:08:53', 0, 26, 5, 1, null, null);
INSERT INTO gzx.t_finance_accounting_entry (id, accounting_date, amount, create_time, creator, credit, debit, state, update_time, updator) VALUES (788, '2019-03-30 18:08:53', 0.00, '2019-03-30 18:08:53', 0, 26, 5, 1, null, null);
INSERT INTO gzx.t_finance_accounting_entry (id, accounting_date, amount, create_time, creator, credit, debit, state, update_time, updator) VALUES (789, '2019-03-30 18:08:53', 0.00, '2019-03-30 18:08:53', 0, 26, 5, 1, null, null);
INSERT INTO gzx.t_finance_accounting_entry (id, accounting_date, amount, create_time, creator, credit, debit, state, update_time, updator) VALUES (790, '2019-03-30 18:08:53', 0.00, '2019-03-30 18:08:53', 0, 26, 5, 1, null, null);
INSERT INTO gzx.t_finance_accounting_entry (id, accounting_date, amount, create_time, creator, credit, debit, state, update_time, updator) VALUES (791, '2019-03-30 18:08:53', 0.00, '2019-03-30 18:08:53', 0, 26, 5, 1, null, null);
INSERT INTO gzx.t_finance_accounting_entry (id, accounting_date, amount, create_time, creator, credit, debit, state, update_time, updator) VALUES (792, '2019-03-30 18:08:53', 1200.00, '2019-03-30 18:08:53', 0, 26, 5, 1, null, null);
INSERT INTO gzx.t_finance_accounting_entry (id, accounting_date, amount, create_time, creator, credit, debit, state, update_time, updator) VALUES (793, '2019-03-30 18:08:53', 1200.00, '2019-03-30 18:08:53', 0, 5, 3, 1, null, null);
INSERT INTO gzx.t_finance_accounting_entry (id, accounting_date, amount, create_time, creator, credit, debit, state, update_time, updator) VALUES (794, '2019-03-30 18:08:53', 0.00, '2019-03-30 18:08:53', 0, 25, 7, 1, null, null);
INSERT INTO gzx.t_finance_accounting_entry (id, accounting_date, amount, create_time, creator, credit, debit, state, update_time, updator) VALUES (795, '2019-03-30 18:08:53', 0.00, '2019-03-30 18:08:53', 0, 26, 5, 1, null, null);
INSERT INTO gzx.t_finance_accounting_entry (id, accounting_date, amount, create_time, creator, credit, debit, state, update_time, updator) VALUES (796, '2019-03-30 18:08:53', 0.00, '2019-03-30 18:08:53', 0, 25, 7, 1, null, null);
INSERT INTO gzx.t_finance_accounting_entry (id, accounting_date, amount, create_time, creator, credit, debit, state, update_time, updator) VALUES (797, '2019-03-30 18:08:53', 0.00, '2019-03-30 18:08:53', 0, 26, 5, 1, null, null);
INSERT INTO gzx.t_finance_accounting_entry (id, accounting_date, amount, create_time, creator, credit, debit, state, update_time, updator) VALUES (798, '2019-03-30 18:08:53', 0.00, '2019-03-30 18:08:53', 0, 25, 7, 1, null, null);
INSERT INTO gzx.t_finance_accounting_entry (id, accounting_date, amount, create_time, creator, credit, debit, state, update_time, updator) VALUES (799, '2019-03-30 18:08:53', 0.00, '2019-03-30 18:08:53', 0, 26, 5, 1, null, null);
INSERT INTO gzx.t_finance_accounting_entry (id, accounting_date, amount, create_time, creator, credit, debit, state, update_time, updator) VALUES (800, '2019-03-30 18:08:53', 0.00, '2019-03-30 18:08:53', 0, 25, 7, 1, null, null);
INSERT INTO gzx.t_finance_accounting_entry (id, accounting_date, amount, create_time, creator, credit, debit, state, update_time, updator) VALUES (801, '2019-03-30 18:08:53', 0.00, '2019-03-30 18:08:53', 0, 26, 5, 1, null, null);
INSERT INTO gzx.t_finance_accounting_entry (id, accounting_date, amount, create_time, creator, credit, debit, state, update_time, updator) VALUES (802, '2019-03-30 18:08:53', 0.00, '2019-03-30 18:08:53', 0, 25, 7, 1, null, null);
INSERT INTO gzx.t_finance_accounting_entry (id, accounting_date, amount, create_time, creator, credit, debit, state, update_time, updator) VALUES (803, '2019-03-30 18:08:53', 0.00, '2019-03-30 18:08:53', 0, 26, 5, 1, null, null);
INSERT INTO gzx.t_finance_accounting_entry (id, accounting_date, amount, create_time, creator, credit, debit, state, update_time, updator) VALUES (804, '2019-03-30 18:08:53', 0.00, '2019-03-30 18:08:53', 0, 25, 7, 1, null, null);
INSERT INTO gzx.t_finance_accounting_entry (id, accounting_date, amount, create_time, creator, credit, debit, state, update_time, updator) VALUES (805, '2019-03-30 18:08:53', 0.00, '2019-03-30 18:08:53', 0, 26, 5, 1, null, null);
INSERT INTO gzx.t_finance_accounting_entry (id, accounting_date, amount, create_time, creator, credit, debit, state, update_time, updator) VALUES (806, '2019-03-30 18:08:53', 0.00, '2019-03-30 18:08:53', 0, 25, 7, 1, null, null);
INSERT INTO gzx.t_finance_accounting_entry (id, accounting_date, amount, create_time, creator, credit, debit, state, update_time, updator) VALUES (807, '2019-03-30 18:08:53', 1.00, '2019-03-30 18:08:53', 0, 26, 5, 1, null, null);
INSERT INTO gzx.t_finance_accounting_entry (id, accounting_date, amount, create_time, creator, credit, debit, state, update_time, updator) VALUES (808, '2019-03-30 18:08:53', 0.00, '2019-03-30 18:08:53', 0, 25, 7, 1, null, null);
INSERT INTO gzx.t_finance_accounting_entry (id, accounting_date, amount, create_time, creator, credit, debit, state, update_time, updator) VALUES (809, '2019-03-30 18:08:53', 1.00, '2019-03-30 18:08:53', 0, 26, 5, 1, null, null);
INSERT INTO gzx.t_finance_accounting_entry (id, accounting_date, amount, create_time, creator, credit, debit, state, update_time, updator) VALUES (810, '2019-03-30 18:08:53', 0.00, '2019-03-30 18:08:53', 0, 25, 7, 1, null, null);
INSERT INTO gzx.t_finance_accounting_entry (id, accounting_date, amount, create_time, creator, credit, debit, state, update_time, updator) VALUES (811, '2019-03-30 18:08:53', 1.00, '2019-03-30 18:08:53', 0, 26, 5, 1, null, null);
INSERT INTO gzx.t_finance_accounting_entry (id, accounting_date, amount, create_time, creator, credit, debit, state, update_time, updator) VALUES (812, '2019-03-30 18:08:53', 553.00, '2019-03-30 18:08:53', 0, 25, 7, 1, null, null);
INSERT INTO gzx.t_finance_accounting_entry (id, accounting_date, amount, create_time, creator, credit, debit, state, update_time, updator) VALUES (813, '2019-03-30 18:08:53', 1.00, '2019-03-30 18:08:53', 0, 26, 5, 1, null, null);
INSERT INTO gzx.t_finance_accounting_entry (id, accounting_date, amount, create_time, creator, credit, debit, state, update_time, updator) VALUES (814, '2019-03-30 18:08:53', 6.00, '2019-03-30 18:08:53', 0, 25, 7, 1, null, null);
INSERT INTO gzx.t_finance_accounting_entry (id, accounting_date, amount, create_time, creator, credit, debit, state, update_time, updator) VALUES (815, '2019-03-30 18:08:53', 1.00, '2019-03-30 18:08:53', 0, 26, 5, 1, null, null);
INSERT INTO gzx.t_finance_accounting_entry (id, accounting_date, amount, create_time, creator, credit, debit, state, update_time, updator) VALUES (816, '2019-03-30 18:08:53', 1.00, '2019-03-30 18:08:53', 0, 5, 3, 1, null, null);
INSERT INTO gzx.t_finance_accounting_entry (id, accounting_date, amount, create_time, creator, credit, debit, state, update_time, updator) VALUES (817, '2019-03-30 18:08:53', 333.00, '2019-03-30 18:08:53', 0, 12, 37, 1, null, null);
INSERT INTO gzx.t_finance_accounting_entry (id, accounting_date, amount, create_time, creator, credit, debit, state, update_time, updator) VALUES (818, '2019-03-30 18:08:53', 333.00, '2019-03-30 18:08:53', 0, 3, 12, 1, null, null);
INSERT INTO gzx.t_finance_accounting_entry (id, accounting_date, amount, create_time, creator, credit, debit, state, update_time, updator) VALUES (819, '2019-03-30 18:08:53', 333.00, '2019-03-30 18:08:53', 0, 37, 5, 1, null, null);
INSERT INTO gzx.t_finance_accounting_entry (id, accounting_date, amount, create_time, creator, credit, debit, state, update_time, updator) VALUES (820, '2019-03-30 18:08:53', 333.00, '2019-03-30 18:08:53', 0, 5, 3, 1, null, null);
INSERT INTO gzx.t_finance_accounting_entry (id, accounting_date, amount, create_time, creator, credit, debit, state, update_time, updator) VALUES (821, '2019-03-30 18:08:53', 600.00, '2019-03-30 18:08:53', 0, 26, 5, 1, null, null);
INSERT INTO gzx.t_finance_accounting_entry (id, accounting_date, amount, create_time, creator, credit, debit, state, update_time, updator) VALUES (822, '2019-03-30 18:08:53', 600.00, '2019-03-30 18:08:53', 0, 5, 3, 1, null, null);
INSERT INTO gzx.t_finance_accounting_entry (id, accounting_date, amount, create_time, creator, credit, debit, state, update_time, updator) VALUES (823, '2019-03-30 18:08:53', 3.00, '2019-03-30 18:08:53', 0, 25, 7, 1, null, null);
INSERT INTO gzx.t_finance_accounting_entry (id, accounting_date, amount, create_time, creator, credit, debit, state, update_time, updator) VALUES (824, '2019-03-30 18:08:53', 1.00, '2019-03-30 18:08:53', 0, 26, 5, 1, null, null);
INSERT INTO gzx.t_finance_accounting_entry (id, accounting_date, amount, create_time, creator, credit, debit, state, update_time, updator) VALUES (825, '2019-03-30 18:08:53', 0.00, '2019-03-30 18:08:53', 0, 26, 5, 1, null, null);
INSERT INTO gzx.t_finance_accounting_entry (id, accounting_date, amount, create_time, creator, credit, debit, state, update_time, updator) VALUES (826, '2019-03-30 18:08:53', 0.00, '2019-03-30 18:08:53', 0, 5, 3, 1, null, null);
INSERT INTO gzx.t_finance_accounting_entry (id, accounting_date, amount, create_time, creator, credit, debit, state, update_time, updator) VALUES (827, '2019-03-30 18:08:53', 0.00, '2019-03-30 18:08:53', 0, 25, 7, 1, null, null);
INSERT INTO gzx.t_finance_accounting_entry (id, accounting_date, amount, create_time, creator, credit, debit, state, update_time, updator) VALUES (828, '2019-03-30 18:08:53', 1.00, '2019-03-30 18:08:53', 0, 26, 5, 1, null, null);
INSERT INTO gzx.t_finance_accounting_entry (id, accounting_date, amount, create_time, creator, credit, debit, state, update_time, updator) VALUES (829, '2019-03-30 18:08:53', 1.00, '2019-03-30 18:08:53', 0, 5, 3, 1, null, null);
INSERT INTO gzx.t_finance_accounting_entry (id, accounting_date, amount, create_time, creator, credit, debit, state, update_time, updator) VALUES (830, '2019-03-30 18:08:53', 400.00, '2019-03-30 18:08:53', 0, 12, 37, 1, null, null);
INSERT INTO gzx.t_finance_accounting_entry (id, accounting_date, amount, create_time, creator, credit, debit, state, update_time, updator) VALUES (831, '2019-03-30 18:08:53', 400.00, '2019-03-30 18:08:53', 0, 3, 12, 1, null, null);
INSERT INTO gzx.t_finance_accounting_entry (id, accounting_date, amount, create_time, creator, credit, debit, state, update_time, updator) VALUES (832, '2019-03-30 18:08:53', 400.00, '2019-03-30 18:08:53', 0, 37, 5, 1, null, null);
INSERT INTO gzx.t_finance_accounting_entry (id, accounting_date, amount, create_time, creator, credit, debit, state, update_time, updator) VALUES (833, '2019-03-30 18:08:53', 400.00, '2019-03-30 18:08:53', 0, 5, 3, 1, null, null);
INSERT INTO gzx.t_finance_accounting_entry (id, accounting_date, amount, create_time, creator, credit, debit, state, update_time, updator) VALUES (834, '2019-03-30 18:08:53', 1200.00, '2019-03-30 18:08:53', 0, 26, 5, 1, null, null);
INSERT INTO gzx.t_finance_accounting_entry (id, accounting_date, amount, create_time, creator, credit, debit, state, update_time, updator) VALUES (835, '2019-03-30 18:08:53', 1200.00, '2019-03-30 18:08:53', 0, 5, 3, 1, null, null);
INSERT INTO gzx.t_finance_accounting_entry (id, accounting_date, amount, create_time, creator, credit, debit, state, update_time, updator) VALUES (836, '2019-03-30 18:08:53', 5.00, '2019-03-30 18:08:53', 0, 25, 7, 1, null, null);
INSERT INTO gzx.t_finance_accounting_entry (id, accounting_date, amount, create_time, creator, credit, debit, state, update_time, updator) VALUES (837, '2019-03-30 18:08:53', 1.00, '2019-03-30 18:08:53', 0, 26, 5, 1, null, null);
INSERT INTO gzx.t_finance_accounting_entry (id, accounting_date, amount, create_time, creator, credit, debit, state, update_time, updator) VALUES (838, '2019-03-30 18:08:53', 1.00, '2019-03-30 18:08:53', 0, 5, 3, 1, null, null);
INSERT INTO gzx.t_finance_accounting_entry (id, accounting_date, amount, create_time, creator, credit, debit, state, update_time, updator) VALUES (839, '2019-03-30 18:08:53', 300.00, '2019-03-30 18:08:53', 0, 12, 37, 1, null, null);
INSERT INTO gzx.t_finance_accounting_entry (id, accounting_date, amount, create_time, creator, credit, debit, state, update_time, updator) VALUES (840, '2019-03-30 18:08:53', 300.00, '2019-03-30 18:08:53', 0, 3, 12, 1, null, null);
INSERT INTO gzx.t_finance_accounting_entry (id, accounting_date, amount, create_time, creator, credit, debit, state, update_time, updator) VALUES (841, '2019-03-30 18:08:53', 300.00, '2019-03-30 18:08:53', 0, 37, 5, 1, null, null);
INSERT INTO gzx.t_finance_accounting_entry (id, accounting_date, amount, create_time, creator, credit, debit, state, update_time, updator) VALUES (842, '2019-03-30 18:08:53', 300.00, '2019-03-30 18:08:53', 0, 5, 3, 1, null, null);
INSERT INTO gzx.t_finance_accounting_entry (id, accounting_date, amount, create_time, creator, credit, debit, state, update_time, updator) VALUES (843, '2019-03-30 18:08:53', 1200.00, '2019-03-30 18:08:53', 0, 26, 5, 1, null, null);
INSERT INTO gzx.t_finance_accounting_entry (id, accounting_date, amount, create_time, creator, credit, debit, state, update_time, updator) VALUES (844, '2019-03-30 18:08:53', 1200.00, '2019-03-30 18:08:53', 0, 5, 3, 1, null, null);
INSERT INTO gzx.t_finance_accounting_entry (id, accounting_date, amount, create_time, creator, credit, debit, state, update_time, updator) VALUES (845, '2019-03-30 18:08:53', 8.00, '2019-03-30 18:08:53', 0, 25, 7, 1, null, null);
INSERT INTO gzx.t_finance_accounting_entry (id, accounting_date, amount, create_time, creator, credit, debit, state, update_time, updator) VALUES (846, '2019-03-30 18:08:53', 2.00, '2019-03-30 18:08:53', 0, 26, 5, 1, null, null);
INSERT INTO gzx.t_finance_accounting_entry (id, accounting_date, amount, create_time, creator, credit, debit, state, update_time, updator) VALUES (847, '2019-03-30 18:08:53', 2.00, '2019-03-30 18:08:53', 0, 5, 3, 1, null, null);
INSERT INTO gzx.t_finance_accounting_entry (id, accounting_date, amount, create_time, creator, credit, debit, state, update_time, updator) VALUES (848, '2019-03-30 18:08:53', 900.00, '2019-03-30 18:08:53', 0, 12, 37, 1, null, null);
INSERT INTO gzx.t_finance_accounting_entry (id, accounting_date, amount, create_time, creator, credit, debit, state, update_time, updator) VALUES (849, '2019-03-30 18:08:53', 900.00, '2019-03-30 18:08:53', 0, 3, 12, 1, null, null);
INSERT INTO gzx.t_finance_accounting_entry (id, accounting_date, amount, create_time, creator, credit, debit, state, update_time, updator) VALUES (850, '2019-03-30 18:08:53', 900.00, '2019-03-30 18:08:53', 0, 37, 5, 1, null, null);
INSERT INTO gzx.t_finance_accounting_entry (id, accounting_date, amount, create_time, creator, credit, debit, state, update_time, updator) VALUES (851, '2019-03-30 18:08:53', 900.00, '2019-03-30 18:08:53', 0, 5, 3, 1, null, null);
INSERT INTO gzx.t_finance_accounting_entry (id, accounting_date, amount, create_time, creator, credit, debit, state, update_time, updator) VALUES (852, '2019-03-30 18:08:53', 1200.00, '2019-03-30 18:08:53', 0, 26, 5, 1, null, null);
INSERT INTO gzx.t_finance_accounting_entry (id, accounting_date, amount, create_time, creator, credit, debit, state, update_time, updator) VALUES (853, '2019-03-30 18:08:53', 1200.00, '2019-03-30 18:08:53', 0, 5, 3, 1, null, null);
INSERT INTO gzx.t_finance_accounting_entry (id, accounting_date, amount, create_time, creator, credit, debit, state, update_time, updator) VALUES (854, '2019-03-30 18:08:53', 243000.00, '2019-03-30 18:08:53', 0, 25, 7, 1, null, null);
INSERT INTO gzx.t_finance_accounting_entry (id, accounting_date, amount, create_time, creator, credit, debit, state, update_time, updator) VALUES (855, '2019-03-30 18:08:53', 18000.00, '2019-03-30 18:08:53', 0, 26, 5, 1, null, null);
INSERT INTO gzx.t_finance_accounting_entry (id, accounting_date, amount, create_time, creator, credit, debit, state, update_time, updator) VALUES (856, '2019-03-30 18:08:53', 18000.00, '2019-03-30 18:08:53', 0, 5, 3, 1, null, null);
INSERT INTO gzx.t_finance_accounting_entry (id, accounting_date, amount, create_time, creator, credit, debit, state, update_time, updator) VALUES (857, '2019-03-30 18:08:53', 9000000.00, '2019-03-30 18:08:53', 0, 12, 37, 1, null, null);
INSERT INTO gzx.t_finance_accounting_entry (id, accounting_date, amount, create_time, creator, credit, debit, state, update_time, updator) VALUES (858, '2019-03-30 18:08:53', 9000000.00, '2019-03-30 18:08:53', 0, 3, 12, 1, null, null);
INSERT INTO gzx.t_finance_accounting_entry (id, accounting_date, amount, create_time, creator, credit, debit, state, update_time, updator) VALUES (859, '2019-03-30 18:08:53', 9000000.00, '2019-03-30 18:08:53', 0, 37, 5, 1, null, null);
INSERT INTO gzx.t_finance_accounting_entry (id, accounting_date, amount, create_time, creator, credit, debit, state, update_time, updator) VALUES (860, '2019-03-30 18:08:53', 9000000.00, '2019-03-30 18:08:53', 0, 5, 3, 1, null, null);
INSERT INTO gzx.t_finance_accounting_entry (id, accounting_date, amount, create_time, creator, credit, debit, state, update_time, updator) VALUES (861, '2019-03-30 18:08:53', 9000000.00, '2019-03-30 18:08:53', 0, 5, 3, 1, null, null);
INSERT INTO gzx.t_finance_accounting_entry (id, accounting_date, amount, create_time, creator, credit, debit, state, update_time, updator) VALUES (862, '2019-03-31 00:00:00', 243615.00, '2019-03-30 18:24:41', 0, 22, 25, 1, null, null);
INSERT INTO gzx.t_finance_accounting_entry (id, accounting_date, amount, create_time, creator, credit, debit, state, update_time, updator) VALUES (863, '2019-03-31 00:00:00', 23442.00, '2019-03-30 18:24:41', 0, 22, 26, 1, null, null);
INSERT INTO gzx.t_finance_accounting_period (id, create_time, creator, end_date, name, period_state, start_date, state, update_time, updator) VALUES (1, '2019-03-29 03:09:39', 0, '2019-03-31 11:00:00', '201903', 3, '2019-02-28 10:00:00', 1, null, 0);
INSERT INTO gzx.t_finance_accounting_rule (id, create_time, creator, credit_side, debit_side, fee_type, state, update_time, updator) VALUES (1, '2019-02-25 20:19:36', 0, 1, 1, 0, 100, '2019-02-25 20:19:42', 0);
INSERT INTO gzx.t_finance_accounting_rule (id, create_time, creator, credit_side, debit_side, fee_type, state, update_time, updator) VALUES (2, '2019-03-29 00:59:57', 0, 25, 7, 1, 1, null, 0);
INSERT INTO gzx.t_finance_accounting_rule (id, create_time, creator, credit_side, debit_side, fee_type, state, update_time, updator) VALUES (3, '2019-03-29 01:03:11', 0, 26, 5, 3, 100, '2019-03-29 01:05:28', 0);
INSERT INTO gzx.t_finance_accounting_rule (id, create_time, creator, credit_side, debit_side, fee_type, state, update_time, updator) VALUES (4, '2019-03-29 01:04:04', 0, 26, 5, 9, 1, null, 0);
INSERT INTO gzx.t_finance_accounting_rule (id, create_time, creator, credit_side, debit_side, fee_type, state, update_time, updator) VALUES (5, '2019-03-29 01:05:02', 0, 26, 5, 30, 1, null, 0);
INSERT INTO gzx.t_finance_accounting_rule (id, create_time, creator, credit_side, debit_side, fee_type, state, update_time, updator) VALUES (6, '2019-03-29 01:06:00', 0, 7, 3, 8, 1, null, 0);
INSERT INTO gzx.t_finance_accounting_rule (id, create_time, creator, credit_side, debit_side, fee_type, state, update_time, updator) VALUES (7, '2019-03-29 01:06:28', 0, 5, 3, 15, 1, null, 0);
INSERT INTO gzx.t_finance_accounting_rule (id, create_time, creator, credit_side, debit_side, fee_type, state, update_time, updator) VALUES (8, '2019-03-29 01:06:44', 0, 5, 3, 31, 1, null, 0);
INSERT INTO gzx.t_finance_accounting_rule (id, create_time, creator, credit_side, debit_side, fee_type, state, update_time, updator) VALUES (9, '2019-03-29 01:34:20', 0, 12, 37, 21, 1, null, 0);
INSERT INTO gzx.t_finance_accounting_rule (id, create_time, creator, credit_side, debit_side, fee_type, state, update_time, updator) VALUES (10, '2019-03-29 01:35:02', 0, 3, 12, 19, 1, null, 0);
INSERT INTO gzx.t_finance_accounting_rule (id, create_time, creator, credit_side, debit_side, fee_type, state, update_time, updator) VALUES (11, '2019-03-29 01:36:45', 0, 37, 5, 26, 1, null, 0);
INSERT INTO gzx.t_finance_accounting_rule (id, create_time, creator, credit_side, debit_side, fee_type, state, update_time, updator) VALUES (12, '2019-03-29 01:37:02', 0, 5, 3, 28, 1, null, 0);
INSERT INTO gzx.t_finance_balance (id, accounting_period, amount_credit, amount_debit, create_time, creator, end_amount_credit, end_amount_debit, start_amount_credit, start_amount_debit, state, subject, update_time, updator) VALUES (9, 1, 9001944.00, 9001944.00, '2019-03-30 18:08:53', 0, 9001944.00, 9001944.00, 0.00, 0.00, null, 12, '2019-03-30 18:08:53', null);
INSERT INTO gzx.t_finance_balance (id, accounting_period, amount_credit, amount_debit, create_time, creator, end_amount_credit, end_amount_debit, start_amount_credit, start_amount_debit, state, subject, update_time, updator) VALUES (10, 1, 9001944.00, 9001944.00, '2019-03-30 18:08:53', 0, 9001944.00, 9001944.00, 0.00, 0.00, null, 37, '2019-03-30 18:08:53', null);
INSERT INTO gzx.t_finance_balance (id, accounting_period, amount_credit, amount_debit, create_time, creator, end_amount_credit, end_amount_debit, start_amount_credit, start_amount_debit, state, subject, update_time, updator) VALUES (11, 1, 18025352.00, 9025386.00, '2019-03-30 18:08:53', 0, 18025352.00, 9025386.00, 0.00, 0.00, null, 5, '2019-03-30 18:08:53', null);
INSERT INTO gzx.t_finance_balance (id, accounting_period, amount_credit, amount_debit, create_time, creator, end_amount_credit, end_amount_debit, start_amount_credit, start_amount_debit, state, subject, update_time, updator) VALUES (12, 1, 243615.00, 0.00, '2019-03-30 18:08:53', 0, 243615.00, 0.00, 0.00, 0.00, null, 25, '2019-03-30 18:08:53', null);
INSERT INTO gzx.t_finance_balance (id, accounting_period, amount_credit, amount_debit, create_time, creator, end_amount_credit, end_amount_debit, start_amount_credit, start_amount_debit, state, subject, update_time, updator) VALUES (13, 1, 0.00, 243615.00, '2019-03-30 18:08:53', 0, 0.00, 243615.00, 0.00, 0.00, null, 7, null, null);
INSERT INTO gzx.t_finance_balance (id, accounting_period, amount_credit, amount_debit, create_time, creator, end_amount_credit, end_amount_debit, start_amount_credit, start_amount_debit, state, subject, update_time, updator) VALUES (14, 1, 23442.00, 0.00, '2019-03-30 18:08:53', 0, 23442.00, 0.00, 0.00, 0.00, null, 26, '2019-03-30 18:08:53', null);
INSERT INTO gzx.t_finance_balance (id, accounting_period, amount_credit, amount_debit, create_time, creator, end_amount_credit, end_amount_debit, start_amount_credit, start_amount_debit, state, subject, update_time, updator) VALUES (15, 1, 9001944.00, 18025352.00, '2019-03-30 18:08:53', 0, 9001944.00, 18025352.00, 0.00, 0.00, null, 3, '2019-03-30 18:08:53', null);
INSERT INTO gzx.t_finance_balance (id, accounting_period, amount_credit, amount_debit, create_time, creator, end_amount_credit, end_amount_debit, start_amount_credit, start_amount_debit, state, subject, update_time, updator) VALUES (18, 1, 267057.00, 0.00, '2019-03-30 18:24:41', 0, 267057.00, 0.00, 0.00, 0.00, null, 22, null, null);
INSERT INTO gzx.t_finance_payment (id, account_name, amount, comp_card_no, create_time, creator, in_out, operator_id, order_id, other_card_no, pay_date, pay_state, pay_type, state, update_time, updator, offset, other_bank_id, related_id, if_real, order_product_id, posted) VALUES (206602, '王双', 11.00, null, '2019-03-07 19:40:08', 0, 2, 0, 33, null, '2019-03-01 00:00:00', 6, 21, 1, null, 0, 1, 0, 206632, 2, 16, 'Y');
INSERT INTO gzx.t_finance_payment (id, account_name, amount, comp_card_no, create_time, creator, in_out, operator_id, order_id, other_card_no, pay_date, pay_state, pay_type, state, update_time, updator, offset, other_bank_id, related_id, if_real, order_product_id, posted) VALUES (206603, '王双', 11.00, null, '2019-03-07 19:40:08', 0, 1, 0, 33, null, '2019-07-19 00:00:00', 7, 26, 1, null, 0, 2, 0, 0, 2, 16, 'Y');
INSERT INTO gzx.t_finance_payment (id, account_name, amount, comp_card_no, create_time, creator, in_out, operator_id, order_id, other_card_no, pay_date, pay_state, pay_type, state, update_time, updator, offset, other_bank_id, related_id, if_real, order_product_id, posted) VALUES (206604, '王双', 2.20, null, '2019-03-07 19:40:08', 0, 1, 0, 33, null, '2019-03-01 00:00:00', 6, 1, 1, null, 0, 1, 0, 206633, 2, 16, 'Y');
INSERT INTO gzx.t_finance_payment (id, account_name, amount, comp_card_no, create_time, creator, in_out, operator_id, order_id, other_card_no, pay_date, pay_state, pay_type, state, update_time, updator, offset, other_bank_id, related_id, if_real, order_product_id, posted) VALUES (206605, '王双', 2.20, null, '2019-03-07 19:40:08', 0, 1, 0, 33, null, '2019-03-08 00:00:00', 7, 1, 1, null, 0, 2, 0, 0, 2, 16, 'Y');
INSERT INTO gzx.t_finance_payment (id, account_name, amount, comp_card_no, create_time, creator, in_out, operator_id, order_id, other_card_no, pay_date, pay_state, pay_type, state, update_time, updator, offset, other_bank_id, related_id, if_real, order_product_id, posted) VALUES (206606, '王双', 2.20, null, '2019-03-07 19:40:08', 0, 1, 0, 33, null, '2019-03-15 00:00:00', 7, 1, 1, null, 0, 2, 0, 0, 2, 16, 'Y');
INSERT INTO gzx.t_finance_payment (id, account_name, amount, comp_card_no, create_time, creator, in_out, operator_id, order_id, other_card_no, pay_date, pay_state, pay_type, state, update_time, updator, offset, other_bank_id, related_id, if_real, order_product_id, posted) VALUES (206607, '王双', 2.20, null, '2019-03-07 19:40:08', 0, 1, 0, 33, null, '2019-03-22 00:00:00', 7, 1, 1, null, 0, 2, 0, 0, 2, 16, 'Y');
INSERT INTO gzx.t_finance_payment (id, account_name, amount, comp_card_no, create_time, creator, in_out, operator_id, order_id, other_card_no, pay_date, pay_state, pay_type, state, update_time, updator, offset, other_bank_id, related_id, if_real, order_product_id, posted) VALUES (206608, '王双', 2.20, null, '2019-03-07 19:40:08', 0, 1, 0, 33, null, '2019-03-29 00:00:00', 7, 1, 1, null, 0, 2, 0, 0, 2, 16, 'Y');
INSERT INTO gzx.t_finance_payment (id, account_name, amount, comp_card_no, create_time, creator, in_out, operator_id, order_id, other_card_no, pay_date, pay_state, pay_type, state, update_time, updator, offset, other_bank_id, related_id, if_real, order_product_id, posted) VALUES (206609, '王双', 2.20, null, '2019-03-07 19:40:08', 0, 1, 0, 33, null, '2019-04-05 00:00:00', 7, 1, 1, null, 0, 2, 0, 0, 2, 16, 'Y');
INSERT INTO gzx.t_finance_payment (id, account_name, amount, comp_card_no, create_time, creator, in_out, operator_id, order_id, other_card_no, pay_date, pay_state, pay_type, state, update_time, updator, offset, other_bank_id, related_id, if_real, order_product_id, posted) VALUES (206610, '王双', 2.20, null, '2019-03-07 19:40:08', 0, 1, 0, 33, null, '2019-04-12 00:00:00', 7, 1, 1, null, 0, 2, 0, 0, 2, 16, 'Y');
INSERT INTO gzx.t_finance_payment (id, account_name, amount, comp_card_no, create_time, creator, in_out, operator_id, order_id, other_card_no, pay_date, pay_state, pay_type, state, update_time, updator, offset, other_bank_id, related_id, if_real, order_product_id, posted) VALUES (206611, '王双', 2.20, null, '2019-03-07 19:40:08', 0, 1, 0, 33, null, '2019-04-19 00:00:00', 7, 1, 1, null, 0, 2, 0, 0, 2, 16, 'Y');
INSERT INTO gzx.t_finance_payment (id, account_name, amount, comp_card_no, create_time, creator, in_out, operator_id, order_id, other_card_no, pay_date, pay_state, pay_type, state, update_time, updator, offset, other_bank_id, related_id, if_real, order_product_id, posted) VALUES (206612, '王双', 2.20, null, '2019-03-07 19:40:08', 0, 1, 0, 33, null, '2019-04-26 00:00:00', 7, 1, 1, null, 0, 2, 0, 0, 2, 16, 'Y');
INSERT INTO gzx.t_finance_payment (id, account_name, amount, comp_card_no, create_time, creator, in_out, operator_id, order_id, other_card_no, pay_date, pay_state, pay_type, state, update_time, updator, offset, other_bank_id, related_id, if_real, order_product_id, posted) VALUES (206613, '王双', 2.20, null, '2019-03-07 19:40:08', 0, 1, 0, 33, null, '2019-05-03 00:00:00', 7, 1, 1, null, 0, 2, 0, 0, 2, 16, 'Y');
INSERT INTO gzx.t_finance_payment (id, account_name, amount, comp_card_no, create_time, creator, in_out, operator_id, order_id, other_card_no, pay_date, pay_state, pay_type, state, update_time, updator, offset, other_bank_id, related_id, if_real, order_product_id, posted) VALUES (206614, '王双', 2.20, null, '2019-03-07 19:40:08', 0, 1, 0, 33, null, '2019-05-10 00:00:00', 7, 1, 1, null, 0, 2, 0, 0, 2, 16, 'Y');
INSERT INTO gzx.t_finance_payment (id, account_name, amount, comp_card_no, create_time, creator, in_out, operator_id, order_id, other_card_no, pay_date, pay_state, pay_type, state, update_time, updator, offset, other_bank_id, related_id, if_real, order_product_id, posted) VALUES (206615, '王双', 2.20, null, '2019-03-07 19:40:08', 0, 1, 0, 33, null, '2019-05-17 00:00:00', 7, 1, 1, null, 0, 2, 0, 0, 2, 16, 'Y');
INSERT INTO gzx.t_finance_payment (id, account_name, amount, comp_card_no, create_time, creator, in_out, operator_id, order_id, other_card_no, pay_date, pay_state, pay_type, state, update_time, updator, offset, other_bank_id, related_id, if_real, order_product_id, posted) VALUES (206616, '王双', 2.20, null, '2019-03-07 19:40:08', 0, 1, 0, 33, null, '2019-05-24 00:00:00', 7, 1, 1, null, 0, 2, 0, 0, 2, 16, 'Y');
INSERT INTO gzx.t_finance_payment (id, account_name, amount, comp_card_no, create_time, creator, in_out, operator_id, order_id, other_card_no, pay_date, pay_state, pay_type, state, update_time, updator, offset, other_bank_id, related_id, if_real, order_product_id, posted) VALUES (206617, '王双', 2.20, null, '2019-03-07 19:40:08', 0, 1, 0, 33, null, '2019-05-31 00:00:00', 7, 1, 1, null, 0, 2, 0, 0, 2, 16, 'Y');
INSERT INTO gzx.t_finance_payment (id, account_name, amount, comp_card_no, create_time, creator, in_out, operator_id, order_id, other_card_no, pay_date, pay_state, pay_type, state, update_time, updator, offset, other_bank_id, related_id, if_real, order_product_id, posted) VALUES (206618, '王双', 2.20, null, '2019-03-07 19:40:08', 0, 1, 0, 33, null, '2019-06-07 00:00:00', 7, 1, 1, null, 0, 2, 0, 0, 2, 16, 'Y');
INSERT INTO gzx.t_finance_payment (id, account_name, amount, comp_card_no, create_time, creator, in_out, operator_id, order_id, other_card_no, pay_date, pay_state, pay_type, state, update_time, updator, offset, other_bank_id, related_id, if_real, order_product_id, posted) VALUES (206619, '王双', 2.20, null, '2019-03-07 19:40:08', 0, 1, 0, 33, null, '2019-06-14 00:00:00', 7, 1, 1, null, 0, 2, 0, 0, 2, 16, 'Y');
INSERT INTO gzx.t_finance_payment (id, account_name, amount, comp_card_no, create_time, creator, in_out, operator_id, order_id, other_card_no, pay_date, pay_state, pay_type, state, update_time, updator, offset, other_bank_id, related_id, if_real, order_product_id, posted) VALUES (206620, '王双', 2.20, null, '2019-03-07 19:40:08', 0, 1, 0, 33, null, '2019-06-21 00:00:00', 7, 1, 1, null, 0, 2, 0, 0, 2, 16, 'Y');
INSERT INTO gzx.t_finance_payment (id, account_name, amount, comp_card_no, create_time, creator, in_out, operator_id, order_id, other_card_no, pay_date, pay_state, pay_type, state, update_time, updator, offset, other_bank_id, related_id, if_real, order_product_id, posted) VALUES (206621, '王双', 2.20, null, '2019-03-07 19:40:08', 0, 1, 0, 33, null, '2019-06-28 00:00:00', 7, 1, 1, null, 0, 2, 0, 0, 2, 16, 'Y');
INSERT INTO gzx.t_finance_payment (id, account_name, amount, comp_card_no, create_time, creator, in_out, operator_id, order_id, other_card_no, pay_date, pay_state, pay_type, state, update_time, updator, offset, other_bank_id, related_id, if_real, order_product_id, posted) VALUES (206622, '王双', 2.20, null, '2019-03-07 19:40:08', 0, 1, 0, 33, null, '2019-07-05 00:00:00', 7, 1, 1, null, 0, 2, 0, 0, 2, 16, 'Y');
INSERT INTO gzx.t_finance_payment (id, account_name, amount, comp_card_no, create_time, creator, in_out, operator_id, order_id, other_card_no, pay_date, pay_state, pay_type, state, update_time, updator, offset, other_bank_id, related_id, if_real, order_product_id, posted) VALUES (206623, '王双', 2.20, null, '2019-03-07 19:40:08', 0, 1, 0, 33, null, '2019-07-12 00:00:00', 7, 1, 1, null, 0, 2, 0, 0, 2, 16, 'Y');
INSERT INTO gzx.t_finance_payment (id, account_name, amount, comp_card_no, create_time, creator, in_out, operator_id, order_id, other_card_no, pay_date, pay_state, pay_type, state, update_time, updator, offset, other_bank_id, related_id, if_real, order_product_id, posted) VALUES (206624, '王润海', 6.60, null, '2019-03-07 19:41:24', 0, 1, 0, 30, null, '2019-03-07 19:41:24', 6, 3, 1, null, 0, 1, 0, 206634, 2, 10, 'Y');
INSERT INTO gzx.t_finance_payment (id, account_name, amount, comp_card_no, create_time, creator, in_out, operator_id, order_id, other_card_no, pay_date, pay_state, pay_type, state, update_time, updator, offset, other_bank_id, related_id, if_real, order_product_id, posted) VALUES (206625, '王润海', 6.60, null, '2019-03-07 19:41:24', 0, 1, 0, 30, null, '2019-03-07 19:41:24', 6, 9, 1, null, 0, 1, 0, 206636, 2, 10, 'Y');
INSERT INTO gzx.t_finance_payment (id, account_name, amount, comp_card_no, create_time, creator, in_out, operator_id, order_id, other_card_no, pay_date, pay_state, pay_type, state, update_time, updator, offset, other_bank_id, related_id, if_real, order_product_id, posted) VALUES (206626, '王润海', 6.60, null, '2019-03-07 19:41:24', 0, 1, 0, 30, null, '2019-03-07 19:41:24', 6, 10, 1, null, 0, 1, 0, 206637, 2, 10, 'Y');
INSERT INTO gzx.t_finance_payment (id, account_name, amount, comp_card_no, create_time, creator, in_out, operator_id, order_id, other_card_no, pay_date, pay_state, pay_type, state, update_time, updator, offset, other_bank_id, related_id, if_real, order_product_id, posted) VALUES (206627, '王润海', 6.60, null, '2019-03-07 19:41:24', 0, 1, 0, 30, null, '2019-03-07 19:41:24', 6, 11, 1, null, 0, 1, 0, 206639, 2, 10, 'Y');
INSERT INTO gzx.t_finance_payment (id, account_name, amount, comp_card_no, create_time, creator, in_out, operator_id, order_id, other_card_no, pay_date, pay_state, pay_type, state, update_time, updator, offset, other_bank_id, related_id, if_real, order_product_id, posted) VALUES (206628, '王润海', 6.60, null, '2019-03-07 19:41:24', 0, 1, 0, 30, null, '2019-03-07 19:41:24', 6, 3, 1, null, 0, 1, 0, 206635, 2, 11, 'Y');
INSERT INTO gzx.t_finance_payment (id, account_name, amount, comp_card_no, create_time, creator, in_out, operator_id, order_id, other_card_no, pay_date, pay_state, pay_type, state, update_time, updator, offset, other_bank_id, related_id, if_real, order_product_id, posted) VALUES (206629, '王润海', 6.60, null, '2019-03-07 19:41:24', 0, 1, 0, 30, null, '2019-03-07 19:41:24', 6, 9, 1, null, 0, 1, 0, 206640, 2, 11, 'Y');
INSERT INTO gzx.t_finance_payment (id, account_name, amount, comp_card_no, create_time, creator, in_out, operator_id, order_id, other_card_no, pay_date, pay_state, pay_type, state, update_time, updator, offset, other_bank_id, related_id, if_real, order_product_id, posted) VALUES (206630, '王润海', 6.60, null, '2019-03-07 19:41:24', 0, 1, 0, 30, null, '2019-03-07 19:41:24', 6, 10, 1, null, 0, 1, 0, 206638, 2, 11, 'Y');
INSERT INTO gzx.t_finance_payment (id, account_name, amount, comp_card_no, create_time, creator, in_out, operator_id, order_id, other_card_no, pay_date, pay_state, pay_type, state, update_time, updator, offset, other_bank_id, related_id, if_real, order_product_id, posted) VALUES (206631, '王润海', 6.60, null, '2019-03-07 19:41:24', 0, 1, 0, 30, null, '2019-03-07 19:41:24', 6, 11, 1, null, 0, 1, 0, 206641, 2, 11, 'Y');
INSERT INTO gzx.t_finance_payment (id, account_name, amount, comp_card_no, create_time, creator, in_out, operator_id, order_id, other_card_no, pay_date, pay_state, pay_type, state, update_time, updator, offset, other_bank_id, related_id, if_real, order_product_id, posted) VALUES (206632, '王双', 11.00, '666', '2019-03-07 05:43:11', 0, 2, 0, 33, '666', '2019-02-01 10:00:00', 5, 19, 1, null, 0, 1, 1, 206602, 1, 16, 'Y');
INSERT INTO gzx.t_finance_payment (id, account_name, amount, comp_card_no, create_time, creator, in_out, operator_id, order_id, other_card_no, pay_date, pay_state, pay_type, state, update_time, updator, offset, other_bank_id, related_id, if_real, order_product_id, posted) VALUES (206633, '王双', 2.20, '777', '2019-03-07 05:43:22', 0, 1, 0, 33, '777', '2019-02-01 10:00:00', 5, 18, 1, null, 0, 1, 1, 206604, 1, 16, 'Y');
INSERT INTO gzx.t_finance_payment (id, account_name, amount, comp_card_no, create_time, creator, in_out, operator_id, order_id, other_card_no, pay_date, pay_state, pay_type, state, update_time, updator, offset, other_bank_id, related_id, if_real, order_product_id, posted) VALUES (206634, '王润海', 6.60, '888', '2019-03-07 05:44:05', 0, 1, 0, 30, '888', '2019-02-01 10:00:00', 5, 14, 1, null, 0, 1, 1, 206624, 1, 10, 'Y');
INSERT INTO gzx.t_finance_payment (id, account_name, amount, comp_card_no, create_time, creator, in_out, operator_id, order_id, other_card_no, pay_date, pay_state, pay_type, state, update_time, updator, offset, other_bank_id, related_id, if_real, order_product_id, posted) VALUES (206635, '王润海', 6.60, '999', '2019-03-07 05:44:31', 0, 1, 0, 30, '999', '2019-02-01 10:00:00', 5, 14, 1, null, 0, 1, 1, 206628, 1, 11, 'Y');
INSERT INTO gzx.t_finance_payment (id, account_name, amount, comp_card_no, create_time, creator, in_out, operator_id, order_id, other_card_no, pay_date, pay_state, pay_type, state, update_time, updator, offset, other_bank_id, related_id, if_real, order_product_id, posted) VALUES (206636, '王润海', 6.60, '222', '2019-03-07 06:10:45', 0, 1, 0, 30, '222', '2019-02-01 10:00:00', 5, 15, 1, null, 0, 1, 1, 206625, 1, 10, 'Y');
INSERT INTO gzx.t_finance_payment (id, account_name, amount, comp_card_no, create_time, creator, in_out, operator_id, order_id, other_card_no, pay_date, pay_state, pay_type, state, update_time, updator, offset, other_bank_id, related_id, if_real, order_product_id, posted) VALUES (206637, '王润海', 6.60, '666', '2019-03-07 06:12:04', 0, 1, 0, 30, '22', '2019-02-01 10:00:00', 5, 16, 1, null, 0, 1, 1, 206626, 1, 10, 'Y');
INSERT INTO gzx.t_finance_payment (id, account_name, amount, comp_card_no, create_time, creator, in_out, operator_id, order_id, other_card_no, pay_date, pay_state, pay_type, state, update_time, updator, offset, other_bank_id, related_id, if_real, order_product_id, posted) VALUES (206638, '王润海', 6.60, '666', '2019-03-07 06:12:26', 0, 1, 0, 30, '22', '2019-02-01 10:00:00', 5, 16, 1, null, 0, 1, 1, 206630, 1, 11, 'Y');
INSERT INTO gzx.t_finance_payment (id, account_name, amount, comp_card_no, create_time, creator, in_out, operator_id, order_id, other_card_no, pay_date, pay_state, pay_type, state, update_time, updator, offset, other_bank_id, related_id, if_real, order_product_id, posted) VALUES (206639, '王润海', 6.60, '666', '2019-03-07 06:12:48', 0, 1, 0, 30, '22', '2019-02-01 10:00:00', 5, 17, 1, null, 0, 1, 1, 206627, 1, 10, 'Y');
INSERT INTO gzx.t_finance_payment (id, account_name, amount, comp_card_no, create_time, creator, in_out, operator_id, order_id, other_card_no, pay_date, pay_state, pay_type, state, update_time, updator, offset, other_bank_id, related_id, if_real, order_product_id, posted) VALUES (206640, '王润海', 6.60, '22', '2019-03-07 06:12:56', 0, 1, 0, 30, '22', '2019-02-01 10:00:00', 5, 15, 1, null, 0, 1, 1, 206629, 1, 11, 'Y');
INSERT INTO gzx.t_finance_payment (id, account_name, amount, comp_card_no, create_time, creator, in_out, operator_id, order_id, other_card_no, pay_date, pay_state, pay_type, state, update_time, updator, offset, other_bank_id, related_id, if_real, order_product_id, posted) VALUES (206641, '王润海', 6.60, '22', '2019-03-07 06:13:02', 0, 1, 0, 30, '22', '2019-02-01 10:00:00', 5, 17, 1, null, 0, 1, 1, 206631, 1, 11, 'Y');
INSERT INTO gzx.t_finance_payment (id, account_name, amount, comp_card_no, create_time, creator, in_out, operator_id, order_id, other_card_no, pay_date, pay_state, pay_type, state, update_time, updator, offset, other_bank_id, related_id, if_real, order_product_id, posted) VALUES (206842, '王刚', 2.20, null, '2019-03-19 15:26:05', 0, 1, 0, 41, null, '2019-03-19 15:26:05', 6, 3, 100, '2019-03-27 04:25:52', 0, 2, 0, 0, 2, 17, 'Y');
INSERT INTO gzx.t_finance_payment (id, account_name, amount, comp_card_no, create_time, creator, in_out, operator_id, order_id, other_card_no, pay_date, pay_state, pay_type, state, update_time, updator, offset, other_bank_id, related_id, if_real, order_product_id, posted) VALUES (206843, '王刚', 2.20, null, '2019-03-19 15:26:05', 0, 1, 0, 41, null, '2019-03-19 15:26:05', 6, 9, 100, '2019-03-27 04:25:52', 0, 2, 0, 0, 2, 17, 'Y');
INSERT INTO gzx.t_finance_payment (id, account_name, amount, comp_card_no, create_time, creator, in_out, operator_id, order_id, other_card_no, pay_date, pay_state, pay_type, state, update_time, updator, offset, other_bank_id, related_id, if_real, order_product_id, posted) VALUES (206844, '王刚', 2.20, null, '2019-03-19 15:26:05', 0, 1, 0, 41, null, '2019-03-19 15:26:05', 6, 10, 100, '2019-03-27 04:25:51', 0, 2, 0, 0, 2, 17, 'Y');
INSERT INTO gzx.t_finance_payment (id, account_name, amount, comp_card_no, create_time, creator, in_out, operator_id, order_id, other_card_no, pay_date, pay_state, pay_type, state, update_time, updator, offset, other_bank_id, related_id, if_real, order_product_id, posted) VALUES (206845, '王刚', 2.20, null, '2019-03-19 15:26:05', 0, 1, 0, 41, null, '2019-03-19 15:26:05', 6, 11, 100, '2019-03-27 04:25:51', 0, 2, 0, 0, 2, 17, 'Y');
INSERT INTO gzx.t_finance_payment (id, account_name, amount, comp_card_no, create_time, creator, in_out, operator_id, order_id, other_card_no, pay_date, pay_state, pay_type, state, update_time, updator, offset, other_bank_id, related_id, if_real, order_product_id, posted) VALUES (206846, null, 0.00, null, null, 8, 1, 0, 54, null, '2019-03-26 21:02:38', 6, 30, 100, '2019-03-27 04:25:50', 0, 2, 0, 0, 2, 0, 'Y');
INSERT INTO gzx.t_finance_payment (id, account_name, amount, comp_card_no, create_time, creator, in_out, operator_id, order_id, other_card_no, pay_date, pay_state, pay_type, state, update_time, updator, offset, other_bank_id, related_id, if_real, order_product_id, posted) VALUES (206847, null, 0.00, null, null, 8, 1, 0, 54, null, '2019-03-27 00:50:31', 6, 30, 100, '2019-03-27 04:25:50', 0, 2, 0, 0, 2, 0, 'Y');
INSERT INTO gzx.t_finance_payment (id, account_name, amount, comp_card_no, create_time, creator, in_out, operator_id, order_id, other_card_no, pay_date, pay_state, pay_type, state, update_time, updator, offset, other_bank_id, related_id, if_real, order_product_id, posted) VALUES (206848, null, 0.00, null, null, 8, 1, 0, 54, null, '2019-03-27 00:59:40', 6, 30, 100, '2019-03-27 04:25:49', 0, 2, 0, 0, 2, 0, 'Y');
INSERT INTO gzx.t_finance_payment (id, account_name, amount, comp_card_no, create_time, creator, in_out, operator_id, order_id, other_card_no, pay_date, pay_state, pay_type, state, update_time, updator, offset, other_bank_id, related_id, if_real, order_product_id, posted) VALUES (206849, null, 0.00, null, null, 8, 1, 0, 54, null, '2019-03-27 03:18:25', 6, 30, 100, '2019-03-27 04:25:49', 0, 2, 0, 0, 2, 0, 'Y');
INSERT INTO gzx.t_finance_payment (id, account_name, amount, comp_card_no, create_time, creator, in_out, operator_id, order_id, other_card_no, pay_date, pay_state, pay_type, state, update_time, updator, offset, other_bank_id, related_id, if_real, order_product_id, posted) VALUES (206850, null, 0.00, null, null, 8, 1, 0, 54, null, '2019-03-27 03:21:19', 6, 30, 100, '2019-03-27 04:25:48', 0, 2, 0, 0, 2, 0, 'Y');
INSERT INTO gzx.t_finance_payment (id, account_name, amount, comp_card_no, create_time, creator, in_out, operator_id, order_id, other_card_no, pay_date, pay_state, pay_type, state, update_time, updator, offset, other_bank_id, related_id, if_real, order_product_id, posted) VALUES (206851, null, 0.00, null, null, 8, 1, 0, 54, null, '2019-03-27 03:32:04', 6, 30, 100, '2019-03-27 04:25:47', 0, 2, 0, 0, 2, 0, 'Y');
INSERT INTO gzx.t_finance_payment (id, account_name, amount, comp_card_no, create_time, creator, in_out, operator_id, order_id, other_card_no, pay_date, pay_state, pay_type, state, update_time, updator, offset, other_bank_id, related_id, if_real, order_product_id, posted) VALUES (206852, null, 1200.00, null, null, 8, 1, 0, 55, null, '2019-03-27 03:48:17', 6, 30, 1, null, 0, 1, 0, 0, 2, 0, 'Y');
INSERT INTO gzx.t_finance_payment (id, account_name, amount, comp_card_no, create_time, creator, in_out, operator_id, order_id, other_card_no, pay_date, pay_state, pay_type, state, update_time, updator, offset, other_bank_id, related_id, if_real, order_product_id, posted) VALUES (206853, '666', 1200.00, '666', '2019-03-27 04:16:54', 0, 1, 0, 55, '22', '2019-03-27 11:00:00', 5, 31, 1, null, 0, 1, 1, 206852, 1, 0, 'Y');
INSERT INTO gzx.t_finance_payment (id, account_name, amount, comp_card_no, create_time, creator, in_out, operator_id, order_id, other_card_no, pay_date, pay_state, pay_type, state, update_time, updator, offset, other_bank_id, related_id, if_real, order_product_id, posted) VALUES (206854, null, 0.00, null, null, 9, 1, 0, 55, null, '2019-03-27 04:42:53', 6, 1, 100, '2019-03-27 07:10:34', 0, 2, 0, 0, 2, 0, 'Y');
INSERT INTO gzx.t_finance_payment (id, account_name, amount, comp_card_no, create_time, creator, in_out, operator_id, order_id, other_card_no, pay_date, pay_state, pay_type, state, update_time, updator, offset, other_bank_id, related_id, if_real, order_product_id, posted) VALUES (206855, null, 0.00, null, null, 9, 1, 0, 55, null, '2019-03-27 04:42:53', 6, 9, 100, '2019-03-27 07:10:35', 0, 2, 0, 0, 2, 0, 'Y');
INSERT INTO gzx.t_finance_payment (id, account_name, amount, comp_card_no, create_time, creator, in_out, operator_id, order_id, other_card_no, pay_date, pay_state, pay_type, state, update_time, updator, offset, other_bank_id, related_id, if_real, order_product_id, posted) VALUES (206856, null, 0.00, null, null, 9, 1, 0, 55, null, '2019-03-27 05:01:21', 6, 1, 100, '2019-03-27 07:10:35', 0, 2, 0, 0, 2, 0, 'Y');
INSERT INTO gzx.t_finance_payment (id, account_name, amount, comp_card_no, create_time, creator, in_out, operator_id, order_id, other_card_no, pay_date, pay_state, pay_type, state, update_time, updator, offset, other_bank_id, related_id, if_real, order_product_id, posted) VALUES (206857, null, 0.00, null, null, 9, 1, 0, 55, null, '2019-03-27 05:01:21', 6, 9, 100, '2019-03-27 07:10:36', 0, 2, 0, 0, 2, 0, 'Y');
INSERT INTO gzx.t_finance_payment (id, account_name, amount, comp_card_no, create_time, creator, in_out, operator_id, order_id, other_card_no, pay_date, pay_state, pay_type, state, update_time, updator, offset, other_bank_id, related_id, if_real, order_product_id, posted) VALUES (206858, null, 0.00, null, null, 9, 1, 0, 55, null, '2019-03-27 06:27:19', 6, 1, 100, '2019-03-27 07:10:37', 0, 2, 0, 0, 2, 0, 'Y');
INSERT INTO gzx.t_finance_payment (id, account_name, amount, comp_card_no, create_time, creator, in_out, operator_id, order_id, other_card_no, pay_date, pay_state, pay_type, state, update_time, updator, offset, other_bank_id, related_id, if_real, order_product_id, posted) VALUES (206859, null, 0.00, null, null, 9, 1, 0, 55, null, '2019-03-27 06:27:19', 6, 9, 100, '2019-03-27 07:10:37', 0, 2, 0, 0, 2, 0, 'Y');
INSERT INTO gzx.t_finance_payment (id, account_name, amount, comp_card_no, create_time, creator, in_out, operator_id, order_id, other_card_no, pay_date, pay_state, pay_type, state, update_time, updator, offset, other_bank_id, related_id, if_real, order_product_id, posted) VALUES (206860, null, 0.00, null, null, 9, 1, 0, 55, null, '2019-03-27 06:29:52', 6, 1, 100, '2019-03-27 07:10:38', 0, 2, 0, 0, 2, 0, 'Y');
INSERT INTO gzx.t_finance_payment (id, account_name, amount, comp_card_no, create_time, creator, in_out, operator_id, order_id, other_card_no, pay_date, pay_state, pay_type, state, update_time, updator, offset, other_bank_id, related_id, if_real, order_product_id, posted) VALUES (206861, null, 0.00, null, null, 9, 1, 0, 55, null, '2019-03-27 06:29:52', 6, 9, 100, '2019-03-27 07:10:38', 0, 2, 0, 0, 2, 0, 'Y');
INSERT INTO gzx.t_finance_payment (id, account_name, amount, comp_card_no, create_time, creator, in_out, operator_id, order_id, other_card_no, pay_date, pay_state, pay_type, state, update_time, updator, offset, other_bank_id, related_id, if_real, order_product_id, posted) VALUES (206862, null, 0.00, null, null, 9, 1, 0, 55, null, '2019-03-27 06:43:12', 6, 1, 100, '2019-03-27 07:10:39', 0, 2, 0, 0, 2, 0, 'Y');
INSERT INTO gzx.t_finance_payment (id, account_name, amount, comp_card_no, create_time, creator, in_out, operator_id, order_id, other_card_no, pay_date, pay_state, pay_type, state, update_time, updator, offset, other_bank_id, related_id, if_real, order_product_id, posted) VALUES (206863, null, 0.00, null, null, 9, 1, 0, 55, null, '2019-03-27 06:43:12', 6, 9, 100, '2019-03-27 07:10:39', 0, 2, 0, 0, 2, 0, 'Y');
INSERT INTO gzx.t_finance_payment (id, account_name, amount, comp_card_no, create_time, creator, in_out, operator_id, order_id, other_card_no, pay_date, pay_state, pay_type, state, update_time, updator, offset, other_bank_id, related_id, if_real, order_product_id, posted) VALUES (206864, null, 0.00, null, null, 9, 1, 0, 55, null, '2019-03-27 07:00:03', 6, 1, 100, '2019-03-27 07:10:33', 0, 2, 0, 0, 2, 0, 'Y');
INSERT INTO gzx.t_finance_payment (id, account_name, amount, comp_card_no, create_time, creator, in_out, operator_id, order_id, other_card_no, pay_date, pay_state, pay_type, state, update_time, updator, offset, other_bank_id, related_id, if_real, order_product_id, posted) VALUES (206865, null, 0.00, null, null, 9, 1, 0, 55, null, '2019-03-27 07:00:03', 6, 9, 100, '2019-03-27 07:10:40', 0, 2, 0, 0, 2, 0, 'Y');
INSERT INTO gzx.t_finance_payment (id, account_name, amount, comp_card_no, create_time, creator, in_out, operator_id, order_id, other_card_no, pay_date, pay_state, pay_type, state, update_time, updator, offset, other_bank_id, related_id, if_real, order_product_id, posted) VALUES (206866, null, 0.00, null, null, 9, 1, 0, 55, null, '2019-03-27 07:01:19', 6, 1, 100, '2019-03-27 07:10:40', 0, 2, 0, 0, 2, 0, 'Y');
INSERT INTO gzx.t_finance_payment (id, account_name, amount, comp_card_no, create_time, creator, in_out, operator_id, order_id, other_card_no, pay_date, pay_state, pay_type, state, update_time, updator, offset, other_bank_id, related_id, if_real, order_product_id, posted) VALUES (206867, null, 0.67, null, null, 9, 1, 0, 55, null, '2019-03-27 07:01:19', 6, 9, 100, '2019-03-27 07:10:41', 0, 2, 0, 0, 2, 0, 'Y');
INSERT INTO gzx.t_finance_payment (id, account_name, amount, comp_card_no, create_time, creator, in_out, operator_id, order_id, other_card_no, pay_date, pay_state, pay_type, state, update_time, updator, offset, other_bank_id, related_id, if_real, order_product_id, posted) VALUES (206868, null, 0.00, null, null, 9, 1, 0, 55, null, '2019-03-27 07:03:07', 6, 1, 100, '2019-03-27 07:10:41', 0, 2, 0, 0, 2, 0, 'Y');
INSERT INTO gzx.t_finance_payment (id, account_name, amount, comp_card_no, create_time, creator, in_out, operator_id, order_id, other_card_no, pay_date, pay_state, pay_type, state, update_time, updator, offset, other_bank_id, related_id, if_real, order_product_id, posted) VALUES (206869, null, 0.67, null, null, 9, 1, 0, 55, null, '2019-03-27 07:03:07', 6, 9, 100, '2019-03-27 07:10:41', 0, 2, 0, 0, 2, 0, 'Y');
INSERT INTO gzx.t_finance_payment (id, account_name, amount, comp_card_no, create_time, creator, in_out, operator_id, order_id, other_card_no, pay_date, pay_state, pay_type, state, update_time, updator, offset, other_bank_id, related_id, if_real, order_product_id, posted) VALUES (206870, null, 0.00, null, null, 9, 1, 0, 55, null, '2019-03-27 07:04:06', 6, 1, 100, '2019-03-27 07:10:42', 0, 2, 0, 0, 2, 0, 'Y');
INSERT INTO gzx.t_finance_payment (id, account_name, amount, comp_card_no, create_time, creator, in_out, operator_id, order_id, other_card_no, pay_date, pay_state, pay_type, state, update_time, updator, offset, other_bank_id, related_id, if_real, order_product_id, posted) VALUES (206871, null, 0.67, null, null, 9, 1, 0, 55, null, '2019-03-27 07:04:06', 6, 9, 100, '2019-03-27 07:10:43', 0, 2, 0, 0, 2, 0, 'Y');
INSERT INTO gzx.t_finance_payment (id, account_name, amount, comp_card_no, create_time, creator, in_out, operator_id, order_id, other_card_no, pay_date, pay_state, pay_type, state, update_time, updator, offset, other_bank_id, related_id, if_real, order_product_id, posted) VALUES (206872, null, 552.78, null, null, 9, 1, 0, 55, null, '2019-03-27 07:04:54', 6, 1, 100, '2019-03-27 07:10:44', 0, 2, 0, 0, 2, 0, 'Y');
INSERT INTO gzx.t_finance_payment (id, account_name, amount, comp_card_no, create_time, creator, in_out, operator_id, order_id, other_card_no, pay_date, pay_state, pay_type, state, update_time, updator, offset, other_bank_id, related_id, if_real, order_product_id, posted) VALUES (206873, null, 0.67, null, null, 9, 1, 0, 55, null, '2019-03-27 07:04:54', 6, 9, 100, '2019-03-27 07:10:44', 0, 2, 0, 0, 2, 0, 'Y');
INSERT INTO gzx.t_finance_payment (id, account_name, amount, comp_card_no, create_time, creator, in_out, operator_id, order_id, other_card_no, pay_date, pay_state, pay_type, state, update_time, updator, offset, other_bank_id, related_id, if_real, order_product_id, posted) VALUES (206874, null, 5.53, null, null, 9, 1, 0, 55, null, '2019-03-27 07:08:26', 6, 1, 1, null, 0, 1, 0, 206876, 2, 0, 'Y');
INSERT INTO gzx.t_finance_payment (id, account_name, amount, comp_card_no, create_time, creator, in_out, operator_id, order_id, other_card_no, pay_date, pay_state, pay_type, state, update_time, updator, offset, other_bank_id, related_id, if_real, order_product_id, posted) VALUES (206875, null, 0.67, null, null, 9, 1, 0, 55, null, '2019-03-27 07:08:26', 6, 9, 1, null, 0, 1, 0, 206877, 2, 0, 'Y');
INSERT INTO gzx.t_finance_payment (id, account_name, amount, comp_card_no, create_time, creator, in_out, operator_id, order_id, other_card_no, pay_date, pay_state, pay_type, state, update_time, updator, offset, other_bank_id, related_id, if_real, order_product_id, posted) VALUES (206876, '666', 5.53, '666', '2019-03-27 07:11:02', 0, 1, 0, 55, '44', '2019-03-27 11:00:00', 5, 18, 1, null, 0, 1, 1, 206874, 1, 0, 'Y');
INSERT INTO gzx.t_finance_payment (id, account_name, amount, comp_card_no, create_time, creator, in_out, operator_id, order_id, other_card_no, pay_date, pay_state, pay_type, state, update_time, updator, offset, other_bank_id, related_id, if_real, order_product_id, posted) VALUES (206877, '44', 0.67, '333', '2019-03-27 07:11:12', 0, 1, 0, 55, '444', '2019-03-27 11:00:00', 5, 15, 1, null, 0, 1, 1, 206875, 1, 0, 'Y');
INSERT INTO gzx.t_finance_payment (id, account_name, amount, comp_card_no, create_time, creator, in_out, operator_id, order_id, other_card_no, pay_date, pay_state, pay_type, state, update_time, updator, offset, other_bank_id, related_id, if_real, order_product_id, posted) VALUES (206878, null, 333.00, null, null, 7, 1, 0, 55, null, '2019-03-27 07:13:06', 6, 21, 1, null, 0, 1, 0, 206879, 2, 0, 'Y');
INSERT INTO gzx.t_finance_payment (id, account_name, amount, comp_card_no, create_time, creator, in_out, operator_id, order_id, other_card_no, pay_date, pay_state, pay_type, state, update_time, updator, offset, other_bank_id, related_id, if_real, order_product_id, posted) VALUES (206879, '333', 333.00, '666', '2019-03-27 07:13:36', 0, 2, 0, 55, '333', '2019-03-27 11:00:00', 5, 19, 1, null, 0, 1, 1, 206878, 1, 0, 'Y');
INSERT INTO gzx.t_finance_payment (id, account_name, amount, comp_card_no, create_time, creator, in_out, operator_id, order_id, other_card_no, pay_date, pay_state, pay_type, state, update_time, updator, offset, other_bank_id, related_id, if_real, order_product_id, posted) VALUES (206880, null, 333.00, null, null, 9, 1, 0, 55, null, '2019-03-27 07:14:23', 6, 26, 1, null, 0, 1, 0, 206881, 2, 0, 'Y');
INSERT INTO gzx.t_finance_payment (id, account_name, amount, comp_card_no, create_time, creator, in_out, operator_id, order_id, other_card_no, pay_date, pay_state, pay_type, state, update_time, updator, offset, other_bank_id, related_id, if_real, order_product_id, posted) VALUES (206881, '33', 333.00, '666', '2019-03-27 07:14:44', 0, 1, 0, 55, '33', '2019-03-27 11:00:00', 5, 28, 1, null, 0, 1, 1, 206880, 1, 0, 'Y');
INSERT INTO gzx.t_finance_payment (id, account_name, amount, comp_card_no, create_time, creator, in_out, operator_id, order_id, other_card_no, pay_date, pay_state, pay_type, state, update_time, updator, offset, other_bank_id, related_id, if_real, order_product_id, posted) VALUES (206882, null, 600.00, null, null, 8, 1, 0, 58, null, '2019-03-28 07:24:18', 6, 30, 1, null, 0, 1, 0, 206883, 2, 0, 'Y');
INSERT INTO gzx.t_finance_payment (id, account_name, amount, comp_card_no, create_time, creator, in_out, operator_id, order_id, other_card_no, pay_date, pay_state, pay_type, state, update_time, updator, offset, other_bank_id, related_id, if_real, order_product_id, posted) VALUES (206883, '666', 600.00, '222114', '2019-03-28 07:28:42', 0, 1, 0, 58, '666', '2019-03-27 11:00:00', 5, 31, 1, null, 0, 1, 1, 206882, 1, 0, 'Y');
INSERT INTO gzx.t_finance_payment (id, account_name, amount, comp_card_no, create_time, creator, in_out, operator_id, order_id, other_card_no, pay_date, pay_state, pay_type, state, update_time, updator, offset, other_bank_id, related_id, if_real, order_product_id, posted) VALUES (206884, null, 2.66, null, null, 9, 1, 0, 58, null, '2019-03-28 07:29:20', 6, 1, 1, null, 0, 1, 0, 206936, 2, 0, 'Y');
INSERT INTO gzx.t_finance_payment (id, account_name, amount, comp_card_no, create_time, creator, in_out, operator_id, order_id, other_card_no, pay_date, pay_state, pay_type, state, update_time, updator, offset, other_bank_id, related_id, if_real, order_product_id, posted) VALUES (206885, null, 0.67, null, null, 9, 1, 0, 58, null, '2019-03-28 07:29:20', 6, 9, 1, null, 0, 1, 0, 206937, 2, 0, 'Y');
INSERT INTO gzx.t_finance_payment (id, account_name, amount, comp_card_no, create_time, creator, in_out, operator_id, order_id, other_card_no, pay_date, pay_state, pay_type, state, update_time, updator, offset, other_bank_id, related_id, if_real, order_product_id, posted) VALUES (206886, null, 0.00, null, null, 8, 1, 0, 59, null, '2019-03-28 08:06:04', 6, 30, 1, null, 0, 1, 0, 206887, 2, 0, 'Y');
INSERT INTO gzx.t_finance_payment (id, account_name, amount, comp_card_no, create_time, creator, in_out, operator_id, order_id, other_card_no, pay_date, pay_state, pay_type, state, update_time, updator, offset, other_bank_id, related_id, if_real, order_product_id, posted) VALUES (206887, '666', 0.00, '333446', '2019-03-28 08:07:19', 0, 1, 0, 59, '22', '2019-03-27 11:00:00', 5, 31, 1, null, 0, 1, 1, 206886, 1, 0, 'Y');
INSERT INTO gzx.t_finance_payment (id, account_name, amount, comp_card_no, create_time, creator, in_out, operator_id, order_id, other_card_no, pay_date, pay_state, pay_type, state, update_time, updator, offset, other_bank_id, related_id, if_real, order_product_id, posted) VALUES (206888, null, 0.00, null, null, 9, 1, 0, 59, null, '2019-03-28 08:08:03', 6, 1, 1, null, 0, 1, 0, 206890, 2, 0, 'Y');
INSERT INTO gzx.t_finance_payment (id, account_name, amount, comp_card_no, create_time, creator, in_out, operator_id, order_id, other_card_no, pay_date, pay_state, pay_type, state, update_time, updator, offset, other_bank_id, related_id, if_real, order_product_id, posted) VALUES (206889, null, 0.80, null, null, 9, 1, 0, 59, null, '2019-03-28 08:08:03', 6, 9, 1, null, 0, 1, 0, 206891, 2, 0, 'Y');
INSERT INTO gzx.t_finance_payment (id, account_name, amount, comp_card_no, create_time, creator, in_out, operator_id, order_id, other_card_no, pay_date, pay_state, pay_type, state, update_time, updator, offset, other_bank_id, related_id, if_real, order_product_id, posted) VALUES (206890, '666', 0.00, '333446', '2019-03-28 08:09:05', 0, 1, 0, 59, '666', '2019-03-27 11:00:00', 5, 18, 1, null, 0, 1, 1, 206888, 1, 0, 'Y');
INSERT INTO gzx.t_finance_payment (id, account_name, amount, comp_card_no, create_time, creator, in_out, operator_id, order_id, other_card_no, pay_date, pay_state, pay_type, state, update_time, updator, offset, other_bank_id, related_id, if_real, order_product_id, posted) VALUES (206891, '666', 0.80, '333446', '2019-03-28 08:09:12', 0, 1, 0, 59, '666', '2019-03-27 11:00:00', 5, 15, 1, null, 0, 1, 1, 206889, 1, 0, 'Y');
INSERT INTO gzx.t_finance_payment (id, account_name, amount, comp_card_no, create_time, creator, in_out, operator_id, order_id, other_card_no, pay_date, pay_state, pay_type, state, update_time, updator, offset, other_bank_id, related_id, if_real, order_product_id, posted) VALUES (206892, null, 400.00, null, null, 7, 1, 0, 59, null, '2019-03-28 08:09:51', 6, 21, 1, null, 0, 1, 0, 206893, 2, 0, 'Y');
INSERT INTO gzx.t_finance_payment (id, account_name, amount, comp_card_no, create_time, creator, in_out, operator_id, order_id, other_card_no, pay_date, pay_state, pay_type, state, update_time, updator, offset, other_bank_id, related_id, if_real, order_product_id, posted) VALUES (206893, '666', 400.00, '333446', '2019-03-28 08:10:39', 0, 2, 0, 59, '666', '2019-03-27 11:00:00', 5, 19, 1, null, 0, 1, 1, 206892, 1, 0, 'Y');
INSERT INTO gzx.t_finance_payment (id, account_name, amount, comp_card_no, create_time, creator, in_out, operator_id, order_id, other_card_no, pay_date, pay_state, pay_type, state, update_time, updator, offset, other_bank_id, related_id, if_real, order_product_id, posted) VALUES (206894, null, 400.00, null, null, 9, 2, 0, 59, null, '2019-03-28 08:11:10', 6, 26, 1, null, 0, 1, 0, 206895, 2, 0, 'Y');
INSERT INTO gzx.t_finance_payment (id, account_name, amount, comp_card_no, create_time, creator, in_out, operator_id, order_id, other_card_no, pay_date, pay_state, pay_type, state, update_time, updator, offset, other_bank_id, related_id, if_real, order_product_id, posted) VALUES (206895, '666', 400.00, '333446', '2019-03-28 08:11:32', 0, 1, 0, 59, '666', '2019-03-27 11:00:00', 5, 28, 1, null, 0, 1, 1, 206894, 1, 0, 'Y');
INSERT INTO gzx.t_finance_payment (id, account_name, amount, comp_card_no, create_time, creator, in_out, operator_id, order_id, other_card_no, pay_date, pay_state, pay_type, state, update_time, updator, offset, other_bank_id, related_id, if_real, order_product_id, posted) VALUES (206896, null, 1200.00, null, null, 8, 1, 0, 60, null, '2019-03-28 09:39:43', 6, 30, 1, null, 0, 1, 0, 206897, 2, 0, 'Y');
INSERT INTO gzx.t_finance_payment (id, account_name, amount, comp_card_no, create_time, creator, in_out, operator_id, order_id, other_card_no, pay_date, pay_state, pay_type, state, update_time, updator, offset, other_bank_id, related_id, if_real, order_product_id, posted) VALUES (206897, '666', 1200.00, '333446', '2019-03-28 09:40:17', 0, 1, 0, 60, '666', '2019-03-27 11:00:00', 5, 31, 1, null, 0, 1, 1, 206896, 1, 0, 'Y');
INSERT INTO gzx.t_finance_payment (id, account_name, amount, comp_card_no, create_time, creator, in_out, operator_id, order_id, other_card_no, pay_date, pay_state, pay_type, state, update_time, updator, offset, other_bank_id, related_id, if_real, order_product_id, posted) VALUES (206898, null, 4.80, null, null, 9, 1, 0, 60, null, '2019-03-28 09:40:52', 6, 1, 1, null, 0, 1, 0, 206900, 2, 0, 'Y');
INSERT INTO gzx.t_finance_payment (id, account_name, amount, comp_card_no, create_time, creator, in_out, operator_id, order_id, other_card_no, pay_date, pay_state, pay_type, state, update_time, updator, offset, other_bank_id, related_id, if_real, order_product_id, posted) VALUES (206899, null, 0.60, null, null, 9, 1, 0, 60, null, '2019-03-28 09:40:52', 6, 9, 1, null, 0, 1, 0, 206901, 2, 0, 'Y');
INSERT INTO gzx.t_finance_payment (id, account_name, amount, comp_card_no, create_time, creator, in_out, operator_id, order_id, other_card_no, pay_date, pay_state, pay_type, state, update_time, updator, offset, other_bank_id, related_id, if_real, order_product_id, posted) VALUES (206900, '666', 4.80, '333446', '2019-03-28 09:42:58', 0, 1, 0, 60, '666', '2019-03-27 11:00:00', 5, 18, 1, null, 0, 1, 1, 206898, 1, 0, 'Y');
INSERT INTO gzx.t_finance_payment (id, account_name, amount, comp_card_no, create_time, creator, in_out, operator_id, order_id, other_card_no, pay_date, pay_state, pay_type, state, update_time, updator, offset, other_bank_id, related_id, if_real, order_product_id, posted) VALUES (206901, '666', 0.60, '333446', '2019-03-28 09:43:05', 0, 1, 0, 60, '666', '2019-03-27 11:00:00', 5, 15, 1, null, 0, 1, 1, 206899, 1, 0, 'Y');
INSERT INTO gzx.t_finance_payment (id, account_name, amount, comp_card_no, create_time, creator, in_out, operator_id, order_id, other_card_no, pay_date, pay_state, pay_type, state, update_time, updator, offset, other_bank_id, related_id, if_real, order_product_id, posted) VALUES (206902, null, 300.00, null, null, 7, 1, 0, 60, null, '2019-03-28 09:43:27', 6, 21, 1, null, 0, 1, 0, 206903, 2, 0, 'Y');
INSERT INTO gzx.t_finance_payment (id, account_name, amount, comp_card_no, create_time, creator, in_out, operator_id, order_id, other_card_no, pay_date, pay_state, pay_type, state, update_time, updator, offset, other_bank_id, related_id, if_real, order_product_id, posted) VALUES (206903, '666', 300.00, '333446', '2019-03-28 09:43:52', 0, 2, 0, 60, '666', '2019-03-27 11:00:00', 5, 19, 1, null, 0, 1, 1, 206902, 1, 0, 'Y');
INSERT INTO gzx.t_finance_payment (id, account_name, amount, comp_card_no, create_time, creator, in_out, operator_id, order_id, other_card_no, pay_date, pay_state, pay_type, state, update_time, updator, offset, other_bank_id, related_id, if_real, order_product_id, posted) VALUES (206904, null, 300.00, null, null, 9, 2, 0, 60, null, '2019-03-28 09:44:20', 6, 26, 1, null, 0, 1, 0, 206905, 2, 0, 'Y');
INSERT INTO gzx.t_finance_payment (id, account_name, amount, comp_card_no, create_time, creator, in_out, operator_id, order_id, other_card_no, pay_date, pay_state, pay_type, state, update_time, updator, offset, other_bank_id, related_id, if_real, order_product_id, posted) VALUES (206905, '666', 300.00, '333446', '2019-03-28 09:44:38', 0, 1, 0, 60, '666', '2019-03-27 11:00:00', 5, 28, 1, null, 0, 1, 1, 206904, 1, 0, 'Y');
INSERT INTO gzx.t_finance_payment (id, account_name, amount, comp_card_no, create_time, creator, in_out, operator_id, order_id, other_card_no, pay_date, pay_state, pay_type, state, update_time, updator, offset, other_bank_id, related_id, if_real, order_product_id, posted) VALUES (206906, null, 1200.00, null, null, 8, 1, 0, 61, null, '2019-03-28 20:33:27', 6, 30, 1, null, 0, 1, 0, 206907, 2, 0, 'Y');
INSERT INTO gzx.t_finance_payment (id, account_name, amount, comp_card_no, create_time, creator, in_out, operator_id, order_id, other_card_no, pay_date, pay_state, pay_type, state, update_time, updator, offset, other_bank_id, related_id, if_real, order_product_id, posted) VALUES (206907, '666', 1200.00, '333446', '2019-03-28 20:34:05', 0, 1, 0, 61, '666', '2019-03-28 11:00:00', 5, 31, 1, null, 0, 1, 1, 206906, 1, 0, 'Y');
INSERT INTO gzx.t_finance_payment (id, account_name, amount, comp_card_no, create_time, creator, in_out, operator_id, order_id, other_card_no, pay_date, pay_state, pay_type, state, update_time, updator, offset, other_bank_id, related_id, if_real, order_product_id, posted) VALUES (206908, null, 8.10, null, null, 9, 1, 0, 61, null, '2019-03-28 20:36:35', 6, 1, 1, null, 0, 1, 0, 206910, 2, 0, 'Y');
INSERT INTO gzx.t_finance_payment (id, account_name, amount, comp_card_no, create_time, creator, in_out, operator_id, order_id, other_card_no, pay_date, pay_state, pay_type, state, update_time, updator, offset, other_bank_id, related_id, if_real, order_product_id, posted) VALUES (206909, null, 1.80, null, null, 9, 1, 0, 61, null, '2019-03-28 20:36:35', 6, 9, 1, null, 0, 1, 0, 206911, 2, 0, 'Y');
INSERT INTO gzx.t_finance_payment (id, account_name, amount, comp_card_no, create_time, creator, in_out, operator_id, order_id, other_card_no, pay_date, pay_state, pay_type, state, update_time, updator, offset, other_bank_id, related_id, if_real, order_product_id, posted) VALUES (206910, '666', 8.10, '333446', '2019-03-28 20:42:12', 0, 1, 0, 61, '666', '2019-03-28 11:00:00', 5, 18, 1, null, 0, 1, 1, 206908, 1, 0, 'Y');
INSERT INTO gzx.t_finance_payment (id, account_name, amount, comp_card_no, create_time, creator, in_out, operator_id, order_id, other_card_no, pay_date, pay_state, pay_type, state, update_time, updator, offset, other_bank_id, related_id, if_real, order_product_id, posted) VALUES (206911, '666', 1.80, '333446', '2019-03-28 20:42:18', 0, 1, 0, 61, '666', '2019-03-28 11:00:00', 5, 15, 1, null, 0, 1, 1, 206909, 1, 0, 'Y');
INSERT INTO gzx.t_finance_payment (id, account_name, amount, comp_card_no, create_time, creator, in_out, operator_id, order_id, other_card_no, pay_date, pay_state, pay_type, state, update_time, updator, offset, other_bank_id, related_id, if_real, order_product_id, posted) VALUES (206912, null, 900.00, null, null, 7, 1, 0, 61, null, '2019-03-28 20:42:46', 6, 21, 1, null, 0, 1, 0, 206913, 2, 0, 'Y');
INSERT INTO gzx.t_finance_payment (id, account_name, amount, comp_card_no, create_time, creator, in_out, operator_id, order_id, other_card_no, pay_date, pay_state, pay_type, state, update_time, updator, offset, other_bank_id, related_id, if_real, order_product_id, posted) VALUES (206913, '666', 900.00, '333446', '2019-03-28 20:43:14', 0, 2, 0, 61, '666', '2019-03-28 11:00:00', 5, 19, 1, null, 0, 1, 1, 206912, 1, 0, 'Y');
INSERT INTO gzx.t_finance_payment (id, account_name, amount, comp_card_no, create_time, creator, in_out, operator_id, order_id, other_card_no, pay_date, pay_state, pay_type, state, update_time, updator, offset, other_bank_id, related_id, if_real, order_product_id, posted) VALUES (206914, null, 900.00, null, null, 9, 2, 0, 61, null, '2019-03-28 20:43:49', 6, 26, 1, null, 0, 1, 0, 206915, 2, 0, 'Y');
INSERT INTO gzx.t_finance_payment (id, account_name, amount, comp_card_no, create_time, creator, in_out, operator_id, order_id, other_card_no, pay_date, pay_state, pay_type, state, update_time, updator, offset, other_bank_id, related_id, if_real, order_product_id, posted) VALUES (206915, '666', 900.00, '333446', '2019-03-28 20:44:06', 0, 1, 0, 61, '666', '2019-03-28 11:00:00', 5, 28, 1, null, 0, 1, 1, 206914, 1, 0, 'Y');
INSERT INTO gzx.t_finance_payment (id, account_name, amount, comp_card_no, create_time, creator, in_out, operator_id, order_id, other_card_no, pay_date, pay_state, pay_type, state, update_time, updator, offset, other_bank_id, related_id, if_real, order_product_id, posted) VALUES (206916, null, 1200.00, null, null, 8, 1, 0, 62, null, '2019-03-28 22:42:51', 6, 30, 1, null, 0, 1, 0, 206917, 2, 0, 'Y');
INSERT INTO gzx.t_finance_payment (id, account_name, amount, comp_card_no, create_time, creator, in_out, operator_id, order_id, other_card_no, pay_date, pay_state, pay_type, state, update_time, updator, offset, other_bank_id, related_id, if_real, order_product_id, posted) VALUES (206917, '666', 1200.00, '333446', '2019-03-28 22:43:11', 0, 1, 0, 62, '666', '2019-03-28 11:00:00', 5, 31, 1, null, 0, 1, 1, 206916, 1, 0, 'Y');
INSERT INTO gzx.t_finance_payment (id, account_name, amount, comp_card_no, create_time, creator, in_out, operator_id, order_id, other_card_no, pay_date, pay_state, pay_type, state, update_time, updator, offset, other_bank_id, related_id, if_real, order_product_id, posted) VALUES (206918, null, 243000.00, null, null, 9, 1, 0, 62, null, '2019-03-28 22:43:42', 6, 1, 1, null, 0, 1, 0, 206920, 2, 0, 'Y');
INSERT INTO gzx.t_finance_payment (id, account_name, amount, comp_card_no, create_time, creator, in_out, operator_id, order_id, other_card_no, pay_date, pay_state, pay_type, state, update_time, updator, offset, other_bank_id, related_id, if_real, order_product_id, posted) VALUES (206919, null, 18000.00, null, null, 9, 1, 0, 62, null, '2019-03-28 22:43:42', 6, 9, 1, null, 0, 1, 0, 206921, 2, 0, 'Y');
INSERT INTO gzx.t_finance_payment (id, account_name, amount, comp_card_no, create_time, creator, in_out, operator_id, order_id, other_card_no, pay_date, pay_state, pay_type, state, update_time, updator, offset, other_bank_id, related_id, if_real, order_product_id, posted) VALUES (206920, '666', 243000.00, '333446', '2019-03-28 22:49:29', 0, 1, 0, 62, '666', '2019-03-28 11:00:00', 5, 18, 1, null, 0, 1, 1, 206918, 1, 0, 'Y');
INSERT INTO gzx.t_finance_payment (id, account_name, amount, comp_card_no, create_time, creator, in_out, operator_id, order_id, other_card_no, pay_date, pay_state, pay_type, state, update_time, updator, offset, other_bank_id, related_id, if_real, order_product_id, posted) VALUES (206921, '666', 18000.00, '333446', '2019-03-28 22:49:47', 0, 1, 0, 62, '666', '2019-03-27 11:00:00', 5, 15, 1, null, 0, 1, 1, 206919, 1, 0, 'Y');
INSERT INTO gzx.t_finance_payment (id, account_name, amount, comp_card_no, create_time, creator, in_out, operator_id, order_id, other_card_no, pay_date, pay_state, pay_type, state, update_time, updator, offset, other_bank_id, related_id, if_real, order_product_id, posted) VALUES (206922, null, 9000000.00, null, null, 7, 1, 0, 62, null, '2019-03-28 22:50:13', 6, 21, 1, null, 0, 1, 0, 206923, 2, 0, 'Y');
INSERT INTO gzx.t_finance_payment (id, account_name, amount, comp_card_no, create_time, creator, in_out, operator_id, order_id, other_card_no, pay_date, pay_state, pay_type, state, update_time, updator, offset, other_bank_id, related_id, if_real, order_product_id, posted) VALUES (206923, '666', 9000000.00, '333446', '2019-03-28 22:53:12', 0, 2, 0, 62, '666', '2019-03-28 11:00:00', 5, 19, 1, null, 0, 1, 1, 206922, 1, 0, 'Y');
INSERT INTO gzx.t_finance_payment (id, account_name, amount, comp_card_no, create_time, creator, in_out, operator_id, order_id, other_card_no, pay_date, pay_state, pay_type, state, update_time, updator, offset, other_bank_id, related_id, if_real, order_product_id, posted) VALUES (206924, null, 9000000.00, null, null, 9, 2, 0, 62, null, '2019-03-28 22:53:32', 6, 26, 1, null, 0, 1, 0, 206925, 2, 0, 'Y');
INSERT INTO gzx.t_finance_payment (id, account_name, amount, comp_card_no, create_time, creator, in_out, operator_id, order_id, other_card_no, pay_date, pay_state, pay_type, state, update_time, updator, offset, other_bank_id, related_id, if_real, order_product_id, posted) VALUES (206925, '666', 9000000.00, '333446', '2019-03-28 22:53:44', 0, 1, 0, 62, '22', '2019-03-28 11:00:00', 5, 28, 1, null, 0, 1, 1, 206924, 1, 0, 'Y');
INSERT INTO gzx.t_finance_payment (id, account_name, amount, comp_card_no, create_time, creator, in_out, operator_id, order_id, other_card_no, pay_date, pay_state, pay_type, state, update_time, updator, offset, other_bank_id, related_id, if_real, order_product_id, posted) VALUES (206926, null, 1200.00, null, null, 8, 1, 0, 63, null, '2019-04-02 02:09:26', 6, 30, 1, null, 0, 1, 0, 206927, 2, 0, 'N');
INSERT INTO gzx.t_finance_payment (id, account_name, amount, comp_card_no, create_time, creator, in_out, operator_id, order_id, other_card_no, pay_date, pay_state, pay_type, state, update_time, updator, offset, other_bank_id, related_id, if_real, order_product_id, posted) VALUES (206927, '666', 1200.00, '222114', '2019-04-02 02:10:11', 0, 1, 0, 63, '33', '2019-03-27 11:00:00', 5, 31, 1, null, 0, 1, 1, 206926, 1, 0, 'N');
INSERT INTO gzx.t_finance_payment (id, account_name, amount, comp_card_no, create_time, creator, in_out, operator_id, order_id, other_card_no, pay_date, pay_state, pay_type, state, update_time, updator, offset, other_bank_id, related_id, if_real, order_product_id, posted) VALUES (206928, null, 51948.00, null, null, 9, 1, 0, 63, null, '2019-04-02 02:11:01', 6, 1, 1, null, 0, 1, 0, 206930, 2, 0, 'N');
INSERT INTO gzx.t_finance_payment (id, account_name, amount, comp_card_no, create_time, creator, in_out, operator_id, order_id, other_card_no, pay_date, pay_state, pay_type, state, update_time, updator, offset, other_bank_id, related_id, if_real, order_product_id, posted) VALUES (206929, null, 4440.00, null, null, 9, 1, 0, 63, null, '2019-04-02 02:11:01', 6, 9, 1, null, 0, 1, 0, 206931, 2, 0, 'N');
INSERT INTO gzx.t_finance_payment (id, account_name, amount, comp_card_no, create_time, creator, in_out, operator_id, order_id, other_card_no, pay_date, pay_state, pay_type, state, update_time, updator, offset, other_bank_id, related_id, if_real, order_product_id, posted) VALUES (206930, '22', 51948.00, '333446', '2019-04-02 02:11:48', 0, 1, 0, 63, '22', '2019-03-27 11:00:00', 5, 18, 1, null, 0, 1, 1, 206928, 1, 0, 'N');
INSERT INTO gzx.t_finance_payment (id, account_name, amount, comp_card_no, create_time, creator, in_out, operator_id, order_id, other_card_no, pay_date, pay_state, pay_type, state, update_time, updator, offset, other_bank_id, related_id, if_real, order_product_id, posted) VALUES (206931, '666', 4440.00, '333446', '2019-04-02 02:11:55', 0, 1, 0, 63, '666', '2019-03-27 11:00:00', 5, 15, 1, null, 0, 1, 1, 206929, 1, 0, 'N');
INSERT INTO gzx.t_finance_payment (id, account_name, amount, comp_card_no, create_time, creator, in_out, operator_id, order_id, other_card_no, pay_date, pay_state, pay_type, state, update_time, updator, offset, other_bank_id, related_id, if_real, order_product_id, posted) VALUES (206932, null, 2220000.00, null, null, 7, 1, 0, 63, null, '2019-04-02 02:12:21', 6, 21, 1, null, 0, 1, 0, 206933, 2, 0, 'N');
INSERT INTO gzx.t_finance_payment (id, account_name, amount, comp_card_no, create_time, creator, in_out, operator_id, order_id, other_card_no, pay_date, pay_state, pay_type, state, update_time, updator, offset, other_bank_id, related_id, if_real, order_product_id, posted) VALUES (206933, '666', 2220000.00, '222114', '2019-04-02 02:12:46', 0, 2, 0, 63, '666', '2019-03-27 11:00:00', 5, 19, 1, null, 0, 1, 1, 206932, 1, 0, 'N');
INSERT INTO gzx.t_finance_payment (id, account_name, amount, comp_card_no, create_time, creator, in_out, operator_id, order_id, other_card_no, pay_date, pay_state, pay_type, state, update_time, updator, offset, other_bank_id, related_id, if_real, order_product_id, posted) VALUES (206934, null, 2220000.00, null, null, 9, 2, 0, 63, null, '2019-04-02 02:13:20', 6, 26, 1, null, 0, 1, 0, 206935, 2, 0, 'N');
INSERT INTO gzx.t_finance_payment (id, account_name, amount, comp_card_no, create_time, creator, in_out, operator_id, order_id, other_card_no, pay_date, pay_state, pay_type, state, update_time, updator, offset, other_bank_id, related_id, if_real, order_product_id, posted) VALUES (206935, '33', 2220000.00, '222114', '2019-04-02 02:13:39', 0, 1, 0, 63, '33', '2019-03-27 11:00:00', 5, 28, 1, null, 0, 1, 1, 206934, 1, 0, 'N');
INSERT INTO gzx.t_finance_payment (id, account_name, amount, comp_card_no, create_time, creator, in_out, operator_id, order_id, other_card_no, pay_date, pay_state, pay_type, state, update_time, updator, offset, other_bank_id, related_id, if_real, order_product_id, posted) VALUES (206936, '', 2.66, '333446', '2019-04-02 02:28:56', 0, 1, 0, 58, '', null, 5, 18, 1, null, 0, 1, 1, 206884, 1, 0, 'N');
INSERT INTO gzx.t_finance_payment (id, account_name, amount, comp_card_no, create_time, creator, in_out, operator_id, order_id, other_card_no, pay_date, pay_state, pay_type, state, update_time, updator, offset, other_bank_id, related_id, if_real, order_product_id, posted) VALUES (206937, '', 0.67, '333446', '2019-04-02 02:28:58', 0, 1, 0, 58, '', null, 5, 15, 1, null, 0, 1, 1, 206885, 1, 0, 'N');
INSERT INTO gzx.t_finance_payment (id, account_name, amount, comp_card_no, create_time, creator, in_out, operator_id, order_id, other_card_no, pay_date, pay_state, pay_type, state, update_time, updator, offset, other_bank_id, related_id, if_real, order_product_id, posted) VALUES (206938, null, 600.00, null, null, 8, 1, 0, 64, null, '2019-04-02 04:54:34', 6, 30, 1, null, 0, 1, 0, 206939, 2, 0, 'N');
INSERT INTO gzx.t_finance_payment (id, account_name, amount, comp_card_no, create_time, creator, in_out, operator_id, order_id, other_card_no, pay_date, pay_state, pay_type, state, update_time, updator, offset, other_bank_id, related_id, if_real, order_product_id, posted) VALUES (206939, '666', 600.00, '333446', '2019-04-02 04:55:02', 0, 1, 0, 64, '666', '2019-03-28 11:00:00', 5, 31, 1, null, 0, 1, 1, 206938, 1, 0, 'N');
INSERT INTO gzx.t_finance_payment (id, account_name, amount, comp_card_no, create_time, creator, in_out, operator_id, order_id, other_card_no, pay_date, pay_state, pay_type, state, update_time, updator, offset, other_bank_id, related_id, if_real, order_product_id, posted) VALUES (206940, null, 77922.00, null, null, 9, 1, 0, 64, null, '2019-04-02 04:55:33', 6, 1, 1, null, 0, 1, 0, 206942, 2, 0, 'N');
INSERT INTO gzx.t_finance_payment (id, account_name, amount, comp_card_no, create_time, creator, in_out, operator_id, order_id, other_card_no, pay_date, pay_state, pay_type, state, update_time, updator, offset, other_bank_id, related_id, if_real, order_product_id, posted) VALUES (206941, null, 6660.00, null, null, 9, 1, 0, 64, null, '2019-04-02 04:55:33', 6, 9, 1, null, 0, 1, 0, 206943, 2, 0, 'N');
INSERT INTO gzx.t_finance_payment (id, account_name, amount, comp_card_no, create_time, creator, in_out, operator_id, order_id, other_card_no, pay_date, pay_state, pay_type, state, update_time, updator, offset, other_bank_id, related_id, if_real, order_product_id, posted) VALUES (206942, '666', 77922.00, '333446', '2019-04-02 04:56:15', 0, 1, 0, 64, '666', '2019-03-28 11:00:00', 5, 18, 1, null, 0, 1, 1, 206940, 1, 0, 'N');
INSERT INTO gzx.t_finance_payment (id, account_name, amount, comp_card_no, create_time, creator, in_out, operator_id, order_id, other_card_no, pay_date, pay_state, pay_type, state, update_time, updator, offset, other_bank_id, related_id, if_real, order_product_id, posted) VALUES (206943, '666', 6660.00, '333446', '2019-04-02 04:56:22', 0, 1, 0, 64, '22', '2019-03-27 11:00:00', 5, 15, 1, null, 0, 1, 1, 206941, 1, 0, 'N');
INSERT INTO gzx.t_finance_payment (id, account_name, amount, comp_card_no, create_time, creator, in_out, operator_id, order_id, other_card_no, pay_date, pay_state, pay_type, state, update_time, updator, offset, other_bank_id, related_id, if_real, order_product_id, posted) VALUES (206944, null, 3330000.00, null, null, 7, 1, 0, 64, null, '2019-04-02 04:56:49', 6, 21, 1, null, 0, 1, 0, 206945, 2, 0, 'N');
INSERT INTO gzx.t_finance_payment (id, account_name, amount, comp_card_no, create_time, creator, in_out, operator_id, order_id, other_card_no, pay_date, pay_state, pay_type, state, update_time, updator, offset, other_bank_id, related_id, if_real, order_product_id, posted) VALUES (206945, '666', 3330000.00, '333446', '2019-04-02 04:57:16', 0, 2, 0, 64, '666', '2019-03-31 11:00:00', 5, 19, 1, null, 0, 1, 1, 206944, 1, 0, 'N');
INSERT INTO gzx.t_finance_payment (id, account_name, amount, comp_card_no, create_time, creator, in_out, operator_id, order_id, other_card_no, pay_date, pay_state, pay_type, state, update_time, updator, offset, other_bank_id, related_id, if_real, order_product_id, posted) VALUES (206946, null, 3330000.00, null, null, 9, 2, 0, 64, null, '2019-04-02 04:57:51', 6, 26, 1, null, 0, 1, 0, 206947, 2, 0, 'N');
INSERT INTO gzx.t_finance_payment (id, account_name, amount, comp_card_no, create_time, creator, in_out, operator_id, order_id, other_card_no, pay_date, pay_state, pay_type, state, update_time, updator, offset, other_bank_id, related_id, if_real, order_product_id, posted) VALUES (206947, '666', 3330000.00, '333446', '2019-04-02 04:58:06', 0, 1, 0, 64, '666', '2019-03-31 11:00:00', 5, 28, 1, null, 0, 1, 1, 206946, 1, 0, 'N');
INSERT INTO gzx.t_finance_payment (id, account_name, amount, comp_card_no, create_time, creator, in_out, operator_id, order_id, other_card_no, pay_date, pay_state, pay_type, state, update_time, updator, offset, other_bank_id, related_id, if_real, order_product_id, posted) VALUES (206948, null, 0.00, null, null, 8, 1, 0, 89, null, '2019-04-22 09:10:42', 6, 30, 1, null, 0, 1, 0, 206949, 2, 0, 'N');
INSERT INTO gzx.t_finance_payment (id, account_name, amount, comp_card_no, create_time, creator, in_out, operator_id, order_id, other_card_no, pay_date, pay_state, pay_type, state, update_time, updator, offset, other_bank_id, related_id, if_real, order_product_id, posted) VALUES (206949, '666', 0.00, '333446', '2019-04-22 09:12:55', 0, 1, 0, 89, '666', '2019-03-27 16:00:00', 5, 31, 1, null, 0, 1, 1, 206948, 1, 0, 'N');
INSERT INTO gzx.t_finance_payment (id, account_name, amount, comp_card_no, create_time, creator, in_out, operator_id, order_id, other_card_no, pay_date, pay_state, pay_type, state, update_time, updator, offset, other_bank_id, related_id, if_real, order_product_id, posted) VALUES (206950, null, 0.00, null, null, 9, 1, 0, 89, null, '2019-04-22 09:16:02', 6, 1, 1, null, 0, 1, 0, 206952, 2, 0, 'N');
INSERT INTO gzx.t_finance_payment (id, account_name, amount, comp_card_no, create_time, creator, in_out, operator_id, order_id, other_card_no, pay_date, pay_state, pay_type, state, update_time, updator, offset, other_bank_id, related_id, if_real, order_product_id, posted) VALUES (206951, null, 12000.00, null, null, 9, 1, 0, 89, null, '2019-04-22 09:16:02', 6, 9, 1, null, 0, 1, 0, 206953, 2, 0, 'N');
INSERT INTO gzx.t_finance_payment (id, account_name, amount, comp_card_no, create_time, creator, in_out, operator_id, order_id, other_card_no, pay_date, pay_state, pay_type, state, update_time, updator, offset, other_bank_id, related_id, if_real, order_product_id, posted) VALUES (206952, '666', 0.00, '333446', '2019-04-22 09:18:44', 0, 1, 0, 89, '666', '2019-03-27 16:00:00', 5, 18, 1, null, 0, 1, 1, 206950, 1, 0, 'N');
INSERT INTO gzx.t_finance_payment (id, account_name, amount, comp_card_no, create_time, creator, in_out, operator_id, order_id, other_card_no, pay_date, pay_state, pay_type, state, update_time, updator, offset, other_bank_id, related_id, if_real, order_product_id, posted) VALUES (206953, '666', 12000.00, '333446', '2019-04-22 09:18:50', 0, 1, 0, 89, '22', '2019-03-27 16:00:00', 5, 15, 1, null, 0, 1, 1, 206951, 1, 0, 'N');
INSERT INTO gzx.t_finance_payment (id, account_name, amount, comp_card_no, create_time, creator, in_out, operator_id, order_id, other_card_no, pay_date, pay_state, pay_type, state, update_time, updator, offset, other_bank_id, related_id, if_real, order_product_id, posted) VALUES (206954, null, 6000000.00, null, null, 7, 1, 0, 89, null, '2019-04-22 09:30:33', 6, 21, 1, null, 0, 1, 0, 206955, 2, 0, 'N');
INSERT INTO gzx.t_finance_payment (id, account_name, amount, comp_card_no, create_time, creator, in_out, operator_id, order_id, other_card_no, pay_date, pay_state, pay_type, state, update_time, updator, offset, other_bank_id, related_id, if_real, order_product_id, posted) VALUES (206955, '11', 6000000.00, '333446', '2019-04-22 09:31:02', 0, 2, 0, 89, '666', '2019-03-31 16:00:00', 5, 19, 1, null, 0, 1, 1, 206954, 1, 0, 'N');
INSERT INTO gzx.t_finance_payment (id, account_name, amount, comp_card_no, create_time, creator, in_out, operator_id, order_id, other_card_no, pay_date, pay_state, pay_type, state, update_time, updator, offset, other_bank_id, related_id, if_real, order_product_id, posted) VALUES (206956, null, 0.00, null, null, 8, 1, 0, 90, null, '2019-04-22 11:26:59', 6, 30, 1, null, 0, 1, 0, 206957, 2, 0, 'N');
INSERT INTO gzx.t_finance_payment (id, account_name, amount, comp_card_no, create_time, creator, in_out, operator_id, order_id, other_card_no, pay_date, pay_state, pay_type, state, update_time, updator, offset, other_bank_id, related_id, if_real, order_product_id, posted) VALUES (206957, '666', 0.00, '333446', '2019-04-22 11:27:34', 0, 1, 0, 90, '22', '2019-03-27 16:00:00', 5, 31, 1, null, 0, 1, 1, 206956, 1, 0, 'N');
INSERT INTO gzx.t_finance_payment (id, account_name, amount, comp_card_no, create_time, creator, in_out, operator_id, order_id, other_card_no, pay_date, pay_state, pay_type, state, update_time, updator, offset, other_bank_id, related_id, if_real, order_product_id, posted) VALUES (206958, null, 0.00, null, null, 9, 1, 0, 90, null, '2019-04-22 11:50:41', 6, 1, 1, null, 0, 1, 0, 206960, 2, 0, 'N');
INSERT INTO gzx.t_finance_payment (id, account_name, amount, comp_card_no, create_time, creator, in_out, operator_id, order_id, other_card_no, pay_date, pay_state, pay_type, state, update_time, updator, offset, other_bank_id, related_id, if_real, order_product_id, posted) VALUES (206959, null, 4700.00, null, null, 9, 1, 0, 90, null, '2019-04-22 11:50:41', 6, 9, 1, null, 0, 1, 0, 206961, 2, 0, 'N');
INSERT INTO gzx.t_finance_payment (id, account_name, amount, comp_card_no, create_time, creator, in_out, operator_id, order_id, other_card_no, pay_date, pay_state, pay_type, state, update_time, updator, offset, other_bank_id, related_id, if_real, order_product_id, posted) VALUES (206960, '666', 0.00, '333446', '2019-04-22 11:51:52', 0, 1, 0, 90, '666', '2019-10-09 16:00:00', 5, 18, 1, null, 0, 1, 1, 206958, 1, 0, 'N');
INSERT INTO gzx.t_finance_payment (id, account_name, amount, comp_card_no, create_time, creator, in_out, operator_id, order_id, other_card_no, pay_date, pay_state, pay_type, state, update_time, updator, offset, other_bank_id, related_id, if_real, order_product_id, posted) VALUES (206961, '22', 4700.00, '333446', '2019-04-22 11:52:00', 0, 1, 0, 90, '22', '2019-10-09 16:00:00', 5, 15, 1, null, 0, 1, 1, 206959, 1, 0, 'N');
INSERT INTO gzx.t_finance_payment (id, account_name, amount, comp_card_no, create_time, creator, in_out, operator_id, order_id, other_card_no, pay_date, pay_state, pay_type, state, update_time, updator, offset, other_bank_id, related_id, if_real, order_product_id, posted) VALUES (206962, null, 2350000.00, null, null, 7, 1, 0, 90, null, '2019-04-22 11:52:45', 6, 21, 1, null, 0, 1, 0, 206963, 2, 0, 'N');
INSERT INTO gzx.t_finance_payment (id, account_name, amount, comp_card_no, create_time, creator, in_out, operator_id, order_id, other_card_no, pay_date, pay_state, pay_type, state, update_time, updator, offset, other_bank_id, related_id, if_real, order_product_id, posted) VALUES (206963, '666', 2350000.00, '333446', '2019-04-22 11:53:08', 0, 2, 0, 90, '666', '2019-10-09 16:00:00', 5, 19, 1, null, 0, 1, 1, 206962, 1, 0, 'N');
INSERT INTO gzx.t_finance_payment (id, account_name, amount, comp_card_no, create_time, creator, in_out, operator_id, order_id, other_card_no, pay_date, pay_state, pay_type, state, update_time, updator, offset, other_bank_id, related_id, if_real, order_product_id, posted) VALUES (206964, null, 2350000.00, null, null, 9, 2, 0, 90, null, '2019-04-22 11:54:16', 6, 26, 1, null, 0, 1, 0, 206965, 2, 0, 'N');
INSERT INTO gzx.t_finance_payment (id, account_name, amount, comp_card_no, create_time, creator, in_out, operator_id, order_id, other_card_no, pay_date, pay_state, pay_type, state, update_time, updator, offset, other_bank_id, related_id, if_real, order_product_id, posted) VALUES (206965, '666', 2350000.00, '333446', '2019-04-22 11:54:43', 0, 1, 0, 90, '666', '2019-03-27 16:00:00', 5, 28, 1, null, 0, 1, 1, 206964, 1, 0, 'N');
INSERT INTO gzx.t_finance_payment (id, account_name, amount, comp_card_no, create_time, creator, in_out, operator_id, order_id, other_card_no, pay_date, pay_state, pay_type, state, update_time, updator, offset, other_bank_id, related_id, if_real, order_product_id, posted) VALUES (206966, null, 1200.00, null, null, 8, 1, 0, 92, null, '2019-04-24 01:56:48', 6, 30, 1, null, 0, 1, 0, 206967, 2, 0, 'N');
INSERT INTO gzx.t_finance_payment (id, account_name, amount, comp_card_no, create_time, creator, in_out, operator_id, order_id, other_card_no, pay_date, pay_state, pay_type, state, update_time, updator, offset, other_bank_id, related_id, if_real, order_product_id, posted) VALUES (206967, '666', 1200.00, '333446', '2019-04-24 01:57:42', 0, 1, 0, 92, '11', '2019-03-27 16:00:00', 5, 31, 1, null, 0, 1, 1, 206966, 1, 0, 'N');
INSERT INTO gzx.t_finance_payment (id, account_name, amount, comp_card_no, create_time, creator, in_out, operator_id, order_id, other_card_no, pay_date, pay_state, pay_type, state, update_time, updator, offset, other_bank_id, related_id, if_real, order_product_id, posted) VALUES (206968, null, 93760.00, null, null, 9, 1, 0, 92, null, '2019-04-24 01:59:46', 6, 1, 1, null, 0, 1, 0, 206970, 2, 0, 'N');
INSERT INTO gzx.t_finance_payment (id, account_name, amount, comp_card_no, create_time, creator, in_out, operator_id, order_id, other_card_no, pay_date, pay_state, pay_type, state, update_time, updator, offset, other_bank_id, related_id, if_real, order_product_id, posted) VALUES (206969, null, 11720.00, null, null, 9, 1, 0, 92, null, '2019-04-24 01:59:46', 6, 9, 1, null, 0, 1, 0, 206971, 2, 0, 'N');
INSERT INTO gzx.t_finance_payment (id, account_name, amount, comp_card_no, create_time, creator, in_out, operator_id, order_id, other_card_no, pay_date, pay_state, pay_type, state, update_time, updator, offset, other_bank_id, related_id, if_real, order_product_id, posted) VALUES (206970, '666', 93760.00, '333446', '2019-04-24 02:00:24', 0, 1, 0, 92, '11', '2019-03-27 16:00:00', 5, 18, 1, null, 0, 1, 1, 206968, 1, 0, 'N');
INSERT INTO gzx.t_finance_payment (id, account_name, amount, comp_card_no, create_time, creator, in_out, operator_id, order_id, other_card_no, pay_date, pay_state, pay_type, state, update_time, updator, offset, other_bank_id, related_id, if_real, order_product_id, posted) VALUES (206971, '666', 11720.00, '333446', '2019-04-24 02:00:30', 0, 1, 0, 92, '22', '2019-03-28 16:00:00', 5, 15, 1, null, 0, 1, 1, 206969, 1, 0, 'N');
INSERT INTO gzx.t_finance_payment (id, account_name, amount, comp_card_no, create_time, creator, in_out, operator_id, order_id, other_card_no, pay_date, pay_state, pay_type, state, update_time, updator, offset, other_bank_id, related_id, if_real, order_product_id, posted) VALUES (206972, null, 5860000.00, null, null, 7, 1, 0, 92, null, '2019-04-24 02:02:43', 6, 21, 1, null, 0, 1, 0, 206973, 2, 0, 'N');
INSERT INTO gzx.t_finance_payment (id, account_name, amount, comp_card_no, create_time, creator, in_out, operator_id, order_id, other_card_no, pay_date, pay_state, pay_type, state, update_time, updator, offset, other_bank_id, related_id, if_real, order_product_id, posted) VALUES (206973, '666', 5860000.00, '333446', '2019-04-24 02:03:00', 0, 2, 0, 92, '666', '2019-03-27 16:00:00', 5, 19, 1, null, 0, 1, 1, 206972, 1, 0, 'N');
INSERT INTO gzx.t_finance_payment (id, account_name, amount, comp_card_no, create_time, creator, in_out, operator_id, order_id, other_card_no, pay_date, pay_state, pay_type, state, update_time, updator, offset, other_bank_id, related_id, if_real, order_product_id, posted) VALUES (206974, null, 5860000.00, null, null, 9, 2, 0, 92, null, '2019-04-24 02:04:11', 6, 26, 1, null, 0, 1, 0, 206975, 2, 0, 'N');
INSERT INTO gzx.t_finance_payment (id, account_name, amount, comp_card_no, create_time, creator, in_out, operator_id, order_id, other_card_no, pay_date, pay_state, pay_type, state, update_time, updator, offset, other_bank_id, related_id, if_real, order_product_id, posted) VALUES (206975, '666', 5860000.00, '333446', '2019-04-24 02:04:40', 0, 1, 0, 92, '666', '2019-03-27 16:00:00', 5, 28, 1, null, 0, 1, 1, 206974, 1, 0, 'N');
INSERT INTO gzx.t_format_info_obj (id, account_provision_date, amount, apply_days, approved_date, assessment_date, big_data_date, big_date_conclusion, certino, chain_family_evaluation_date, chain_family_fast_out_price, check_expiration_date, customer_capital_accountno, customer_capital_account_name, customer_capital_bank, customer_first_pay_days, deduction_date, deposit_certificates_date, exception_days, extension_fee, fee_date, file_collection_date, file_report_date, finish_date, first_extension_days, house_address, house_evaluate_price, house_ownership_expected_receive_date, house_ownership_real_receive_date, house_square, house_type, if_extension, loan_date, marital_status, next_aount, next_capital_account_name, next_capital_account_provider, next_capital_bank, next_exception_loan_date, next_house_other_receive_date, next_house_ownership_deposit_date, next_house_ownership_send_date, next_if_limit_purpose, next_if_notarization, next_interest_payment_date, next_loan_way, next_name, next_real_loan_date, next_verification_date, order_id, overdue_days, pay_interest_alert_date, property_owner, re_contract_date, reminder_date, reserved_repayment_date, spouse_certino, spouse_name, tell_up_days, title_certificateno, unzip_doc_expected_receive_date, unzip_doc_real_receive_date, unzip_doc_undeposit_date, up_capital_accountno, up_capital_account_name, up_capital_bank, up_if_house_deposit, up_if_overdue, up_name, up_overdue_days, up_penalty_interest, up_residue_capital, up_residue_interest, up_unzip_doc, verification_approval_date, verification_date, verification_notarization_date, state, next_integererest_payment_date, pay_integererest_alert_date, up_penalty_integererest, up_residue_integererest, create_time, creator, update_time, updator, belong_type, certi_address, certi_end_date, certi_issue, certi_start_date, covered_area, house_certi_no, house_get_way, house_ownership, house_purpose, house_rigth_type, house_unit_no, land_get_way, land_purpose, land_right_type, nationality, service_life, next_organ_type, apply_tel, house_area, mortgage_num) VALUES (1, null, null, 0, null, null, null, null, null, null, null, null, null, null, null, 0, null, null, 0, null, null, null, null, null, 0, null, null, null, null, null, 1, 1, null, 1, null, null, '1', null, null, null, null, null, 1, 1, null, 1, null, null, null, 83, 0, '2019-09-08 16:00:00', null, null, null, null, null, null, 0, null, null, null, null, null, null, null, 1, 1, null, 0, null, null, null, null, null, null, null, 1, null, null, null, null, null, null, null, null, null, null, null, null, null, null, null, null, null, null, null, null, null, null, null, null, null, 1, null, 2, null);
INSERT INTO gzx.t_format_info_obj (id, account_provision_date, amount, apply_days, approved_date, assessment_date, big_data_date, big_date_conclusion, certino, chain_family_evaluation_date, chain_family_fast_out_price, check_expiration_date, customer_capital_accountno, customer_capital_account_name, customer_capital_bank, customer_first_pay_days, deduction_date, deposit_certificates_date, exception_days, extension_fee, fee_date, file_collection_date, file_report_date, finish_date, first_extension_days, house_address, house_evaluate_price, house_ownership_expected_receive_date, house_ownership_real_receive_date, house_square, house_type, if_extension, loan_date, marital_status, next_aount, next_capital_account_name, next_capital_account_provider, next_capital_bank, next_exception_loan_date, next_house_other_receive_date, next_house_ownership_deposit_date, next_house_ownership_send_date, next_if_limit_purpose, next_if_notarization, next_interest_payment_date, next_loan_way, next_name, next_real_loan_date, next_verification_date, order_id, overdue_days, pay_interest_alert_date, property_owner, re_contract_date, reminder_date, reserved_repayment_date, spouse_certino, spouse_name, tell_up_days, title_certificateno, unzip_doc_expected_receive_date, unzip_doc_real_receive_date, unzip_doc_undeposit_date, up_capital_accountno, up_capital_account_name, up_capital_bank, up_if_house_deposit, up_if_overdue, up_name, up_overdue_days, up_penalty_interest, up_residue_capital, up_residue_interest, up_unzip_doc, verification_approval_date, verification_date, verification_notarization_date, state, next_integererest_payment_date, pay_integererest_alert_date, up_penalty_integererest, up_residue_integererest, create_time, creator, update_time, updator, belong_type, certi_address, certi_end_date, certi_issue, certi_start_date, covered_area, house_certi_no, house_get_way, house_ownership, house_purpose, house_rigth_type, house_unit_no, land_get_way, land_purpose, land_right_type, nationality, service_life, next_organ_type, apply_tel, house_area, mortgage_num) VALUES (2, null, null, 0, null, null, null, null, null, null, null, null, null, null, null, 0, null, null, 0, null, null, null, null, null, 0, null, null, null, null, null, 1, 1, null, 1, null, null, '1', null, null, null, null, null, 1, 1, null, 1, null, null, null, 84, 0, '2019-09-08 16:00:00', null, null, null, null, null, null, 0, null, null, null, null, null, null, null, 1, 1, null, 0, null, null, null, null, null, null, null, 100, null, null, null, null, null, null, null, null, null, null, null, null, null, null, null, null, null, null, null, null, null, null, null, null, null, 1, null, 2, null);
INSERT INTO gzx.t_format_info_obj (id, account_provision_date, amount, apply_days, approved_date, assessment_date, big_data_date, big_date_conclusion, certino, chain_family_evaluation_date, chain_family_fast_out_price, check_expiration_date, customer_capital_accountno, customer_capital_account_name, customer_capital_bank, customer_first_pay_days, deduction_date, deposit_certificates_date, exception_days, extension_fee, fee_date, file_collection_date, file_report_date, finish_date, first_extension_days, house_address, house_evaluate_price, house_ownership_expected_receive_date, house_ownership_real_receive_date, house_square, house_type, if_extension, loan_date, marital_status, next_aount, next_capital_account_name, next_capital_account_provider, next_capital_bank, next_exception_loan_date, next_house_other_receive_date, next_house_ownership_deposit_date, next_house_ownership_send_date, next_if_limit_purpose, next_if_notarization, next_interest_payment_date, next_loan_way, next_name, next_real_loan_date, next_verification_date, order_id, overdue_days, pay_interest_alert_date, property_owner, re_contract_date, reminder_date, reserved_repayment_date, spouse_certino, spouse_name, tell_up_days, title_certificateno, unzip_doc_expected_receive_date, unzip_doc_real_receive_date, unzip_doc_undeposit_date, up_capital_accountno, up_capital_account_name, up_capital_bank, up_if_house_deposit, up_if_overdue, up_name, up_overdue_days, up_penalty_interest, up_residue_capital, up_residue_interest, up_unzip_doc, verification_approval_date, verification_date, verification_notarization_date, state, next_integererest_payment_date, pay_integererest_alert_date, up_penalty_integererest, up_residue_integererest, create_time, creator, update_time, updator, belong_type, certi_address, certi_end_date, certi_issue, certi_start_date, covered_area, house_certi_no, house_get_way, house_ownership, house_purpose, house_rigth_type, house_unit_no, land_get_way, land_purpose, land_right_type, nationality, service_life, next_organ_type, apply_tel, house_area, mortgage_num) VALUES (3, null, null, 0, null, null, null, null, null, '2019-08-18 16:00:00', null, null, null, null, null, 0, null, null, 0, null, null, null, null, null, 0, null, null, null, null, null, 1, 1, null, 1, null, null, '1', null, null, null, null, null, 1, 1, null, 1, null, null, null, 85, 0, '2019-09-08 16:00:00', null, null, null, null, null, null, 0, null, null, null, null, null, null, null, 1, 1, null, 0, null, null, null, null, null, null, null, 100, null, null, null, null, null, 0, null, 0, null, null, null, null, null, null, null, null, null, null, null, null, null, null, null, null, null, 1, null, 2, null);
INSERT INTO gzx.t_format_info_obj (id, account_provision_date, amount, apply_days, approved_date, assessment_date, big_data_date, big_date_conclusion, certino, chain_family_evaluation_date, chain_family_fast_out_price, check_expiration_date, customer_capital_accountno, customer_capital_account_name, customer_capital_bank, customer_first_pay_days, deduction_date, deposit_certificates_date, exception_days, extension_fee, fee_date, file_collection_date, file_report_date, finish_date, first_extension_days, house_address, house_evaluate_price, house_ownership_expected_receive_date, house_ownership_real_receive_date, house_square, house_type, if_extension, loan_date, marital_status, next_aount, next_capital_account_name, next_capital_account_provider, next_capital_bank, next_exception_loan_date, next_house_other_receive_date, next_house_ownership_deposit_date, next_house_ownership_send_date, next_if_limit_purpose, next_if_notarization, next_interest_payment_date, next_loan_way, next_name, next_real_loan_date, next_verification_date, order_id, overdue_days, pay_interest_alert_date, property_owner, re_contract_date, reminder_date, reserved_repayment_date, spouse_certino, spouse_name, tell_up_days, title_certificateno, unzip_doc_expected_receive_date, unzip_doc_real_receive_date, unzip_doc_undeposit_date, up_capital_accountno, up_capital_account_name, up_capital_bank, up_if_house_deposit, up_if_overdue, up_name, up_overdue_days, up_penalty_interest, up_residue_capital, up_residue_interest, up_unzip_doc, verification_approval_date, verification_date, verification_notarization_date, state, next_integererest_payment_date, pay_integererest_alert_date, up_penalty_integererest, up_residue_integererest, create_time, creator, update_time, updator, belong_type, certi_address, certi_end_date, certi_issue, certi_start_date, covered_area, house_certi_no, house_get_way, house_ownership, house_purpose, house_rigth_type, house_unit_no, land_get_way, land_purpose, land_right_type, nationality, service_life, next_organ_type, apply_tel, house_area, mortgage_num) VALUES (4, null, null, 0, null, null, null, null, null, '2019-09-17 16:00:00', null, null, null, null, null, 0, null, null, 0, null, null, null, null, null, 0, null, null, null, null, null, 1, 1, null, 1, null, null, '1', null, null, null, null, null, 1, 1, '2019-09-09 16:00:00', 1, null, null, null, 86, 0, '2019-09-08 16:00:00', null, null, null, null, null, null, 0, null, null, null, null, null, null, null, 1, 1, null, 0, null, null, null, null, null, null, null, 100, null, null, null, null, null, null, null, null, null, null, null, null, null, null, null, null, null, null, null, null, null, null, null, null, null, 1, null, 2, null);
INSERT INTO gzx.t_format_info_obj (id, account_provision_date, amount, apply_days, approved_date, assessment_date, big_data_date, big_date_conclusion, certino, chain_family_evaluation_date, chain_family_fast_out_price, check_expiration_date, customer_capital_accountno, customer_capital_account_name, customer_capital_bank, customer_first_pay_days, deduction_date, deposit_certificates_date, exception_days, extension_fee, fee_date, file_collection_date, file_report_date, finish_date, first_extension_days, house_address, house_evaluate_price, house_ownership_expected_receive_date, house_ownership_real_receive_date, house_square, house_type, if_extension, loan_date, marital_status, next_aount, next_capital_account_name, next_capital_account_provider, next_capital_bank, next_exception_loan_date, next_house_other_receive_date, next_house_ownership_deposit_date, next_house_ownership_send_date, next_if_limit_purpose, next_if_notarization, next_interest_payment_date, next_loan_way, next_name, next_real_loan_date, next_verification_date, order_id, overdue_days, pay_interest_alert_date, property_owner, re_contract_date, reminder_date, reserved_repayment_date, spouse_certino, spouse_name, tell_up_days, title_certificateno, unzip_doc_expected_receive_date, unzip_doc_real_receive_date, unzip_doc_undeposit_date, up_capital_accountno, up_capital_account_name, up_capital_bank, up_if_house_deposit, up_if_overdue, up_name, up_overdue_days, up_penalty_interest, up_residue_capital, up_residue_interest, up_unzip_doc, verification_approval_date, verification_date, verification_notarization_date, state, next_integererest_payment_date, pay_integererest_alert_date, up_penalty_integererest, up_residue_integererest, create_time, creator, update_time, updator, belong_type, certi_address, certi_end_date, certi_issue, certi_start_date, covered_area, house_certi_no, house_get_way, house_ownership, house_purpose, house_rigth_type, house_unit_no, land_get_way, land_purpose, land_right_type, nationality, service_life, next_organ_type, apply_tel, house_area, mortgage_num) VALUES (5, null, null, 0, null, null, null, '', '', '2019-09-17 16:00:00', null, null, '', '', '', 0, null, null, 0, null, null, null, null, null, 0, null, null, null, null, null, 1, 1, null, 1, null, '', '1', '', null, null, null, null, 1, 1, '2019-09-09 16:00:00', 1, '', null, null, 86, 0, '2019-09-08 16:00:00', '', null, null, null, '', '', 0, null, null, null, null, '', '', '', 1, 1, '', 0, null, null, null, null, null, null, null, 100, null, null, null, null, null, null, null, null, null, null, null, null, null, null, null, null, null, null, null, null, null, null, null, null, null, 1, null, 2, null);
INSERT INTO gzx.t_format_info_obj (id, account_provision_date, amount, apply_days, approved_date, assessment_date, big_data_date, big_date_conclusion, certino, chain_family_evaluation_date, chain_family_fast_out_price, check_expiration_date, customer_capital_accountno, customer_capital_account_name, customer_capital_bank, customer_first_pay_days, deduction_date, deposit_certificates_date, exception_days, extension_fee, fee_date, file_collection_date, file_report_date, finish_date, first_extension_days, house_address, house_evaluate_price, house_ownership_expected_receive_date, house_ownership_real_receive_date, house_square, house_type, if_extension, loan_date, marital_status, next_aount, next_capital_account_name, next_capital_account_provider, next_capital_bank, next_exception_loan_date, next_house_other_receive_date, next_house_ownership_deposit_date, next_house_ownership_send_date, next_if_limit_purpose, next_if_notarization, next_interest_payment_date, next_loan_way, next_name, next_real_loan_date, next_verification_date, order_id, overdue_days, pay_interest_alert_date, property_owner, re_contract_date, reminder_date, reserved_repayment_date, spouse_certino, spouse_name, tell_up_days, title_certificateno, unzip_doc_expected_receive_date, unzip_doc_real_receive_date, unzip_doc_undeposit_date, up_capital_accountno, up_capital_account_name, up_capital_bank, up_if_house_deposit, up_if_overdue, up_name, up_overdue_days, up_penalty_interest, up_residue_capital, up_residue_interest, up_unzip_doc, verification_approval_date, verification_date, verification_notarization_date, state, next_integererest_payment_date, pay_integererest_alert_date, up_penalty_integererest, up_residue_integererest, create_time, creator, update_time, updator, belong_type, certi_address, certi_end_date, certi_issue, certi_start_date, covered_area, house_certi_no, house_get_way, house_ownership, house_purpose, house_rigth_type, house_unit_no, land_get_way, land_purpose, land_right_type, nationality, service_life, next_organ_type, apply_tel, house_area, mortgage_num) VALUES (6, null, null, 0, null, null, null, '', '', '2019-09-17 16:00:00', null, null, '', '', '', 0, null, null, 0, null, null, null, null, null, 0, null, null, null, null, null, 1, 1, null, 1, null, '', '1', '', null, null, null, null, 1, 1, '2019-09-09 16:00:00', 1, '', null, null, 86, 0, '2019-09-08 16:00:00', '', null, '2019-09-18 16:00:00', null, '', '', 0, null, null, null, null, '', '', '', 1, 1, '', 0, null, null, null, null, null, null, null, 100, null, null, null, null, null, null, null, null, null, null, null, null, null, null, null, null, null, null, null, null, null, null, null, null, null, 1, null, 2, null);
INSERT INTO gzx.t_format_info_obj (id, account_provision_date, amount, apply_days, approved_date, assessment_date, big_data_date, big_date_conclusion, certino, chain_family_evaluation_date, chain_family_fast_out_price, check_expiration_date, customer_capital_accountno, customer_capital_account_name, customer_capital_bank, customer_first_pay_days, deduction_date, deposit_certificates_date, exception_days, extension_fee, fee_date, file_collection_date, file_report_date, finish_date, first_extension_days, house_address, house_evaluate_price, house_ownership_expected_receive_date, house_ownership_real_receive_date, house_square, house_type, if_extension, loan_date, marital_status, next_aount, next_capital_account_name, next_capital_account_provider, next_capital_bank, next_exception_loan_date, next_house_other_receive_date, next_house_ownership_deposit_date, next_house_ownership_send_date, next_if_limit_purpose, next_if_notarization, next_interest_payment_date, next_loan_way, next_name, next_real_loan_date, next_verification_date, order_id, overdue_days, pay_interest_alert_date, property_owner, re_contract_date, reminder_date, reserved_repayment_date, spouse_certino, spouse_name, tell_up_days, title_certificateno, unzip_doc_expected_receive_date, unzip_doc_real_receive_date, unzip_doc_undeposit_date, up_capital_accountno, up_capital_account_name, up_capital_bank, up_if_house_deposit, up_if_overdue, up_name, up_overdue_days, up_penalty_interest, up_residue_capital, up_residue_interest, up_unzip_doc, verification_approval_date, verification_date, verification_notarization_date, state, next_integererest_payment_date, pay_integererest_alert_date, up_penalty_integererest, up_residue_integererest, create_time, creator, update_time, updator, belong_type, certi_address, certi_end_date, certi_issue, certi_start_date, covered_area, house_certi_no, house_get_way, house_ownership, house_purpose, house_rigth_type, house_unit_no, land_get_way, land_purpose, land_right_type, nationality, service_life, next_organ_type, apply_tel, house_area, mortgage_num) VALUES (7, null, null, 0, null, null, null, '', '', '2019-09-17 16:00:00', null, null, '', '', '', 0, null, null, 0, null, null, null, '2019-09-18 16:00:00', null, 0, null, null, null, null, null, 1, 1, null, 1, null, '', '1', '', null, null, null, null, 1, 1, '2019-09-09 16:00:00', 1, '', null, null, 86, 0, '2019-09-08 16:00:00', '', null, '2019-09-18 16:00:00', null, '', '', 0, null, null, null, null, '', '', '', 1, 1, '', 0, null, null, null, null, null, null, null, 0, null, null, null, null, null, null, null, null, null, null, null, null, null, null, null, null, null, null, null, null, null, null, null, null, null, 1, null, 2, null);
INSERT INTO gzx.t_format_info_obj (id, account_provision_date, amount, apply_days, approved_date, assessment_date, big_data_date, big_date_conclusion, certino, chain_family_evaluation_date, chain_family_fast_out_price, check_expiration_date, customer_capital_accountno, customer_capital_account_name, customer_capital_bank, customer_first_pay_days, deduction_date, deposit_certificates_date, exception_days, extension_fee, fee_date, file_collection_date, file_report_date, finish_date, first_extension_days, house_address, house_evaluate_price, house_ownership_expected_receive_date, house_ownership_real_receive_date, house_square, house_type, if_extension, loan_date, marital_status, next_aount, next_capital_account_name, next_capital_account_provider, next_capital_bank, next_exception_loan_date, next_house_other_receive_date, next_house_ownership_deposit_date, next_house_ownership_send_date, next_if_limit_purpose, next_if_notarization, next_interest_payment_date, next_loan_way, next_name, next_real_loan_date, next_verification_date, order_id, overdue_days, pay_interest_alert_date, property_owner, re_contract_date, reminder_date, reserved_repayment_date, spouse_certino, spouse_name, tell_up_days, title_certificateno, unzip_doc_expected_receive_date, unzip_doc_real_receive_date, unzip_doc_undeposit_date, up_capital_accountno, up_capital_account_name, up_capital_bank, up_if_house_deposit, up_if_overdue, up_name, up_overdue_days, up_penalty_interest, up_residue_capital, up_residue_interest, up_unzip_doc, verification_approval_date, verification_date, verification_notarization_date, state, next_integererest_payment_date, pay_integererest_alert_date, up_penalty_integererest, up_residue_integererest, create_time, creator, update_time, updator, belong_type, certi_address, certi_end_date, certi_issue, certi_start_date, covered_area, house_certi_no, house_get_way, house_ownership, house_purpose, house_rigth_type, house_unit_no, land_get_way, land_purpose, land_right_type, nationality, service_life, next_organ_type, apply_tel, house_area, mortgage_num) VALUES (8, null, null, 0, null, '2019-10-09 16:00:00', null, '', '', '2019-08-18 16:00:00', null, null, '', '', '', 0, null, null, 0, null, null, null, null, null, 0, null, null, null, null, null, 1, 1, null, 1, null, '', '1', '', null, null, null, null, 1, 1, null, 1, '', null, null, 85, 0, '2019-09-08 16:00:00', '', null, null, null, '', '', 0, null, null, null, null, '', '', '', 1, 1, '', 0, null, null, null, null, null, null, null, 0, null, null, null, null, null, 0, null, 0, null, null, null, null, null, null, null, null, null, null, null, null, null, null, null, null, null, 1, null, 2, null);
INSERT INTO gzx.t_format_info_obj (id, account_provision_date, amount, apply_days, approved_date, assessment_date, big_data_date, big_date_conclusion, certino, chain_family_evaluation_date, chain_family_fast_out_price, check_expiration_date, customer_capital_accountno, customer_capital_account_name, customer_capital_bank, customer_first_pay_days, deduction_date, deposit_certificates_date, exception_days, extension_fee, fee_date, file_collection_date, file_report_date, finish_date, first_extension_days, house_address, house_evaluate_price, house_ownership_expected_receive_date, house_ownership_real_receive_date, house_square, house_type, if_extension, loan_date, marital_status, next_aount, next_capital_account_name, next_capital_account_provider, next_capital_bank, next_exception_loan_date, next_house_other_receive_date, next_house_ownership_deposit_date, next_house_ownership_send_date, next_if_limit_purpose, next_if_notarization, next_interest_payment_date, next_loan_way, next_name, next_real_loan_date, next_verification_date, order_id, overdue_days, pay_interest_alert_date, property_owner, re_contract_date, reminder_date, reserved_repayment_date, spouse_certino, spouse_name, tell_up_days, title_certificateno, unzip_doc_expected_receive_date, unzip_doc_real_receive_date, unzip_doc_undeposit_date, up_capital_accountno, up_capital_account_name, up_capital_bank, up_if_house_deposit, up_if_overdue, up_name, up_overdue_days, up_penalty_interest, up_residue_capital, up_residue_interest, up_unzip_doc, verification_approval_date, verification_date, verification_notarization_date, state, next_integererest_payment_date, pay_integererest_alert_date, up_penalty_integererest, up_residue_integererest, create_time, creator, update_time, updator, belong_type, certi_address, certi_end_date, certi_issue, certi_start_date, covered_area, house_certi_no, house_get_way, house_ownership, house_purpose, house_rigth_type, house_unit_no, land_get_way, land_purpose, land_right_type, nationality, service_life, next_organ_type, apply_tel, house_area, mortgage_num) VALUES (9, null, null, null, null, null, null, '', '', null, null, null, '', '', '', null, null, null, null, null, null, null, null, null, null, null, null, null, null, null, null, 0, null, 0, null, '', '0', '', null, null, null, null, 0, 0, null, 0, '', null, null, 80, null, null, '', null, null, null, '', '', null, null, null, null, null, '', '', '', 0, 0, '', null, null, null, null, null, null, null, null, null, null, null, null, null, null, null, null, null, null, null, null, null, null, null, null, null, null, null, null, null, null, null, null, null, null, 1, null, 2, null);
INSERT INTO gzx.t_format_info_obj (id, account_provision_date, amount, apply_days, approved_date, assessment_date, big_data_date, big_date_conclusion, certino, chain_family_evaluation_date, chain_family_fast_out_price, check_expiration_date, customer_capital_accountno, customer_capital_account_name, customer_capital_bank, customer_first_pay_days, deduction_date, deposit_certificates_date, exception_days, extension_fee, fee_date, file_collection_date, file_report_date, finish_date, first_extension_days, house_address, house_evaluate_price, house_ownership_expected_receive_date, house_ownership_real_receive_date, house_square, house_type, if_extension, loan_date, marital_status, next_aount, next_capital_account_name, next_capital_account_provider, next_capital_bank, next_exception_loan_date, next_house_other_receive_date, next_house_ownership_deposit_date, next_house_ownership_send_date, next_if_limit_purpose, next_if_notarization, next_interest_payment_date, next_loan_way, next_name, next_real_loan_date, next_verification_date, order_id, overdue_days, pay_interest_alert_date, property_owner, re_contract_date, reminder_date, reserved_repayment_date, spouse_certino, spouse_name, tell_up_days, title_certificateno, unzip_doc_expected_receive_date, unzip_doc_real_receive_date, unzip_doc_undeposit_date, up_capital_accountno, up_capital_account_name, up_capital_bank, up_if_house_deposit, up_if_overdue, up_name, up_overdue_days, up_penalty_interest, up_residue_capital, up_residue_interest, up_unzip_doc, verification_approval_date, verification_date, verification_notarization_date, state, next_integererest_payment_date, pay_integererest_alert_date, up_penalty_integererest, up_residue_integererest, create_time, creator, update_time, updator, belong_type, certi_address, certi_end_date, certi_issue, certi_start_date, covered_area, house_certi_no, house_get_way, house_ownership, house_purpose, house_rigth_type, house_unit_no, land_get_way, land_purpose, land_right_type, nationality, service_life, next_organ_type, apply_tel, house_area, mortgage_num) VALUES (10, null, null, 0, null, '2019-10-09 16:00:00', null, '', '', null, null, null, '', '', '', 0, null, null, 0, null, null, null, null, null, 0, null, null, null, null, null, 0, 1, null, 1, null, '', '1', '', null, null, null, null, 1, 1, '2019-09-09 16:00:00', 1, '', null, null, 84, 0, '2019-09-08 16:00:00', '', null, null, '2019-12-08 16:00:00', '', '', 0, null, null, null, null, '', '', '', 1, 1, '', 0, null, null, null, null, null, null, null, null, null, null, null, null, null, null, null, null, null, null, null, null, null, null, null, null, null, null, null, null, null, null, null, null, null, 1, null, 2, null);
INSERT INTO gzx.t_format_info_obj (id, account_provision_date, amount, apply_days, approved_date, assessment_date, big_data_date, big_date_conclusion, certino, chain_family_evaluation_date, chain_family_fast_out_price, check_expiration_date, customer_capital_accountno, customer_capital_account_name, customer_capital_bank, customer_first_pay_days, deduction_date, deposit_certificates_date, exception_days, extension_fee, fee_date, file_collection_date, file_report_date, finish_date, first_extension_days, house_address, house_evaluate_price, house_ownership_expected_receive_date, house_ownership_real_receive_date, house_square, house_type, if_extension, loan_date, marital_status, next_aount, next_capital_account_name, next_capital_account_provider, next_capital_bank, next_exception_loan_date, next_house_other_receive_date, next_house_ownership_deposit_date, next_house_ownership_send_date, next_if_limit_purpose, next_if_notarization, next_interest_payment_date, next_loan_way, next_name, next_real_loan_date, next_verification_date, order_id, overdue_days, pay_interest_alert_date, property_owner, re_contract_date, reminder_date, reserved_repayment_date, spouse_certino, spouse_name, tell_up_days, title_certificateno, unzip_doc_expected_receive_date, unzip_doc_real_receive_date, unzip_doc_undeposit_date, up_capital_accountno, up_capital_account_name, up_capital_bank, up_if_house_deposit, up_if_overdue, up_name, up_overdue_days, up_penalty_interest, up_residue_capital, up_residue_interest, up_unzip_doc, verification_approval_date, verification_date, verification_notarization_date, state, next_integererest_payment_date, pay_integererest_alert_date, up_penalty_integererest, up_residue_integererest, create_time, creator, update_time, updator, belong_type, certi_address, certi_end_date, certi_issue, certi_start_date, covered_area, house_certi_no, house_get_way, house_ownership, house_purpose, house_rigth_type, house_unit_no, land_get_way, land_purpose, land_right_type, nationality, service_life, next_organ_type, apply_tel, house_area, mortgage_num) VALUES (11, null, null, null, null, '2019-10-09 16:00:00', null, '', '', null, null, null, '', '', '', null, null, null, null, null, null, null, null, null, null, null, null, null, null, null, null, 0, null, 0, null, '', '0', '', null, null, null, null, 0, 0, '2019-09-09 16:00:00', 0, '', null, null, 82, null, '2019-09-08 16:00:00', '', null, null, null, '', '', null, null, null, null, null, '', '', '', 0, 0, '', null, null, null, null, null, null, null, null, 1, null, null, null, null, '2019-04-18 06:34:17', 16, null, 0, null, null, null, null, null, null, null, null, null, null, null, null, null, null, null, null, null, 1, null, 2, null);
INSERT INTO gzx.t_format_info_obj (id, account_provision_date, amount, apply_days, approved_date, assessment_date, big_data_date, big_date_conclusion, certino, chain_family_evaluation_date, chain_family_fast_out_price, check_expiration_date, customer_capital_accountno, customer_capital_account_name, customer_capital_bank, customer_first_pay_days, deduction_date, deposit_certificates_date, exception_days, extension_fee, fee_date, file_collection_date, file_report_date, finish_date, first_extension_days, house_address, house_evaluate_price, house_ownership_expected_receive_date, house_ownership_real_receive_date, house_square, house_type, if_extension, loan_date, marital_status, next_aount, next_capital_account_name, next_capital_account_provider, next_capital_bank, next_exception_loan_date, next_house_other_receive_date, next_house_ownership_deposit_date, next_house_ownership_send_date, next_if_limit_purpose, next_if_notarization, next_interest_payment_date, next_loan_way, next_name, next_real_loan_date, next_verification_date, order_id, overdue_days, pay_interest_alert_date, property_owner, re_contract_date, reminder_date, reserved_repayment_date, spouse_certino, spouse_name, tell_up_days, title_certificateno, unzip_doc_expected_receive_date, unzip_doc_real_receive_date, unzip_doc_undeposit_date, up_capital_accountno, up_capital_account_name, up_capital_bank, up_if_house_deposit, up_if_overdue, up_name, up_overdue_days, up_penalty_interest, up_residue_capital, up_residue_interest, up_unzip_doc, verification_approval_date, verification_date, verification_notarization_date, state, next_integererest_payment_date, pay_integererest_alert_date, up_penalty_integererest, up_residue_integererest, create_time, creator, update_time, updator, belong_type, certi_address, certi_end_date, certi_issue, certi_start_date, covered_area, house_certi_no, house_get_way, house_ownership, house_purpose, house_rigth_type, house_unit_no, land_get_way, land_purpose, land_right_type, nationality, service_life, next_organ_type, apply_tel, house_area, mortgage_num) VALUES (12, null, null, null, null, null, null, '', '', null, null, null, '', '', '', null, null, null, 222, null, null, null, null, null, null, '222', null, null, null, null, null, 0, null, 0, null, '', '0', '', null, null, null, null, 0, 0, '2019-09-09 16:00:00', 0, '', null, null, 65, null, '2019-09-08 16:00:00', '', null, null, null, '', '', null, null, null, null, null, '', '', '', 0, 0, '', null, null, null, null, null, null, null, null, 1, null, null, null, null, '2019-04-18 08:15:29', 16, null, 0, '222', '', null, '', null, null, '', '', '', '', '', '22', '', '', '222', '', '', 1, null, 2, null);
INSERT INTO gzx.t_format_info_obj (id, account_provision_date, amount, apply_days, approved_date, assessment_date, big_data_date, big_date_conclusion, certino, chain_family_evaluation_date, chain_family_fast_out_price, check_expiration_date, customer_capital_accountno, customer_capital_account_name, customer_capital_bank, customer_first_pay_days, deduction_date, deposit_certificates_date, exception_days, extension_fee, fee_date, file_collection_date, file_report_date, finish_date, first_extension_days, house_address, house_evaluate_price, house_ownership_expected_receive_date, house_ownership_real_receive_date, house_square, house_type, if_extension, loan_date, marital_status, next_aount, next_capital_account_name, next_capital_account_provider, next_capital_bank, next_exception_loan_date, next_house_other_receive_date, next_house_ownership_deposit_date, next_house_ownership_send_date, next_if_limit_purpose, next_if_notarization, next_interest_payment_date, next_loan_way, next_name, next_real_loan_date, next_verification_date, order_id, overdue_days, pay_interest_alert_date, property_owner, re_contract_date, reminder_date, reserved_repayment_date, spouse_certino, spouse_name, tell_up_days, title_certificateno, unzip_doc_expected_receive_date, unzip_doc_real_receive_date, unzip_doc_undeposit_date, up_capital_accountno, up_capital_account_name, up_capital_bank, up_if_house_deposit, up_if_overdue, up_name, up_overdue_days, up_penalty_interest, up_residue_capital, up_residue_interest, up_unzip_doc, verification_approval_date, verification_date, verification_notarization_date, state, next_integererest_payment_date, pay_integererest_alert_date, up_penalty_integererest, up_residue_integererest, create_time, creator, update_time, updator, belong_type, certi_address, certi_end_date, certi_issue, certi_start_date, covered_area, house_certi_no, house_get_way, house_ownership, house_purpose, house_rigth_type, house_unit_no, land_get_way, land_purpose, land_right_type, nationality, service_life, next_organ_type, apply_tel, house_area, mortgage_num) VALUES (13, null, null, null, null, null, null, null, '', null, null, null, '', '', '', null, null, null, null, null, null, null, null, null, null, '', null, null, null, null, 0, null, null, 0, null, null, null, null, null, null, null, null, null, null, null, null, null, null, null, 87, null, null, '', null, null, null, '', '', null, null, null, null, null, null, null, null, null, null, null, null, null, null, null, null, null, null, null, 100, null, null, null, null, '2019-04-19 15:44:22', 16, null, 0, '', '', null, '', null, null, '', '', null, '', '', '', '', '', '', '', '', 1, null, 2, null);
INSERT INTO gzx.t_format_info_obj (id, account_provision_date, amount, apply_days, approved_date, assessment_date, big_data_date, big_date_conclusion, certino, chain_family_evaluation_date, chain_family_fast_out_price, check_expiration_date, customer_capital_accountno, customer_capital_account_name, customer_capital_bank, customer_first_pay_days, deduction_date, deposit_certificates_date, exception_days, extension_fee, fee_date, file_collection_date, file_report_date, finish_date, first_extension_days, house_address, house_evaluate_price, house_ownership_expected_receive_date, house_ownership_real_receive_date, house_square, house_type, if_extension, loan_date, marital_status, next_aount, next_capital_account_name, next_capital_account_provider, next_capital_bank, next_exception_loan_date, next_house_other_receive_date, next_house_ownership_deposit_date, next_house_ownership_send_date, next_if_limit_purpose, next_if_notarization, next_interest_payment_date, next_loan_way, next_name, next_real_loan_date, next_verification_date, order_id, overdue_days, pay_interest_alert_date, property_owner, re_contract_date, reminder_date, reserved_repayment_date, spouse_certino, spouse_name, tell_up_days, title_certificateno, unzip_doc_expected_receive_date, unzip_doc_real_receive_date, unzip_doc_undeposit_date, up_capital_accountno, up_capital_account_name, up_capital_bank, up_if_house_deposit, up_if_overdue, up_name, up_overdue_days, up_penalty_interest, up_residue_capital, up_residue_interest, up_unzip_doc, verification_approval_date, verification_date, verification_notarization_date, state, next_integererest_payment_date, pay_integererest_alert_date, up_penalty_integererest, up_residue_integererest, create_time, creator, update_time, updator, belong_type, certi_address, certi_end_date, certi_issue, certi_start_date, covered_area, house_certi_no, house_get_way, house_ownership, house_purpose, house_rigth_type, house_unit_no, land_get_way, land_purpose, land_right_type, nationality, service_life, next_organ_type, apply_tel, house_area, mortgage_num) VALUES (14, null, null, null, null, null, null, null, '222', null, null, null, '', '', '', null, null, null, null, null, null, null, null, null, null, '', null, null, null, null, null, null, null, 0, null, null, null, null, null, null, null, null, null, null, null, null, null, null, null, 87, null, null, '', null, null, null, '', '', null, null, null, null, null, null, null, null, null, null, null, null, null, null, null, null, null, null, null, 100, null, null, null, null, '2019-04-19 15:46:46', 16, null, 0, '', '', null, '', null, null, '', '', null, '', '', '', '', '', '', '', '', 1, null, 2, null);
INSERT INTO gzx.t_format_info_obj (id, account_provision_date, amount, apply_days, approved_date, assessment_date, big_data_date, big_date_conclusion, certino, chain_family_evaluation_date, chain_family_fast_out_price, check_expiration_date, customer_capital_accountno, customer_capital_account_name, customer_capital_bank, customer_first_pay_days, deduction_date, deposit_certificates_date, exception_days, extension_fee, fee_date, file_collection_date, file_report_date, finish_date, first_extension_days, house_address, house_evaluate_price, house_ownership_expected_receive_date, house_ownership_real_receive_date, house_square, house_type, if_extension, loan_date, marital_status, next_aount, next_capital_account_name, next_capital_account_provider, next_capital_bank, next_exception_loan_date, next_house_other_receive_date, next_house_ownership_deposit_date, next_house_ownership_send_date, next_if_limit_purpose, next_if_notarization, next_interest_payment_date, next_loan_way, next_name, next_real_loan_date, next_verification_date, order_id, overdue_days, pay_interest_alert_date, property_owner, re_contract_date, reminder_date, reserved_repayment_date, spouse_certino, spouse_name, tell_up_days, title_certificateno, unzip_doc_expected_receive_date, unzip_doc_real_receive_date, unzip_doc_undeposit_date, up_capital_accountno, up_capital_account_name, up_capital_bank, up_if_house_deposit, up_if_overdue, up_name, up_overdue_days, up_penalty_interest, up_residue_capital, up_residue_interest, up_unzip_doc, verification_approval_date, verification_date, verification_notarization_date, state, next_integererest_payment_date, pay_integererest_alert_date, up_penalty_integererest, up_residue_integererest, create_time, creator, update_time, updator, belong_type, certi_address, certi_end_date, certi_issue, certi_start_date, covered_area, house_certi_no, house_get_way, house_ownership, house_purpose, house_rigth_type, house_unit_no, land_get_way, land_purpose, land_right_type, nationality, service_life, next_organ_type, apply_tel, house_area, mortgage_num) VALUES (15, null, null, null, null, null, null, null, null, null, null, null, null, null, null, null, null, null, null, null, null, null, null, null, null, null, null, null, null, null, null, null, null, null, null, null, null, null, null, null, null, null, null, null, null, null, null, null, null, 87, null, null, null, null, null, null, null, null, null, null, null, null, null, null, null, null, null, null, null, null, null, null, null, null, null, null, null, 1, null, null, null, null, '2019-04-19 15:47:31', 14, null, 0, null, null, null, null, null, null, null, null, null, null, null, null, null, null, null, null, null, 1, null, 2, null);
INSERT INTO gzx.t_format_info_obj (id, account_provision_date, amount, apply_days, approved_date, assessment_date, big_data_date, big_date_conclusion, certino, chain_family_evaluation_date, chain_family_fast_out_price, check_expiration_date, customer_capital_accountno, customer_capital_account_name, customer_capital_bank, customer_first_pay_days, deduction_date, deposit_certificates_date, exception_days, extension_fee, fee_date, file_collection_date, file_report_date, finish_date, first_extension_days, house_address, house_evaluate_price, house_ownership_expected_receive_date, house_ownership_real_receive_date, house_square, house_type, if_extension, loan_date, marital_status, next_aount, next_capital_account_name, next_capital_account_provider, next_capital_bank, next_exception_loan_date, next_house_other_receive_date, next_house_ownership_deposit_date, next_house_ownership_send_date, next_if_limit_purpose, next_if_notarization, next_interest_payment_date, next_loan_way, next_name, next_real_loan_date, next_verification_date, order_id, overdue_days, pay_interest_alert_date, property_owner, re_contract_date, reminder_date, reserved_repayment_date, spouse_certino, spouse_name, tell_up_days, title_certificateno, unzip_doc_expected_receive_date, unzip_doc_real_receive_date, unzip_doc_undeposit_date, up_capital_accountno, up_capital_account_name, up_capital_bank, up_if_house_deposit, up_if_overdue, up_name, up_overdue_days, up_penalty_interest, up_residue_capital, up_residue_interest, up_unzip_doc, verification_approval_date, verification_date, verification_notarization_date, state, next_integererest_payment_date, pay_integererest_alert_date, up_penalty_integererest, up_residue_integererest, create_time, creator, update_time, updator, belong_type, certi_address, certi_end_date, certi_issue, certi_start_date, covered_area, house_certi_no, house_get_way, house_ownership, house_purpose, house_rigth_type, house_unit_no, land_get_way, land_purpose, land_right_type, nationality, service_life, next_organ_type, apply_tel, house_area, mortgage_num) VALUES (16, null, null, null, null, null, null, null, null, null, null, null, null, null, null, null, null, null, null, null, null, null, null, null, null, null, null, null, null, null, null, null, null, null, null, null, null, null, null, null, null, null, null, null, null, null, null, null, null, 88, null, null, null, null, null, null, null, null, null, null, null, null, null, null, null, null, null, null, null, null, null, null, null, null, null, null, null, null, null, null, null, null, '2019-04-22 01:22:25', 0, null, 0, null, null, null, null, null, null, null, null, null, null, null, null, null, null, null, null, null, 1, null, 2, null);
INSERT INTO gzx.t_format_info_obj (id, account_provision_date, amount, apply_days, approved_date, assessment_date, big_data_date, big_date_conclusion, certino, chain_family_evaluation_date, chain_family_fast_out_price, check_expiration_date, customer_capital_accountno, customer_capital_account_name, customer_capital_bank, customer_first_pay_days, deduction_date, deposit_certificates_date, exception_days, extension_fee, fee_date, file_collection_date, file_report_date, finish_date, first_extension_days, house_address, house_evaluate_price, house_ownership_expected_receive_date, house_ownership_real_receive_date, house_square, house_type, if_extension, loan_date, marital_status, next_aount, next_capital_account_name, next_capital_account_provider, next_capital_bank, next_exception_loan_date, next_house_other_receive_date, next_house_ownership_deposit_date, next_house_ownership_send_date, next_if_limit_purpose, next_if_notarization, next_interest_payment_date, next_loan_way, next_name, next_real_loan_date, next_verification_date, order_id, overdue_days, pay_interest_alert_date, property_owner, re_contract_date, reminder_date, reserved_repayment_date, spouse_certino, spouse_name, tell_up_days, title_certificateno, unzip_doc_expected_receive_date, unzip_doc_real_receive_date, unzip_doc_undeposit_date, up_capital_accountno, up_capital_account_name, up_capital_bank, up_if_house_deposit, up_if_overdue, up_name, up_overdue_days, up_penalty_interest, up_residue_capital, up_residue_interest, up_unzip_doc, verification_approval_date, verification_date, verification_notarization_date, state, next_integererest_payment_date, pay_integererest_alert_date, up_penalty_integererest, up_residue_integererest, create_time, creator, update_time, updator, belong_type, certi_address, certi_end_date, certi_issue, certi_start_date, covered_area, house_certi_no, house_get_way, house_ownership, house_purpose, house_rigth_type, house_unit_no, land_get_way, land_purpose, land_right_type, nationality, service_life, next_organ_type, apply_tel, house_area, mortgage_num) VALUES (17, null, null, null, null, null, null, null, null, null, null, null, null, null, null, null, null, null, null, null, null, null, null, null, null, null, null, null, null, null, null, null, null, null, null, null, null, null, null, null, null, null, null, null, null, null, null, null, null, 88, null, null, null, null, null, null, null, null, null, null, null, null, null, null, null, null, null, null, null, null, null, null, null, null, null, null, null, null, null, null, null, null, '2019-04-22 01:22:29', 0, null, 0, null, null, null, null, null, null, null, null, null, null, null, null, null, null, null, null, null, 1, null, 2, null);
INSERT INTO gzx.t_format_info_obj (id, account_provision_date, amount, apply_days, approved_date, assessment_date, big_data_date, big_date_conclusion, certino, chain_family_evaluation_date, chain_family_fast_out_price, check_expiration_date, customer_capital_accountno, customer_capital_account_name, customer_capital_bank, customer_first_pay_days, deduction_date, deposit_certificates_date, exception_days, extension_fee, fee_date, file_collection_date, file_report_date, finish_date, first_extension_days, house_address, house_evaluate_price, house_ownership_expected_receive_date, house_ownership_real_receive_date, house_square, house_type, if_extension, loan_date, marital_status, next_aount, next_capital_account_name, next_capital_account_provider, next_capital_bank, next_exception_loan_date, next_house_other_receive_date, next_house_ownership_deposit_date, next_house_ownership_send_date, next_if_limit_purpose, next_if_notarization, next_interest_payment_date, next_loan_way, next_name, next_real_loan_date, next_verification_date, order_id, overdue_days, pay_interest_alert_date, property_owner, re_contract_date, reminder_date, reserved_repayment_date, spouse_certino, spouse_name, tell_up_days, title_certificateno, unzip_doc_expected_receive_date, unzip_doc_real_receive_date, unzip_doc_undeposit_date, up_capital_accountno, up_capital_account_name, up_capital_bank, up_if_house_deposit, up_if_overdue, up_name, up_overdue_days, up_penalty_interest, up_residue_capital, up_residue_interest, up_unzip_doc, verification_approval_date, verification_date, verification_notarization_date, state, next_integererest_payment_date, pay_integererest_alert_date, up_penalty_integererest, up_residue_integererest, create_time, creator, update_time, updator, belong_type, certi_address, certi_end_date, certi_issue, certi_start_date, covered_area, house_certi_no, house_get_way, house_ownership, house_purpose, house_rigth_type, house_unit_no, land_get_way, land_purpose, land_right_type, nationality, service_life, next_organ_type, apply_tel, house_area, mortgage_num) VALUES (18, null, null, null, null, null, null, null, null, null, null, null, null, null, null, null, null, null, null, null, null, null, null, null, null, null, null, null, null, null, null, null, null, null, null, null, null, null, null, null, null, null, null, null, null, null, null, null, null, 89, null, null, null, null, null, null, null, null, null, null, null, null, null, null, null, null, null, null, null, null, null, null, null, null, null, null, null, 100, null, null, null, null, '2019-04-22 07:20:04', 0, null, 0, null, null, null, null, null, null, null, null, null, null, null, null, null, null, null, null, null, 1, null, 2, null);
INSERT INTO gzx.t_format_info_obj (id, account_provision_date, amount, apply_days, approved_date, assessment_date, big_data_date, big_date_conclusion, certino, chain_family_evaluation_date, chain_family_fast_out_price, check_expiration_date, customer_capital_accountno, customer_capital_account_name, customer_capital_bank, customer_first_pay_days, deduction_date, deposit_certificates_date, exception_days, extension_fee, fee_date, file_collection_date, file_report_date, finish_date, first_extension_days, house_address, house_evaluate_price, house_ownership_expected_receive_date, house_ownership_real_receive_date, house_square, house_type, if_extension, loan_date, marital_status, next_aount, next_capital_account_name, next_capital_account_provider, next_capital_bank, next_exception_loan_date, next_house_other_receive_date, next_house_ownership_deposit_date, next_house_ownership_send_date, next_if_limit_purpose, next_if_notarization, next_interest_payment_date, next_loan_way, next_name, next_real_loan_date, next_verification_date, order_id, overdue_days, pay_interest_alert_date, property_owner, re_contract_date, reminder_date, reserved_repayment_date, spouse_certino, spouse_name, tell_up_days, title_certificateno, unzip_doc_expected_receive_date, unzip_doc_real_receive_date, unzip_doc_undeposit_date, up_capital_accountno, up_capital_account_name, up_capital_bank, up_if_house_deposit, up_if_overdue, up_name, up_overdue_days, up_penalty_interest, up_residue_capital, up_residue_interest, up_unzip_doc, verification_approval_date, verification_date, verification_notarization_date, state, next_integererest_payment_date, pay_integererest_alert_date, up_penalty_integererest, up_residue_integererest, create_time, creator, update_time, updator, belong_type, certi_address, certi_end_date, certi_issue, certi_start_date, covered_area, house_certi_no, house_get_way, house_ownership, house_purpose, house_rigth_type, house_unit_no, land_get_way, land_purpose, land_right_type, nationality, service_life, next_organ_type, apply_tel, house_area, mortgage_num) VALUES (19, null, null, null, null, '2019-10-09 16:00:00', '2019-09-08 16:00:00', '通过', null, '2019-08-18 16:00:00', 100.00, null, null, null, null, null, null, null, null, null, null, null, null, null, null, null, 100.00, null, null, null, null, null, null, null, null, null, null, null, null, null, null, null, null, null, null, null, null, null, null, 89, null, null, null, null, null, null, null, null, null, null, null, null, null, null, null, null, null, null, null, null, null, null, null, null, null, null, null, 100, null, null, null, null, '2019-04-22 07:21:59', 14, null, 0, null, null, null, null, null, null, null, null, null, null, null, null, null, null, null, null, null, 1, null, 2, null);
INSERT INTO gzx.t_format_info_obj (id, account_provision_date, amount, apply_days, approved_date, assessment_date, big_data_date, big_date_conclusion, certino, chain_family_evaluation_date, chain_family_fast_out_price, check_expiration_date, customer_capital_accountno, customer_capital_account_name, customer_capital_bank, customer_first_pay_days, deduction_date, deposit_certificates_date, exception_days, extension_fee, fee_date, file_collection_date, file_report_date, finish_date, first_extension_days, house_address, house_evaluate_price, house_ownership_expected_receive_date, house_ownership_real_receive_date, house_square, house_type, if_extension, loan_date, marital_status, next_aount, next_capital_account_name, next_capital_account_provider, next_capital_bank, next_exception_loan_date, next_house_other_receive_date, next_house_ownership_deposit_date, next_house_ownership_send_date, next_if_limit_purpose, next_if_notarization, next_interest_payment_date, next_loan_way, next_name, next_real_loan_date, next_verification_date, order_id, overdue_days, pay_interest_alert_date, property_owner, re_contract_date, reminder_date, reserved_repayment_date, spouse_certino, spouse_name, tell_up_days, title_certificateno, unzip_doc_expected_receive_date, unzip_doc_real_receive_date, unzip_doc_undeposit_date, up_capital_accountno, up_capital_account_name, up_capital_bank, up_if_house_deposit, up_if_overdue, up_name, up_overdue_days, up_penalty_interest, up_residue_capital, up_residue_interest, up_unzip_doc, verification_approval_date, verification_date, verification_notarization_date, state, next_integererest_payment_date, pay_integererest_alert_date, up_penalty_integererest, up_residue_integererest, create_time, creator, update_time, updator, belong_type, certi_address, certi_end_date, certi_issue, certi_start_date, covered_area, house_certi_no, house_get_way, house_ownership, house_purpose, house_rigth_type, house_unit_no, land_get_way, land_purpose, land_right_type, nationality, service_life, next_organ_type, apply_tel, house_area, mortgage_num) VALUES (20, null, null, 10, null, null, null, null, '000', null, null, null, '000', '000', '000', null, null, null, null, null, null, null, null, null, null, '000', null, null, null, 0.00, 1, null, null, 1, null, null, null, null, null, null, null, null, null, null, null, null, null, null, null, 89, null, null, '0000', null, null, null, '000', '000', null, '000', null, null, null, null, null, null, null, null, null, null, null, null, null, null, null, null, null, 100, null, null, null, null, '2019-04-22 08:28:11', 15, null, 0, '000', '000', '2025-10-09 16:00:00', '000', '2009-10-09 16:00:00', 0.00, '000', '000', null, '000', '000', '000', '000', '000', '0000', '000', '000', 1, null, 2, null);
INSERT INTO gzx.t_format_info_obj (id, account_provision_date, amount, apply_days, approved_date, assessment_date, big_data_date, big_date_conclusion, certino, chain_family_evaluation_date, chain_family_fast_out_price, check_expiration_date, customer_capital_accountno, customer_capital_account_name, customer_capital_bank, customer_first_pay_days, deduction_date, deposit_certificates_date, exception_days, extension_fee, fee_date, file_collection_date, file_report_date, finish_date, first_extension_days, house_address, house_evaluate_price, house_ownership_expected_receive_date, house_ownership_real_receive_date, house_square, house_type, if_extension, loan_date, marital_status, next_aount, next_capital_account_name, next_capital_account_provider, next_capital_bank, next_exception_loan_date, next_house_other_receive_date, next_house_ownership_deposit_date, next_house_ownership_send_date, next_if_limit_purpose, next_if_notarization, next_interest_payment_date, next_loan_way, next_name, next_real_loan_date, next_verification_date, order_id, overdue_days, pay_interest_alert_date, property_owner, re_contract_date, reminder_date, reserved_repayment_date, spouse_certino, spouse_name, tell_up_days, title_certificateno, unzip_doc_expected_receive_date, unzip_doc_real_receive_date, unzip_doc_undeposit_date, up_capital_accountno, up_capital_account_name, up_capital_bank, up_if_house_deposit, up_if_overdue, up_name, up_overdue_days, up_penalty_interest, up_residue_capital, up_residue_interest, up_unzip_doc, verification_approval_date, verification_date, verification_notarization_date, state, next_integererest_payment_date, pay_integererest_alert_date, up_penalty_integererest, up_residue_integererest, create_time, creator, update_time, updator, belong_type, certi_address, certi_end_date, certi_issue, certi_start_date, covered_area, house_certi_no, house_get_way, house_ownership, house_purpose, house_rigth_type, house_unit_no, land_get_way, land_purpose, land_right_type, nationality, service_life, next_organ_type, apply_tel, house_area, mortgage_num) VALUES (21, null, null, null, null, null, null, null, null, null, null, null, null, null, null, null, null, null, null, null, null, null, null, null, null, null, null, null, null, null, null, null, null, null, null, null, null, null, null, null, null, null, null, null, null, null, null, null, null, 89, null, null, null, null, null, null, null, null, null, null, null, null, null, null, null, null, null, null, null, null, null, null, null, null, null, null, null, 100, null, null, null, null, '2019-04-22 09:10:42', 8, null, 0, null, null, null, null, null, null, null, null, null, null, null, null, null, null, null, null, null, 1, null, 2, null);
INSERT INTO gzx.t_format_info_obj (id, account_provision_date, amount, apply_days, approved_date, assessment_date, big_data_date, big_date_conclusion, certino, chain_family_evaluation_date, chain_family_fast_out_price, check_expiration_date, customer_capital_accountno, customer_capital_account_name, customer_capital_bank, customer_first_pay_days, deduction_date, deposit_certificates_date, exception_days, extension_fee, fee_date, file_collection_date, file_report_date, finish_date, first_extension_days, house_address, house_evaluate_price, house_ownership_expected_receive_date, house_ownership_real_receive_date, house_square, house_type, if_extension, loan_date, marital_status, next_aount, next_capital_account_name, next_capital_account_provider, next_capital_bank, next_exception_loan_date, next_house_other_receive_date, next_house_ownership_deposit_date, next_house_ownership_send_date, next_if_limit_purpose, next_if_notarization, next_interest_payment_date, next_loan_way, next_name, next_real_loan_date, next_verification_date, order_id, overdue_days, pay_interest_alert_date, property_owner, re_contract_date, reminder_date, reserved_repayment_date, spouse_certino, spouse_name, tell_up_days, title_certificateno, unzip_doc_expected_receive_date, unzip_doc_real_receive_date, unzip_doc_undeposit_date, up_capital_accountno, up_capital_account_name, up_capital_bank, up_if_house_deposit, up_if_overdue, up_name, up_overdue_days, up_penalty_interest, up_residue_capital, up_residue_interest, up_unzip_doc, verification_approval_date, verification_date, verification_notarization_date, state, next_integererest_payment_date, pay_integererest_alert_date, up_penalty_integererest, up_residue_integererest, create_time, creator, update_time, updator, belong_type, certi_address, certi_end_date, certi_issue, certi_start_date, covered_area, house_certi_no, house_get_way, house_ownership, house_purpose, house_rigth_type, house_unit_no, land_get_way, land_purpose, land_right_type, nationality, service_life, next_organ_type, apply_tel, house_area, mortgage_num) VALUES (22, null, null, null, null, null, null, null, null, null, null, null, null, null, null, null, null, null, null, null, null, null, null, null, null, null, null, null, null, null, null, null, null, null, null, null, null, null, null, null, null, null, null, null, null, null, null, null, null, 89, null, null, null, null, null, null, null, null, null, null, null, null, null, null, null, null, null, null, null, null, null, null, null, null, null, null, null, 100, null, null, null, null, '2019-04-22 09:13:06', 10, null, 0, null, null, null, null, null, null, null, null, null, null, null, null, null, null, null, null, null, 1, null, 2, null);
INSERT INTO gzx.t_format_info_obj (id, account_provision_date, amount, apply_days, approved_date, assessment_date, big_data_date, big_date_conclusion, certino, chain_family_evaluation_date, chain_family_fast_out_price, check_expiration_date, customer_capital_accountno, customer_capital_account_name, customer_capital_bank, customer_first_pay_days, deduction_date, deposit_certificates_date, exception_days, extension_fee, fee_date, file_collection_date, file_report_date, finish_date, first_extension_days, house_address, house_evaluate_price, house_ownership_expected_receive_date, house_ownership_real_receive_date, house_square, house_type, if_extension, loan_date, marital_status, next_aount, next_capital_account_name, next_capital_account_provider, next_capital_bank, next_exception_loan_date, next_house_other_receive_date, next_house_ownership_deposit_date, next_house_ownership_send_date, next_if_limit_purpose, next_if_notarization, next_interest_payment_date, next_loan_way, next_name, next_real_loan_date, next_verification_date, order_id, overdue_days, pay_interest_alert_date, property_owner, re_contract_date, reminder_date, reserved_repayment_date, spouse_certino, spouse_name, tell_up_days, title_certificateno, unzip_doc_expected_receive_date, unzip_doc_real_receive_date, unzip_doc_undeposit_date, up_capital_accountno, up_capital_account_name, up_capital_bank, up_if_house_deposit, up_if_overdue, up_name, up_overdue_days, up_penalty_interest, up_residue_capital, up_residue_interest, up_unzip_doc, verification_approval_date, verification_date, verification_notarization_date, state, next_integererest_payment_date, pay_integererest_alert_date, up_penalty_integererest, up_residue_integererest, create_time, creator, update_time, updator, belong_type, certi_address, certi_end_date, certi_issue, certi_start_date, covered_area, house_certi_no, house_get_way, house_ownership, house_purpose, house_rigth_type, house_unit_no, land_get_way, land_purpose, land_right_type, nationality, service_life, next_organ_type, apply_tel, house_area, mortgage_num) VALUES (23, '2019-10-09 16:00:00', null, null, null, null, null, null, null, null, null, '2019-10-09 16:00:00', null, null, null, null, null, null, null, null, null, null, null, null, null, null, null, null, null, null, null, 0, null, null, 22.00, '22', '1', '22', null, null, null, null, 1, 1, null, 1, '22', null, '2019-10-09 16:00:00', 89, null, null, null, null, null, null, null, null, null, null, null, null, null, '222', '22', '222', 1, 1, '222', null, 22.00, 222.00, 22.00, null, '2019-10-09 16:00:00', '2019-10-09 16:00:00', '2019-10-09 16:00:00', 100, null, null, null, null, '2019-04-22 09:14:39', 9, null, 0, null, null, null, null, null, null, null, null, null, null, null, null, null, null, null, null, null, 1, null, 2, null);
INSERT INTO gzx.t_format_info_obj (id, account_provision_date, amount, apply_days, approved_date, assessment_date, big_data_date, big_date_conclusion, certino, chain_family_evaluation_date, chain_family_fast_out_price, check_expiration_date, customer_capital_accountno, customer_capital_account_name, customer_capital_bank, customer_first_pay_days, deduction_date, deposit_certificates_date, exception_days, extension_fee, fee_date, file_collection_date, file_report_date, finish_date, first_extension_days, house_address, house_evaluate_price, house_ownership_expected_receive_date, house_ownership_real_receive_date, house_square, house_type, if_extension, loan_date, marital_status, next_aount, next_capital_account_name, next_capital_account_provider, next_capital_bank, next_exception_loan_date, next_house_other_receive_date, next_house_ownership_deposit_date, next_house_ownership_send_date, next_if_limit_purpose, next_if_notarization, next_interest_payment_date, next_loan_way, next_name, next_real_loan_date, next_verification_date, order_id, overdue_days, pay_interest_alert_date, property_owner, re_contract_date, reminder_date, reserved_repayment_date, spouse_certino, spouse_name, tell_up_days, title_certificateno, unzip_doc_expected_receive_date, unzip_doc_real_receive_date, unzip_doc_undeposit_date, up_capital_accountno, up_capital_account_name, up_capital_bank, up_if_house_deposit, up_if_overdue, up_name, up_overdue_days, up_penalty_interest, up_residue_capital, up_residue_interest, up_unzip_doc, verification_approval_date, verification_date, verification_notarization_date, state, next_integererest_payment_date, pay_integererest_alert_date, up_penalty_integererest, up_residue_integererest, create_time, creator, update_time, updator, belong_type, certi_address, certi_end_date, certi_issue, certi_start_date, covered_area, house_certi_no, house_get_way, house_ownership, house_purpose, house_rigth_type, house_unit_no, land_get_way, land_purpose, land_right_type, nationality, service_life, next_organ_type, apply_tel, house_area, mortgage_num) VALUES (24, '2019-10-09 16:00:00', null, null, null, null, null, null, null, null, null, '2019-10-09 16:00:00', null, null, null, 3, null, null, null, null, null, null, null, null, null, null, null, null, null, null, null, 0, null, null, 22.00, '22', '1', '22', null, null, null, null, 1, 1, null, 1, '22', null, '2019-10-09 16:00:00', 89, null, null, null, '2019-10-09 16:00:00', null, null, null, null, 3, null, null, null, null, '222', '22', '222', 1, 1, '222', null, 22.00, 222.00, 22.00, null, '2019-10-09 16:00:00', '2019-10-09 16:00:00', '2019-10-09 16:00:00', 100, null, null, null, null, '2019-04-22 09:16:02', 9, null, 0, null, null, null, null, null, null, null, null, null, null, null, null, null, null, null, null, null, 1, null, 2, null);
INSERT INTO gzx.t_format_info_obj (id, account_provision_date, amount, apply_days, approved_date, assessment_date, big_data_date, big_date_conclusion, certino, chain_family_evaluation_date, chain_family_fast_out_price, check_expiration_date, customer_capital_accountno, customer_capital_account_name, customer_capital_bank, customer_first_pay_days, deduction_date, deposit_certificates_date, exception_days, extension_fee, fee_date, file_collection_date, file_report_date, finish_date, first_extension_days, house_address, house_evaluate_price, house_ownership_expected_receive_date, house_ownership_real_receive_date, house_square, house_type, if_extension, loan_date, marital_status, next_aount, next_capital_account_name, next_capital_account_provider, next_capital_bank, next_exception_loan_date, next_house_other_receive_date, next_house_ownership_deposit_date, next_house_ownership_send_date, next_if_limit_purpose, next_if_notarization, next_interest_payment_date, next_loan_way, next_name, next_real_loan_date, next_verification_date, order_id, overdue_days, pay_interest_alert_date, property_owner, re_contract_date, reminder_date, reserved_repayment_date, spouse_certino, spouse_name, tell_up_days, title_certificateno, unzip_doc_expected_receive_date, unzip_doc_real_receive_date, unzip_doc_undeposit_date, up_capital_accountno, up_capital_account_name, up_capital_bank, up_if_house_deposit, up_if_overdue, up_name, up_overdue_days, up_penalty_interest, up_residue_capital, up_residue_interest, up_unzip_doc, verification_approval_date, verification_date, verification_notarization_date, state, next_integererest_payment_date, pay_integererest_alert_date, up_penalty_integererest, up_residue_integererest, create_time, creator, update_time, updator, belong_type, certi_address, certi_end_date, certi_issue, certi_start_date, covered_area, house_certi_no, house_get_way, house_ownership, house_purpose, house_rigth_type, house_unit_no, land_get_way, land_purpose, land_right_type, nationality, service_life, next_organ_type, apply_tel, house_area, mortgage_num) VALUES (25, null, null, null, null, null, null, null, null, null, null, null, null, null, null, null, null, null, null, null, null, null, null, null, null, null, null, null, null, null, null, null, null, null, null, null, null, null, null, null, null, null, null, null, null, null, null, null, null, 89, null, null, null, null, null, null, null, null, null, null, null, null, null, null, null, null, null, null, null, null, null, null, null, null, null, null, null, 100, null, null, null, null, '2019-04-22 09:19:00', 10, null, 0, null, null, null, null, null, null, null, null, null, null, null, null, null, null, null, null, null, 1, null, 2, null);
INSERT INTO gzx.t_format_info_obj (id, account_provision_date, amount, apply_days, approved_date, assessment_date, big_data_date, big_date_conclusion, certino, chain_family_evaluation_date, chain_family_fast_out_price, check_expiration_date, customer_capital_accountno, customer_capital_account_name, customer_capital_bank, customer_first_pay_days, deduction_date, deposit_certificates_date, exception_days, extension_fee, fee_date, file_collection_date, file_report_date, finish_date, first_extension_days, house_address, house_evaluate_price, house_ownership_expected_receive_date, house_ownership_real_receive_date, house_square, house_type, if_extension, loan_date, marital_status, next_aount, next_capital_account_name, next_capital_account_provider, next_capital_bank, next_exception_loan_date, next_house_other_receive_date, next_house_ownership_deposit_date, next_house_ownership_send_date, next_if_limit_purpose, next_if_notarization, next_interest_payment_date, next_loan_way, next_name, next_real_loan_date, next_verification_date, order_id, overdue_days, pay_interest_alert_date, property_owner, re_contract_date, reminder_date, reserved_repayment_date, spouse_certino, spouse_name, tell_up_days, title_certificateno, unzip_doc_expected_receive_date, unzip_doc_real_receive_date, unzip_doc_undeposit_date, up_capital_accountno, up_capital_account_name, up_capital_bank, up_if_house_deposit, up_if_overdue, up_name, up_overdue_days, up_penalty_interest, up_residue_capital, up_residue_interest, up_unzip_doc, verification_approval_date, verification_date, verification_notarization_date, state, next_integererest_payment_date, pay_integererest_alert_date, up_penalty_integererest, up_residue_integererest, create_time, creator, update_time, updator, belong_type, certi_address, certi_end_date, certi_issue, certi_start_date, covered_area, house_certi_no, house_get_way, house_ownership, house_purpose, house_rigth_type, house_unit_no, land_get_way, land_purpose, land_right_type, nationality, service_life, next_organ_type, apply_tel, house_area, mortgage_num) VALUES (26, null, null, null, null, null, null, null, null, null, null, null, null, null, null, null, null, null, null, null, null, null, null, null, null, null, null, null, null, null, null, null, null, null, null, null, null, null, null, null, null, null, null, null, null, null, null, null, null, 89, null, null, null, null, null, null, null, null, null, null, null, null, null, null, null, null, null, null, null, null, null, null, null, null, null, null, null, 100, null, null, null, null, '2019-04-22 09:30:33', 7, null, 0, null, null, null, null, null, null, null, null, null, null, null, null, null, null, null, null, null, 1, null, 2, null);
INSERT INTO gzx.t_format_info_obj (id, account_provision_date, amount, apply_days, approved_date, assessment_date, big_data_date, big_date_conclusion, certino, chain_family_evaluation_date, chain_family_fast_out_price, check_expiration_date, customer_capital_accountno, customer_capital_account_name, customer_capital_bank, customer_first_pay_days, deduction_date, deposit_certificates_date, exception_days, extension_fee, fee_date, file_collection_date, file_report_date, finish_date, first_extension_days, house_address, house_evaluate_price, house_ownership_expected_receive_date, house_ownership_real_receive_date, house_square, house_type, if_extension, loan_date, marital_status, next_aount, next_capital_account_name, next_capital_account_provider, next_capital_bank, next_exception_loan_date, next_house_other_receive_date, next_house_ownership_deposit_date, next_house_ownership_send_date, next_if_limit_purpose, next_if_notarization, next_interest_payment_date, next_loan_way, next_name, next_real_loan_date, next_verification_date, order_id, overdue_days, pay_interest_alert_date, property_owner, re_contract_date, reminder_date, reserved_repayment_date, spouse_certino, spouse_name, tell_up_days, title_certificateno, unzip_doc_expected_receive_date, unzip_doc_real_receive_date, unzip_doc_undeposit_date, up_capital_accountno, up_capital_account_name, up_capital_bank, up_if_house_deposit, up_if_overdue, up_name, up_overdue_days, up_penalty_interest, up_residue_capital, up_residue_interest, up_unzip_doc, verification_approval_date, verification_date, verification_notarization_date, state, next_integererest_payment_date, pay_integererest_alert_date, up_penalty_integererest, up_residue_integererest, create_time, creator, update_time, updator, belong_type, certi_address, certi_end_date, certi_issue, certi_start_date, covered_area, house_certi_no, house_get_way, house_ownership, house_purpose, house_rigth_type, house_unit_no, land_get_way, land_purpose, land_right_type, nationality, service_life, next_organ_type, apply_tel, house_area, mortgage_num) VALUES (27, null, null, null, null, null, null, null, null, null, null, null, null, null, null, null, null, null, null, null, null, null, null, null, null, null, null, null, null, null, null, null, null, null, null, null, null, null, null, null, null, null, null, null, null, null, null, null, null, 89, null, null, null, null, null, null, null, null, null, null, null, null, null, null, null, null, null, null, null, null, null, null, null, null, null, null, null, 100, null, null, null, null, '2019-04-22 09:31:09', 10, null, 0, null, null, null, null, null, null, null, null, null, null, null, null, null, null, null, null, null, 1, null, 2, null);
INSERT INTO gzx.t_format_info_obj (id, account_provision_date, amount, apply_days, approved_date, assessment_date, big_data_date, big_date_conclusion, certino, chain_family_evaluation_date, chain_family_fast_out_price, check_expiration_date, customer_capital_accountno, customer_capital_account_name, customer_capital_bank, customer_first_pay_days, deduction_date, deposit_certificates_date, exception_days, extension_fee, fee_date, file_collection_date, file_report_date, finish_date, first_extension_days, house_address, house_evaluate_price, house_ownership_expected_receive_date, house_ownership_real_receive_date, house_square, house_type, if_extension, loan_date, marital_status, next_aount, next_capital_account_name, next_capital_account_provider, next_capital_bank, next_exception_loan_date, next_house_other_receive_date, next_house_ownership_deposit_date, next_house_ownership_send_date, next_if_limit_purpose, next_if_notarization, next_interest_payment_date, next_loan_way, next_name, next_real_loan_date, next_verification_date, order_id, overdue_days, pay_interest_alert_date, property_owner, re_contract_date, reminder_date, reserved_repayment_date, spouse_certino, spouse_name, tell_up_days, title_certificateno, unzip_doc_expected_receive_date, unzip_doc_real_receive_date, unzip_doc_undeposit_date, up_capital_accountno, up_capital_account_name, up_capital_bank, up_if_house_deposit, up_if_overdue, up_name, up_overdue_days, up_penalty_interest, up_residue_capital, up_residue_interest, up_unzip_doc, verification_approval_date, verification_date, verification_notarization_date, state, next_integererest_payment_date, pay_integererest_alert_date, up_penalty_integererest, up_residue_integererest, create_time, creator, update_time, updator, belong_type, certi_address, certi_end_date, certi_issue, certi_start_date, covered_area, house_certi_no, house_get_way, house_ownership, house_purpose, house_rigth_type, house_unit_no, land_get_way, land_purpose, land_right_type, nationality, service_life, next_organ_type, apply_tel, house_area, mortgage_num) VALUES (28, null, null, null, null, null, null, null, null, null, null, null, null, null, null, null, '2019-10-09 16:00:00', null, null, null, null, null, null, null, null, null, null, null, null, null, null, null, null, null, null, null, null, null, null, null, null, null, null, null, null, null, null, null, null, 89, null, null, null, null, null, null, null, null, null, null, null, null, null, null, null, null, null, null, null, null, null, null, null, null, null, null, null, 1, null, null, null, null, '2019-04-22 09:31:34', 10, null, 0, null, null, null, null, null, null, null, null, null, null, null, null, null, null, null, null, null, 1, null, 2, null);
INSERT INTO gzx.t_format_info_obj (id, account_provision_date, amount, apply_days, approved_date, assessment_date, big_data_date, big_date_conclusion, certino, chain_family_evaluation_date, chain_family_fast_out_price, check_expiration_date, customer_capital_accountno, customer_capital_account_name, customer_capital_bank, customer_first_pay_days, deduction_date, deposit_certificates_date, exception_days, extension_fee, fee_date, file_collection_date, file_report_date, finish_date, first_extension_days, house_address, house_evaluate_price, house_ownership_expected_receive_date, house_ownership_real_receive_date, house_square, house_type, if_extension, loan_date, marital_status, next_aount, next_capital_account_name, next_capital_account_provider, next_capital_bank, next_exception_loan_date, next_house_other_receive_date, next_house_ownership_deposit_date, next_house_ownership_send_date, next_if_limit_purpose, next_if_notarization, next_interest_payment_date, next_loan_way, next_name, next_real_loan_date, next_verification_date, order_id, overdue_days, pay_interest_alert_date, property_owner, re_contract_date, reminder_date, reserved_repayment_date, spouse_certino, spouse_name, tell_up_days, title_certificateno, unzip_doc_expected_receive_date, unzip_doc_real_receive_date, unzip_doc_undeposit_date, up_capital_accountno, up_capital_account_name, up_capital_bank, up_if_house_deposit, up_if_overdue, up_name, up_overdue_days, up_penalty_interest, up_residue_capital, up_residue_interest, up_unzip_doc, verification_approval_date, verification_date, verification_notarization_date, state, next_integererest_payment_date, pay_integererest_alert_date, up_penalty_integererest, up_residue_integererest, create_time, creator, update_time, updator, belong_type, certi_address, certi_end_date, certi_issue, certi_start_date, covered_area, house_certi_no, house_get_way, house_ownership, house_purpose, house_rigth_type, house_unit_no, land_get_way, land_purpose, land_right_type, nationality, service_life, next_organ_type, apply_tel, house_area, mortgage_num) VALUES (29, '2019-10-09 16:00:00', null, null, null, null, null, '', null, null, null, '2019-10-09 16:00:00', null, null, null, 22, '2019-10-09 16:00:00', '2019-10-09 16:00:00', null, 22.00, null, '2019-10-09 16:00:00', null, null, 22, null, null, '2019-10-09 16:00:00', null, null, null, 2, null, null, 222.00, '222', '1', '222', '2019-10-09 16:00:00', '2019-10-09 16:00:00', '2019-10-09 16:00:00', '2019-10-09 16:00:00', 1, 1, null, 1, '222', '2019-10-09 16:00:00', '2019-10-09 16:00:00', 90, 22, null, null, '2019-10-09 16:00:00', null, '2019-10-09 16:00:00', null, null, 22, null, '2019-10-09 16:00:00', null, '2019-10-09 16:00:00', '222', '222', '222', 1, 1, '222', 22, 222.00, 222.00, 222.00, null, '2019-10-09 16:00:00', '2019-10-09 16:00:00', '2019-10-09 16:00:00', 1, null, null, null, null, '2019-04-22 10:40:08', 0, '2019-04-22 15:04:55', 14, null, null, null, null, null, null, null, null, null, null, null, null, null, null, null, null, null, 1, null, 2, null);
INSERT INTO gzx.t_format_info_obj (id, account_provision_date, amount, apply_days, approved_date, assessment_date, big_data_date, big_date_conclusion, certino, chain_family_evaluation_date, chain_family_fast_out_price, check_expiration_date, customer_capital_accountno, customer_capital_account_name, customer_capital_bank, customer_first_pay_days, deduction_date, deposit_certificates_date, exception_days, extension_fee, fee_date, file_collection_date, file_report_date, finish_date, first_extension_days, house_address, house_evaluate_price, house_ownership_expected_receive_date, house_ownership_real_receive_date, house_square, house_type, if_extension, loan_date, marital_status, next_aount, next_capital_account_name, next_capital_account_provider, next_capital_bank, next_exception_loan_date, next_house_other_receive_date, next_house_ownership_deposit_date, next_house_ownership_send_date, next_if_limit_purpose, next_if_notarization, next_interest_payment_date, next_loan_way, next_name, next_real_loan_date, next_verification_date, order_id, overdue_days, pay_interest_alert_date, property_owner, re_contract_date, reminder_date, reserved_repayment_date, spouse_certino, spouse_name, tell_up_days, title_certificateno, unzip_doc_expected_receive_date, unzip_doc_real_receive_date, unzip_doc_undeposit_date, up_capital_accountno, up_capital_account_name, up_capital_bank, up_if_house_deposit, up_if_overdue, up_name, up_overdue_days, up_penalty_interest, up_residue_capital, up_residue_interest, up_unzip_doc, verification_approval_date, verification_date, verification_notarization_date, state, next_integererest_payment_date, pay_integererest_alert_date, up_penalty_integererest, up_residue_integererest, create_time, creator, update_time, updator, belong_type, certi_address, certi_end_date, certi_issue, certi_start_date, covered_area, house_certi_no, house_get_way, house_ownership, house_purpose, house_rigth_type, house_unit_no, land_get_way, land_purpose, land_right_type, nationality, service_life, next_organ_type, apply_tel, house_area, mortgage_num) VALUES (30, null, null, null, null, '2019-10-09 16:00:00', '2019-09-08 16:00:00', '通过', null, '2019-08-18 16:00:00', 100.00, null, null, null, null, null, null, null, null, null, null, null, null, null, null, null, 100.00, null, null, null, null, null, null, null, null, null, null, null, null, null, null, null, null, null, null, null, null, null, null, 91, null, null, null, null, null, null, null, null, null, null, null, null, null, null, null, null, null, null, null, null, null, null, null, null, null, null, null, 1, null, null, null, null, '2019-04-22 15:00:08', 0, '2019-04-22 15:05:20', 14, null, null, null, null, null, null, null, null, null, null, null, null, null, null, null, null, null, 1, null, 2, null);
INSERT INTO gzx.t_format_info_obj (id, account_provision_date, amount, apply_days, approved_date, assessment_date, big_data_date, big_date_conclusion, certino, chain_family_evaluation_date, chain_family_fast_out_price, check_expiration_date, customer_capital_accountno, customer_capital_account_name, customer_capital_bank, customer_first_pay_days, deduction_date, deposit_certificates_date, exception_days, extension_fee, fee_date, file_collection_date, file_report_date, finish_date, first_extension_days, house_address, house_evaluate_price, house_ownership_expected_receive_date, house_ownership_real_receive_date, house_square, house_type, if_extension, loan_date, marital_status, next_aount, next_capital_account_name, next_capital_account_provider, next_capital_bank, next_exception_loan_date, next_house_other_receive_date, next_house_ownership_deposit_date, next_house_ownership_send_date, next_if_limit_purpose, next_if_notarization, next_interest_payment_date, next_loan_way, next_name, next_real_loan_date, next_verification_date, order_id, overdue_days, pay_interest_alert_date, property_owner, re_contract_date, reminder_date, reserved_repayment_date, spouse_certino, spouse_name, tell_up_days, title_certificateno, unzip_doc_expected_receive_date, unzip_doc_real_receive_date, unzip_doc_undeposit_date, up_capital_accountno, up_capital_account_name, up_capital_bank, up_if_house_deposit, up_if_overdue, up_name, up_overdue_days, up_penalty_interest, up_residue_capital, up_residue_interest, up_unzip_doc, verification_approval_date, verification_date, verification_notarization_date, state, next_integererest_payment_date, pay_integererest_alert_date, up_penalty_integererest, up_residue_integererest, create_time, creator, update_time, updator, belong_type, certi_address, certi_end_date, certi_issue, certi_start_date, covered_area, house_certi_no, house_get_way, house_ownership, house_purpose, house_rigth_type, house_unit_no, land_get_way, land_purpose, land_right_type, nationality, service_life, next_organ_type, apply_tel, house_area, mortgage_num) VALUES (31, '2019-10-09 16:00:00', null, null, null, '2019-10-09 16:00:00', '2019-09-08 16:00:00', '通过', '000', '2019-08-18 16:00:00', 100.00, '2019-10-09 16:00:00', '000', '000', '000', 22, '2019-10-09 16:00:00', '2019-10-09 16:00:00', null, null, null, '2019-10-09 16:00:00', null, null, null, '222', 100.00, '2019-10-09 16:00:00', null, 222.00, 1, 2, null, 1, 22.00, '22', '1', '22', '2019-10-09 16:00:00', '2019-10-09 16:00:00', '2019-10-09 16:00:00', '2019-10-09 16:00:00', 2, 1, null, 1, '22', '2019-10-09 16:00:00', '2019-10-09 16:00:00', 92, null, null, '0000', null, null, '2019-12-08 16:00:00', '', '', 22, '000', '2019-10-09 16:00:00', null, '2019-10-09 16:00:00', '222', '22', '222', 1, 2, '222', null, 22.00, 222.00, 22.00, null, '2019-10-09 16:00:00', '2019-10-09 16:00:00', '2019-10-09 16:00:00', 1, null, null, null, null, '2019-04-24 00:28:12', 0, '2019-04-24 02:05:43', 14, '111', '000', '2025-10-09 16:00:00', '000', '2009-10-09 16:00:00', 111.00, '000', '000', null, '000', '000', '111', '000', '000', '222', '111', '111', 1, '', 3, 2);
INSERT INTO gzx.t_format_info_obj (id, account_provision_date, amount, apply_days, approved_date, assessment_date, big_data_date, big_date_conclusion, certino, chain_family_evaluation_date, chain_family_fast_out_price, check_expiration_date, customer_capital_accountno, customer_capital_account_name, customer_capital_bank, customer_first_pay_days, deduction_date, deposit_certificates_date, exception_days, extension_fee, fee_date, file_collection_date, file_report_date, finish_date, first_extension_days, house_address, house_evaluate_price, house_ownership_expected_receive_date, house_ownership_real_receive_date, house_square, house_type, if_extension, loan_date, marital_status, next_aount, next_capital_account_name, next_capital_account_provider, next_capital_bank, next_exception_loan_date, next_house_other_receive_date, next_house_ownership_deposit_date, next_house_ownership_send_date, next_if_limit_purpose, next_if_notarization, next_interest_payment_date, next_loan_way, next_name, next_real_loan_date, next_verification_date, order_id, overdue_days, pay_interest_alert_date, property_owner, re_contract_date, reminder_date, reserved_repayment_date, spouse_certino, spouse_name, tell_up_days, title_certificateno, unzip_doc_expected_receive_date, unzip_doc_real_receive_date, unzip_doc_undeposit_date, up_capital_accountno, up_capital_account_name, up_capital_bank, up_if_house_deposit, up_if_overdue, up_name, up_overdue_days, up_penalty_interest, up_residue_capital, up_residue_interest, up_unzip_doc, verification_approval_date, verification_date, verification_notarization_date, state, next_integererest_payment_date, pay_integererest_alert_date, up_penalty_integererest, up_residue_integererest, create_time, creator, update_time, updator, belong_type, certi_address, certi_end_date, certi_issue, certi_start_date, covered_area, house_certi_no, house_get_way, house_ownership, house_purpose, house_rigth_type, house_unit_no, land_get_way, land_purpose, land_right_type, nationality, service_life, next_organ_type, apply_tel, house_area, mortgage_num) VALUES (32, null, null, null, null, null, null, null, null, null, null, null, null, null, null, null, null, null, null, null, null, null, null, null, null, null, null, null, null, null, null, null, null, null, null, null, null, null, null, null, null, null, null, null, null, null, null, null, null, 93, null, null, null, null, null, null, null, null, null, null, null, null, null, null, null, null, null, null, null, null, null, null, null, null, null, null, null, 1, null, null, null, null, '2019-04-24 02:00:08', 0, null, 0, null, '房屋(构筑物)所有权', '2015-09-06 16:00:00', null, '2005-09-06 16:00:00', null, null, '出让', null, '成套住宅', null, null, '出让', '城镇住宅用地', null, '国有建设用地使用权', null, null, null, null, null);
INSERT INTO gzx.t_format_info_obj (id, account_provision_date, amount, apply_days, approved_date, assessment_date, big_data_date, big_date_conclusion, certino, chain_family_evaluation_date, chain_family_fast_out_price, check_expiration_date, customer_capital_accountno, customer_capital_account_name, customer_capital_bank, customer_first_pay_days, deduction_date, deposit_certificates_date, exception_days, extension_fee, fee_date, file_collection_date, file_report_date, finish_date, first_extension_days, house_address, house_evaluate_price, house_ownership_expected_receive_date, house_ownership_real_receive_date, house_square, house_type, if_extension, loan_date, marital_status, next_aount, next_capital_account_name, next_capital_account_provider, next_capital_bank, next_exception_loan_date, next_house_other_receive_date, next_house_ownership_deposit_date, next_house_ownership_send_date, next_if_limit_purpose, next_if_notarization, next_interest_payment_date, next_loan_way, next_name, next_real_loan_date, next_verification_date, order_id, overdue_days, pay_interest_alert_date, property_owner, re_contract_date, reminder_date, reserved_repayment_date, spouse_certino, spouse_name, tell_up_days, title_certificateno, unzip_doc_expected_receive_date, unzip_doc_real_receive_date, unzip_doc_undeposit_date, up_capital_accountno, up_capital_account_name, up_capital_bank, up_if_house_deposit, up_if_overdue, up_name, up_overdue_days, up_penalty_interest, up_residue_capital, up_residue_interest, up_unzip_doc, verification_approval_date, verification_date, verification_notarization_date, state, next_integererest_payment_date, pay_integererest_alert_date, up_penalty_integererest, up_residue_integererest, create_time, creator, update_time, updator, belong_type, certi_address, certi_end_date, certi_issue, certi_start_date, covered_area, house_certi_no, house_get_way, house_ownership, house_purpose, house_rigth_type, house_unit_no, land_get_way, land_purpose, land_right_type, nationality, service_life, next_organ_type, apply_tel, house_area, mortgage_num) VALUES (33, null, null, null, null, null, null, null, null, null, null, null, null, null, null, null, null, null, null, null, null, null, null, null, null, '西工区纱厂北路101号升龙广场C区7号楼1单元602', null, null, null, 128.24, null, null, null, null, null, null, null, null, null, null, null, null, null, null, null, null, null, null, null, 94, null, null, null, null, null, null, null, null, null, null, null, null, null, null, null, null, null, null, null, null, null, null, null, null, null, null, null, 1, null, null, null, null, '2019-04-24 03:00:32', 0, null, 0, '单独所有', '华盛顿特区宾夕法尼亚大道1600号', '2015-09-06 16:00:00', '新丰县公安局', '2005-09-06 16:00:00', null, null, '出让', null, '成套住宅', '房屋(构筑物)所有权', '410121003018Gb00337F00011602', '出让', '城镇住宅用地', '国有建设用地使用权', '汉', '国有建设用地使用权利2089年04月21日止', null, null, null, null);
INSERT INTO gzx.t_hr_action (id, create_time, creator, name, state, update_time, updator, busi_type) VALUES (1, '2019-03-08 09:01:35', 0, '录入订单', 100, '2019-03-20 04:51:06', 0, 1);
INSERT INTO gzx.t_hr_action (id, create_time, creator, name, state, update_time, updator, busi_type) VALUES (2, '2019-03-08 09:02:09', 0, '上传资料', 100, '2019-03-20 04:51:04', 0, 1);
INSERT INTO gzx.t_hr_action (id, create_time, creator, name, state, update_time, updator, busi_type) VALUES (3, '2019-03-08 09:02:58', 0, '录入客户', 100, '2019-03-20 04:51:06', 0, 1);
INSERT INTO gzx.t_hr_action (id, create_time, creator, name, state, update_time, updator, busi_type) VALUES (4, '2019-03-08 09:03:27', 0, '匹配产品', 100, '2019-03-20 04:51:07', 0, 1);
INSERT INTO gzx.t_hr_action (id, create_time, creator, name, state, update_time, updator, busi_type) VALUES (5, '2019-03-08 09:03:46', 0, '下户完成', 100, '2019-03-20 04:51:07', 0, 1);
INSERT INTO gzx.t_hr_action (id, create_time, creator, name, state, update_time, updator, busi_type) VALUES (6, '2019-03-08 09:04:03', 0, '材料复核完成', 100, '2019-03-20 04:51:08', 0, 1);
INSERT INTO gzx.t_hr_action (id, create_time, creator, name, state, update_time, updator, busi_type) VALUES (7, '2019-03-08 09:04:11', 0, '产品复核完成', 100, '2019-03-20 04:51:08', 0, 1);
INSERT INTO gzx.t_hr_action (id, create_time, creator, name, state, update_time, updator, busi_type) VALUES (8, '2019-03-08 09:04:20', 0, '申请材料提交给银行', 100, '2019-03-20 04:51:09', 0, 1);
INSERT INTO gzx.t_hr_action (id, create_time, creator, name, state, update_time, updator, busi_type) VALUES (9, '2019-03-08 09:07:47', 0, '财务收费', 100, '2019-03-20 04:51:10', 0, 1);
INSERT INTO gzx.t_hr_action (id, create_time, creator, name, state, update_time, updator, busi_type) VALUES (10, '2019-03-08 09:08:42', 0, '材料已归档', 100, '2019-03-20 04:51:11', 0, 1);
INSERT INTO gzx.t_hr_action (id, create_time, creator, name, state, update_time, updator, busi_type) VALUES (11, '2019-03-08 09:08:58', 0, '订单完结', 100, '2019-03-20 04:51:12', 0, 1);
INSERT INTO gzx.t_hr_action (id, create_time, creator, name, state, update_time, updator, busi_type) VALUES (16, '2019-03-20 04:53:39', 0, '预收', 1, null, 0, 1);
INSERT INTO gzx.t_hr_action (id, create_time, creator, name, state, update_time, updator, busi_type) VALUES (17, '2019-03-20 04:54:33', 0, '初审', 1, null, 0, 1);
INSERT INTO gzx.t_hr_action (id, create_time, creator, name, state, update_time, updator, busi_type) VALUES (18, '2019-03-20 04:55:08', 0, '初审', 1, null, 0, 1);
INSERT INTO gzx.t_hr_action (id, create_time, creator, name, state, update_time, updator, busi_type) VALUES (19, '2019-03-20 04:55:45', 0, '补充材料', 1, null, 0, 1);
INSERT INTO gzx.t_hr_action (id, create_time, creator, name, state, update_time, updator, busi_type) VALUES (20, '2019-03-20 04:56:07', 0, '复审', 1, null, 0, 1);
INSERT INTO gzx.t_hr_action (id, create_time, creator, name, state, update_time, updator, busi_type) VALUES (21, '2019-03-20 04:58:08', 0, '下户完成', 1, null, 0, 1);
INSERT INTO gzx.t_hr_action (id, create_time, creator, name, state, update_time, updator, busi_type) VALUES (22, '2019-03-20 04:59:11', 0, '签约', 1, null, 0, 1);
INSERT INTO gzx.t_hr_action (id, create_time, creator, name, state, update_time, updator, busi_type) VALUES (23, '2019-03-20 05:00:30', 0, '提交给机构', 1, null, 0, 1);
INSERT INTO gzx.t_hr_action (id, create_time, creator, name, state, update_time, updator, busi_type) VALUES (24, '2019-03-20 05:00:58', 0, '归档', 1, null, 0, 1);
INSERT INTO gzx.t_hr_action (id, create_time, creator, name, state, update_time, updator, busi_type) VALUES (25, '2019-03-20 05:01:24', 0, '放款', 1, null, 0, 1);
INSERT INTO gzx.t_hr_action (id, create_time, creator, name, state, update_time, updator, busi_type) VALUES (26, '2019-03-20 05:01:56', 0, '确认扣款成功', 1, null, 0, 1);
INSERT INTO gzx.t_hr_action (id, create_time, creator, name, state, update_time, updator, busi_type) VALUES (27, '2019-03-20 05:02:47', 0, '解抵押', 1, null, 0, 1);
INSERT INTO gzx.t_hr_action (id, create_time, creator, name, state, update_time, updator, busi_type) VALUES (28, '2019-03-20 05:03:22', 0, '给下家材料', 1, null, 0, 1);
INSERT INTO gzx.t_hr_action (id, create_time, creator, name, state, update_time, updator, busi_type) VALUES (29, '2019-03-20 05:04:12', 0, '和下家抵押', 1, null, 0, 1);
INSERT INTO gzx.t_hr_action (id, create_time, creator, name, state, update_time, updator, busi_type) VALUES (30, '2019-03-20 05:04:43', 0, '回款完成', 1, null, 0, 1);
INSERT INTO gzx.t_hr_action (id, create_time, creator, name, state, update_time, updator, busi_type) VALUES (31, '2019-03-20 05:05:23', 0, '交接完成', 1, null, 0, 1);
INSERT INTO gzx.t_hr_action (id, create_time, creator, name, state, update_time, updator, busi_type) VALUES (32, '2019-03-20 05:05:55', 0, '开完结清证明', 1, null, 0, 1);
INSERT INTO gzx.t_hr_action (id, create_time, creator, name, state, update_time, updator, busi_type) VALUES (33, '2019-03-21 19:37:32', 0, '添加订单', 1, null, 0, 1);
INSERT INTO gzx.t_hr_action (id, create_time, creator, name, state, update_time, updator, busi_type) VALUES (34, '2019-03-21 19:37:32', 0, '完善信息', 1, null, 0, 1);
INSERT INTO gzx.t_hr_action (id, create_time, creator, name, state, update_time, updator, busi_type) VALUES (35, '2019-03-21 19:37:32', 0, '添加订单', 1, null, 0, 1);
INSERT INTO gzx.t_hr_action (id, create_time, creator, name, state, update_time, updator, busi_type) VALUES (36, '2019-03-21 19:37:32', 0, '初审', 1, null, 0, 1);
INSERT INTO gzx.t_hr_action (id, create_time, creator, name, state, update_time, updator, busi_type) VALUES (37, '2019-03-21 19:37:32', 0, '联系客户', 1, null, 0, 1);
INSERT INTO gzx.t_hr_action (id, create_time, creator, name, state, update_time, updator, busi_type) VALUES (38, '2019-03-21 19:37:32', 0, '复审', 1, null, 0, 1);
INSERT INTO gzx.t_hr_action (id, create_time, creator, name, state, update_time, updator, busi_type) VALUES (39, '2019-03-21 19:37:32', 0, '收下户费', 1, null, 0, 1);
INSERT INTO gzx.t_hr_action (id, create_time, creator, name, state, update_time, updator, busi_type) VALUES (40, '2019-03-21 19:37:32', 0, '下户', 1, null, 0, 1);
INSERT INTO gzx.t_hr_action (id, create_time, creator, name, state, update_time, updator, busi_type) VALUES (41, '2019-03-21 19:37:32', 0, '汇审', 1, null, 0, 1);
INSERT INTO gzx.t_hr_action (id, create_time, creator, name, state, update_time, updator, busi_type) VALUES (42, '2019-03-21 19:37:32', 0, '签约', 1, null, 0, 1);
INSERT INTO gzx.t_hr_action (id, create_time, creator, name, state, update_time, updator, busi_type) VALUES (43, '2019-03-21 19:37:32', 0, '收服务费', 1, null, 0, 1);
INSERT INTO gzx.t_hr_action (id, create_time, creator, name, state, update_time, updator, busi_type) VALUES (44, '2019-03-21 19:37:32', 0, '上报机构', 1, null, 0, 1);
INSERT INTO gzx.t_hr_action (id, create_time, creator, name, state, update_time, updator, busi_type) VALUES (45, '2019-03-21 19:37:32', 0, '总经理审批', 1, null, 0, 1);
INSERT INTO gzx.t_hr_action (id, create_time, creator, name, state, update_time, updator, busi_type) VALUES (46, '2019-03-21 19:37:32', 0, '退服务费', 1, null, 0, 1);
INSERT INTO gzx.t_hr_action (id, create_time, creator, name, state, update_time, updator, busi_type) VALUES (47, '2019-03-21 19:37:32', 0, '放款', 1, null, 0, 1);
INSERT INTO gzx.t_hr_action (id, create_time, creator, name, state, update_time, updator, busi_type) VALUES (48, '2019-03-21 19:37:32', 0, '检查扣款', 1, null, 0, 1);
INSERT INTO gzx.t_hr_action (id, create_time, creator, name, state, update_time, updator, busi_type) VALUES (49, '2019-03-21 19:37:32', 0, '领解押材料', 1, null, 0, 1);
INSERT INTO gzx.t_hr_action (id, create_time, creator, name, state, update_time, updator, busi_type) VALUES (50, '2019-03-21 19:37:32', 0, '给下家材料', 1, null, 0, 1);
INSERT INTO gzx.t_hr_action (id, create_time, creator, name, state, update_time, updator, busi_type) VALUES (51, '2019-03-21 19:37:32', 0, '回款', 1, null, 0, 1);
INSERT INTO gzx.t_hr_action (id, create_time, creator, name, state, update_time, updator, busi_type) VALUES (52, '2019-03-21 19:37:32', 0, '交接材料', 1, null, 0, 1);
INSERT INTO gzx.t_hr_action (id, create_time, creator, name, state, update_time, updator, busi_type) VALUES (53, '2019-03-21 19:37:32', 0, '开结清证明', 1, null, 0, 1);
INSERT INTO gzx.t_hr_action (id, create_time, creator, name, state, update_time, updator, busi_type) VALUES (55, '2019-03-21 19:40:33', 0, '全部', 1, null, 0, 1);
INSERT INTO gzx.t_hr_dept (id, create_time, creator, name, state, update_time, updator) VALUES (0, '2019-03-14 19:25:41', 0, '全部', 1, '2019-03-20 04:48:16', 0);
INSERT INTO gzx.t_hr_dept (id, create_time, creator, name, state, update_time, updator) VALUES (1, '2019-03-08 00:49:01', 0, '销售部', 100, '2019-03-20 04:26:39', 0);
INSERT INTO gzx.t_hr_dept (id, create_time, creator, name, state, update_time, updator) VALUES (2, '2019-03-08 00:49:07', 0, '风控部', 1, '2019-03-20 04:48:20', 0);
INSERT INTO gzx.t_hr_dept (id, create_time, creator, name, state, update_time, updator) VALUES (3, '2019-03-08 09:07:20', 0, '财务部', 100, '2019-03-20 04:27:02', 0);
INSERT INTO gzx.t_hr_dept (id, create_time, creator, name, state, update_time, updator) VALUES (5, '2019-03-20 04:26:59', 0, '市场部', 1, '2019-03-20 04:48:28', 0);
INSERT INTO gzx.t_hr_dept (id, create_time, creator, name, state, update_time, updator) VALUES (6, '2019-03-20 04:48:40', 0, '人力行政财务部', 1, null, 0);
INSERT INTO gzx.t_hr_dept (id, create_time, creator, name, state, update_time, updator) VALUES (7, '2019-03-22 10:00:40', 0, 'IT', 1, null, 0);
INSERT INTO gzx.t_hr_employee (id, address, birthday, card_no, certi_code, city, create_time, creator, dept, emg_name, emg_phone, hiredate, leavedate, manage_grade, name, phone, position, salary, state, tech_grade, update_time, updator, user_id, user_name) VALUES (0, null, null, null, null, 0, null, 0, 0, null, null, null, null, 0, '全部', null, 0, null, 1, 0, null, 0, 0, null);
INSERT INTO gzx.t_hr_employee (id, address, birthday, card_no, certi_code, city, create_time, creator, dept, emg_name, emg_phone, hiredate, leavedate, manage_grade, name, phone, position, salary, state, tech_grade, update_time, updator, user_id, user_name) VALUES (1, '22', '2019-02-19 10:00:00', '22', '222', 0, '2019-02-26 05:55:59', 0, 2, '22', '22', '2019-02-19 10:00:00', '2019-02-19 10:00:00', 2, '王润海', '22', 2, 4000.00, 100, 2, '2019-03-22 09:59:32', 0, 1, null);
INSERT INTO gzx.t_hr_employee (id, address, birthday, card_no, certi_code, city, create_time, creator, dept, emg_name, emg_phone, hiredate, leavedate, manage_grade, name, phone, position, salary, state, tech_grade, update_time, updator, user_id, user_name) VALUES (5, '33', '2019-02-19 10:00:00', '33', '333', 1, '2019-03-08 10:51:59', 0, 2, '33', '33', '2019-02-19 10:00:00', '2019-02-19 10:00:00', 1, '王二', '22', 2, 33.00, 100, 1, '2019-03-22 09:59:30', 0, 4, null);
INSERT INTO gzx.t_hr_employee (id, address, birthday, card_no, certi_code, city, create_time, creator, dept, emg_name, emg_phone, hiredate, leavedate, manage_grade, name, phone, position, salary, state, tech_grade, update_time, updator, user_id, user_name) VALUES (6, '22', '1983-09-17 11:00:00', '22', '222', 1, '2019-03-20 21:59:36', 0, 2, '22', '22', '2013-03-18 11:00:00', null, 2, '小松', '22', 7, 4000.00, 100, 3, '2019-03-22 09:59:28', 0, 0, null);
INSERT INTO gzx.t_hr_employee (id, address, birthday, card_no, certi_code, city, create_time, creator, dept, emg_name, emg_phone, hiredate, leavedate, manage_grade, name, phone, position, salary, state, tech_grade, update_time, updator, user_id, user_name) VALUES (7, '22', '1983-09-17 11:00:00', '22', '410726197906105416', 1, '2019-03-22 10:05:10', 0, 7, '22', '22', '2013-03-18 11:00:00', null, 4, '王润海', '18611300304', 16, 4000.00, 1, 3, null, 0, 0, null);
INSERT INTO gzx.t_hr_employee (id, address, birthday, card_no, certi_code, city, create_time, creator, dept, emg_name, emg_phone, hiredate, leavedate, manage_grade, name, phone, position, salary, state, tech_grade, update_time, updator, user_id, user_name) VALUES (8, '22', '1983-09-17 11:00:00', '22', '111', 1, '2019-03-22 10:06:19', 0, 2, '22', '22', '2013-03-18 11:00:00', null, 4, '王海明', '22', 14, 4000.00, 1, 3, '2019-03-22 10:24:54', 0, 7, null);
INSERT INTO gzx.t_hr_employee (id, address, birthday, card_no, certi_code, city, create_time, creator, dept, emg_name, emg_phone, hiredate, leavedate, manage_grade, name, phone, position, salary, state, tech_grade, update_time, updator, user_id, user_name) VALUES (9, '22', '1983-09-17 11:00:00', '22', '410726197906105416', 1, '2019-03-22 10:07:51', 0, 2, '22', '22', '2013-03-18 11:00:00', null, 3, '刘小松', '22', 7, 4000.00, 1, 3, '2019-03-22 10:25:20', 0, 9, null);
INSERT INTO gzx.t_hr_employee (id, address, birthday, card_no, certi_code, city, create_time, creator, dept, emg_name, emg_phone, hiredate, leavedate, manage_grade, name, phone, position, salary, state, tech_grade, update_time, updator, user_id, user_name) VALUES (10, '22', '1983-09-17 11:00:00', '22', '22', 1, '2019-03-22 10:08:59', 0, 2, '22', '22', '2013-03-18 11:00:00', null, 4, '刘雅胜', '22', 6, 4000.00, 1, 3, '2019-03-22 10:25:11', 0, 8, null);
INSERT INTO gzx.t_hr_employee (id, address, birthday, card_no, certi_code, city, create_time, creator, dept, emg_name, emg_phone, hiredate, leavedate, manage_grade, name, phone, position, salary, state, tech_grade, update_time, updator, user_id, user_name) VALUES (11, '', '1983-09-17 11:00:00', '', '222', 1, '2019-03-22 10:33:41', 0, 5, '', '', '2013-03-18 11:00:00', null, 2, '张销售', '', 11, 4000.00, 1, 2, '2019-03-22 10:45:43', 0, 13, null);
INSERT INTO gzx.t_hr_employee (id, address, birthday, card_no, certi_code, city, create_time, creator, dept, emg_name, emg_phone, hiredate, leavedate, manage_grade, name, phone, position, salary, state, tech_grade, update_time, updator, user_id, user_name) VALUES (12, '', '1983-09-17 11:00:00', '', '222', 1, '2019-03-22 10:11:03', 0, 6, '', '', '2013-03-18 11:00:00', null, 3, '李新', '', 12, 4000.00, 1, 3, '2019-03-22 10:25:38', 0, 10, null);
INSERT INTO gzx.t_hr_employee (id, address, birthday, card_no, certi_code, city, create_time, creator, dept, emg_name, emg_phone, hiredate, leavedate, manage_grade, name, phone, position, salary, state, tech_grade, update_time, updator, user_id, user_name) VALUES (13, '', '1983-09-17 11:00:00', '', '222', 1, '2019-03-22 10:12:06', 0, 5, '', '', '2013-03-18 11:00:00', null, 2, '和许', '', 8, 4000.00, 1, 2, '2019-03-22 10:46:42', 0, 14, null);
INSERT INTO gzx.t_hr_employee (id, address, birthday, card_no, certi_code, city, create_time, creator, dept, emg_name, emg_phone, hiredate, leavedate, manage_grade, name, phone, position, salary, state, tech_grade, update_time, updator, user_id, user_name) VALUES (14, '22', '1983-09-17 11:00:00', '22', '222', 1, '2019-03-28 01:04:02', 0, 5, '22', '22', '2013-03-18 11:00:00', null, 2, '王销售', '22', 11, 4000.00, 1, 1, '2019-03-28 06:49:05', 0, 15, null);
INSERT INTO gzx.t_hr_employee (id, address, birthday, card_no, certi_code, city, create_time, creator, dept, emg_name, emg_phone, hiredate, leavedate, manage_grade, name, phone, position, salary, state, tech_grade, update_time, updator, user_id, user_name) VALUES (15, '22', '1983-09-17 11:00:00', '22', '222', 1, '2019-03-28 07:07:56', 0, 5, '22', '22', '2013-03-18 11:00:00', null, 2, '张小溪', '22', 11, 4000.00, 1, 1, '2019-03-28 07:08:28', 0, 16, 'zhangxx');
INSERT INTO gzx.t_hr_position (id, create_time, creator, dept_id, is_commission, level, name, salary_max, salary_min, state, update_time, updator) VALUES (0, '2019-03-14 07:05:54', 0, 0, 0, 0, '全部', null, null, 1, null, 0);
INSERT INTO gzx.t_hr_position (id, create_time, creator, dept_id, is_commission, level, name, salary_max, salary_min, state, update_time, updator) VALUES (1, '2019-03-08 01:04:09', 0, 2, 1, 3, '风控管理岗', null, null, 100, '2019-03-20 04:48:58', 0);
INSERT INTO gzx.t_hr_position (id, create_time, creator, dept_id, is_commission, level, name, salary_max, salary_min, state, update_time, updator) VALUES (2, '2019-03-08 01:04:19', 0, 1, 1, 2, '销售岗', null, null, 100, '2019-03-20 04:48:59', 0);
INSERT INTO gzx.t_hr_position (id, create_time, creator, dept_id, is_commission, level, name, salary_max, salary_min, state, update_time, updator) VALUES (3, '2019-03-08 09:07:25', 0, 1, 0, 1, '财务出纳', null, null, 100, '2019-03-20 04:48:59', 0);
INSERT INTO gzx.t_hr_position (id, create_time, creator, dept_id, is_commission, level, name, salary_max, salary_min, state, update_time, updator) VALUES (4, '2019-03-13 20:51:16', 0, 3, 2, 1, '会计岗', null, null, 100, '2019-03-20 04:49:00', 0);
INSERT INTO gzx.t_hr_position (id, create_time, creator, dept_id, is_commission, level, name, salary_max, salary_min, state, update_time, updator) VALUES (6, '2019-03-20 06:14:08', 0, 2, 1, 1, '风控总监岗', null, null, 1, null, 0);
INSERT INTO gzx.t_hr_position (id, create_time, creator, dept_id, is_commission, level, name, salary_max, salary_min, state, update_time, updator) VALUES (7, '2019-03-20 04:49:43', 0, 2, 1, 1, '风控专员岗', null, null, 1, null, 0);
INSERT INTO gzx.t_hr_position (id, create_time, creator, dept_id, is_commission, level, name, salary_max, salary_min, state, update_time, updator) VALUES (8, '2019-03-20 04:49:54', 0, 2, 1, 1, '运营岗', null, null, 1, null, 0);
INSERT INTO gzx.t_hr_position (id, create_time, creator, dept_id, is_commission, level, name, salary_max, salary_min, state, update_time, updator) VALUES (9, '2019-03-20 04:50:12', 0, 5, 1, 1, '市场总监', null, null, 1, null, 0);
INSERT INTO gzx.t_hr_position (id, create_time, creator, dept_id, is_commission, level, name, salary_max, salary_min, state, update_time, updator) VALUES (10, '2019-03-20 04:50:28', 0, 5, 1, 1, '团队经理', null, null, 1, null, 0);
INSERT INTO gzx.t_hr_position (id, create_time, creator, dept_id, is_commission, level, name, salary_max, salary_min, state, update_time, updator) VALUES (11, '2019-03-20 04:50:39', 0, 5, 1, 1, '业务员', null, null, 1, null, 0);
INSERT INTO gzx.t_hr_position (id, create_time, creator, dept_id, is_commission, level, name, salary_max, salary_min, state, update_time, updator) VALUES (12, '2019-03-20 04:50:54', 0, 6, 2, 1, '财务出纳', null, null, 1, null, 0);
INSERT INTO gzx.t_hr_position (id, create_time, creator, dept_id, is_commission, level, name, salary_max, salary_min, state, update_time, updator) VALUES (13, '2019-03-20 06:11:23', 0, 2, 1, 1, '风控总监岗', null, null, 100, '2019-03-20 06:11:37', 0);
INSERT INTO gzx.t_hr_position (id, create_time, creator, dept_id, is_commission, level, name, salary_max, salary_min, state, update_time, updator) VALUES (14, '2019-03-21 06:41:55', 0, 5, 2, 1, '总经理', null, null, 1, null, 0);
INSERT INTO gzx.t_hr_position (id, create_time, creator, dept_id, is_commission, level, name, salary_max, salary_min, state, update_time, updator) VALUES (15, '2019-03-21 10:11:30', 0, 2, 1, 1, '汇审岗', null, null, 1, null, 0);
INSERT INTO gzx.t_hr_position (id, create_time, creator, dept_id, is_commission, level, name, salary_max, salary_min, state, update_time, updator) VALUES (16, '2019-03-22 10:04:20', 0, 7, 2, 1, 'IT管理员岗', null, null, 1, null, 0);
INSERT INTO gzx.t_mis_period (id, create_time, creator, end_date, name, start_date, state, update_time, updator) VALUES (1, '2019-03-30 08:56:07', 0, null, '当前周', null, 1, null, 0);
INSERT INTO gzx.t_mis_period (id, create_time, creator, end_date, name, start_date, state, update_time, updator) VALUES (2, '2019-03-30 08:56:21', 0, null, '当前月', null, 1, null, 0);
INSERT INTO gzx.t_mis_period (id, create_time, creator, end_date, name, start_date, state, update_time, updator) VALUES (3, '2019-03-30 08:56:29', 0, null, '上一周', null, 1, null, 0);
INSERT INTO gzx.t_mis_period (id, create_time, creator, end_date, name, start_date, state, update_time, updator) VALUES (4, '2019-03-30 08:57:19', 0, null, '上一月', null, 1, null, 0);
INSERT INTO gzx.t_mis_period (id, create_time, creator, end_date, name, start_date, state, update_time, updator) VALUES (5, null, 0, null, '最近三个月', null, 1, null, 0);
INSERT INTO gzx.t_mis_period (id, create_time, creator, end_date, name, start_date, state, update_time, updator) VALUES (6, null, 0, null, '最近半年', null, 1, null, 0);
INSERT INTO gzx.t_mis_period (id, create_time, creator, end_date, name, start_date, state, update_time, updator) VALUES (7, null, 0, null, '最近一年', null, 1, null, 0);
INSERT INTO gzx.t_mis_period (id, create_time, creator, end_date, name, start_date, state, update_time, updator) VALUES (8, null, 0, null, '上一年', null, 1, null, 0);
INSERT INTO gzx.t_sales_agent (id, bank_code, business_type, centi_code, channel_type, company_name, cooperate_begin_date, cooperate_end_date, create_time, creator, job_years, name, phoneno, state, update_time, updator, user_name, user_id, employee_id, parent_id, group_id, dd_user_name) VALUES (0, null, 0, null, 2, '0', null, null, null, 0, 0, '全部', null, 1, null, 0, null, 0, 0, 0, 2, null);
INSERT INTO gzx.t_sales_agent (id, bank_code, business_type, centi_code, channel_type, company_name, cooperate_begin_date, cooperate_end_date, create_time, creator, job_years, name, phoneno, state, update_time, updator, user_name, user_id, employee_id, parent_id, group_id, dd_user_name) VALUES (1, null, 0, null, 0, null, null, null, '2018-12-24 19:28:54', 0, 0, null, null, 100, '2018-12-24 20:13:14', 0, null, 0, 1, 1, 2, null);
INSERT INTO gzx.t_sales_agent (id, bank_code, business_type, centi_code, channel_type, company_name, cooperate_begin_date, cooperate_end_date, create_time, creator, job_years, name, phoneno, state, update_time, updator, user_name, user_id, employee_id, parent_id, group_id, dd_user_name) VALUES (2, null, 0, null, 0, null, null, null, '2018-12-24 19:48:13', 0, 0, null, null, 100, '2018-12-24 20:13:16', 0, null, 0, 2, 2, 2, null);
INSERT INTO gzx.t_sales_agent (id, bank_code, business_type, centi_code, channel_type, company_name, cooperate_begin_date, cooperate_end_date, create_time, creator, job_years, name, phoneno, state, update_time, updator, user_name, user_id, employee_id, parent_id, group_id, dd_user_name) VALUES (3, '222', 0, '22', 0, '22', '2018-12-18 10:00:00', '2019-12-18 10:00:00', '2018-12-24 20:00:36', 0, 22, '王润海', '22', 100, null, 0, '22', 0, 2, 2, 2, null);
INSERT INTO gzx.t_sales_agent (id, bank_code, business_type, centi_code, channel_type, company_name, cooperate_begin_date, cooperate_end_date, create_time, creator, job_years, name, phoneno, state, update_time, updator, user_name, user_id, employee_id, parent_id, group_id, dd_user_name) VALUES (4, '33', 2, '421', 2, '33', '2018-12-18 10:00:00', '2019-12-18 10:00:00', '2018-12-24 20:01:19', 0, 3, '王润海02', '33', 1, '2019-03-14 02:55:41', 0, '33', 1, 3, 2, 2, null);
INSERT INTO gzx.t_sales_agent (id, bank_code, business_type, centi_code, channel_type, company_name, cooperate_begin_date, cooperate_end_date, create_time, creator, job_years, name, phoneno, state, update_time, updator, user_name, user_id, employee_id, parent_id, group_id, dd_user_name) VALUES (5, '33', 2, '421', 2, '33', '2018-12-22 10:00:00', '2018-12-22 10:00:00', '2018-12-24 20:17:17', 0, 3, '王润海02', '18611300304', 1, '2019-03-08 10:53:04', 0, '33', 5, 4, 2, 2, null);
INSERT INTO gzx.t_sales_agent (id, bank_code, business_type, centi_code, channel_type, company_name, cooperate_begin_date, cooperate_end_date, create_time, creator, job_years, name, phoneno, state, update_time, updator, user_name, user_id, employee_id, parent_id, group_id, dd_user_name) VALUES (8, '22', 0, '222', 1, '贯泽信', '2013-03-18 11:00:00', null, '2019-03-28 01:04:02', 0, 0, '王销售', '22', 1, null, 0, null, 15, 5, 2, 2, 'manager8154');
INSERT INTO gzx.t_sales_agent (id, bank_code, business_type, centi_code, channel_type, company_name, cooperate_begin_date, cooperate_end_date, create_time, creator, job_years, name, phoneno, state, update_time, updator, user_name, user_id, employee_id, parent_id, group_id, dd_user_name) VALUES (9, '22', 0, '222', 1, '贯泽信', '2013-03-18 11:00:00', null, '2019-03-28 07:07:56', 0, 0, '张小溪', '22', 1, '2019-03-28 07:08:28', 0, 'zhangxx', 16, 15, 0, 2, null);
INSERT INTO gzx.t_sales_commission (id, base_type, business_type, channel_type, create_time, creator, level, percent, product_id, product_type, state, sum, type, update_time, updator, way, end_date, start_date, pay_way) VALUES (1, 1, 3, 1, '2019-03-07 09:02:02', 0, 1, 0.10, 1, 3, 100, null, 1, '2019-03-07 09:44:25', 0, 1, '2019-06-27 11:28:09', '2018-07-05 11:00:00', 1);
INSERT INTO gzx.t_sales_commission (id, base_type, business_type, channel_type, create_time, creator, level, percent, product_id, product_type, state, sum, type, update_time, updator, way, end_date, start_date, pay_way) VALUES (2, 1, 1, 1, '2019-03-07 09:43:42', 0, 2, 0.25, 8, null, 100, null, 1, '2019-03-20 09:10:58', 0, 1, '2019-06-27 11:28:09', '2018-07-05 11:00:00', 1);
INSERT INTO gzx.t_sales_commission (id, base_type, business_type, channel_type, create_time, creator, level, percent, product_id, product_type, state, sum, type, update_time, updator, way, end_date, start_date, pay_way) VALUES (3, 1, 3, 2, '2019-03-07 09:44:08', 0, 1, 0.10, 32, null, 100, null, 1, '2019-03-20 09:10:59', 0, 1, '2019-06-27 11:28:09', '2018-07-05 11:00:00', 1);
INSERT INTO gzx.t_sales_group (id, create_time, creator, grade, name, parent_id, state, update_time, updator, employee_id) VALUES (1, '2019-03-31 00:00:22', 0, 1, '销售部', 0, 1, null, 0, 11);
INSERT INTO gzx.t_sales_group (id, create_time, creator, grade, name, parent_id, state, update_time, updator, employee_id) VALUES (2, '2019-03-30 11:22:57', 0, 2, '第一组', 1, 1, null, 0, 11);
INSERT INTO gzx.t_sales_group (id, create_time, creator, grade, name, parent_id, state, update_time, updator, employee_id) VALUES (3, '2019-03-30 23:59:57', 0, 0, '全部', 0, 1, null, 0, 11);
INSERT INTO gzx.t_sales_performance_comm_detail (id, commission, create_time, creator, performance, state, update_time, updator, order_product_id, order_id, interest, max_commission, min_commission, saler_id) VALUES (1, 0.00, '2019-03-19 14:40:18', 0, 22.00, 1, null, 0, 17, 0, 0.00, null, null, null);
INSERT INTO gzx.t_sales_performance_comm_detail (id, commission, create_time, creator, performance, state, update_time, updator, order_product_id, order_id, interest, max_commission, min_commission, saler_id) VALUES (27, 5.50, '2019-03-19 15:15:35', 0, 22.00, 1, null, 0, 17, 0, 0.00, null, null, null);
INSERT INTO gzx.t_sales_performance_comm_detail (id, commission, create_time, creator, performance, state, update_time, updator, order_product_id, order_id, interest, max_commission, min_commission, saler_id) VALUES (29, 5.50, '2019-03-19 15:18:08', 0, 22.00, 1, null, 0, 17, 0, 0.00, null, null, null);
INSERT INTO gzx.t_sales_performance_comm_detail (id, commission, create_time, creator, performance, state, update_time, updator, order_product_id, order_id, interest, max_commission, min_commission, saler_id) VALUES (31, 5.50, '2019-03-19 15:24:51', 0, 22.00, 1, null, 0, 17, 0, 0.00, null, null, null);
INSERT INTO gzx.t_sales_performance_comm_detail (id, commission, create_time, creator, performance, state, update_time, updator, order_product_id, order_id, interest, max_commission, min_commission, saler_id) VALUES (32, 5.50, '2019-03-19 15:26:05', 0, 22.00, 1, null, 0, 17, 0, 0.00, null, null, null);
INSERT INTO gzx.t_sales_performance_comm_detail (id, commission, create_time, creator, performance, state, update_time, updator, order_product_id, order_id, interest, max_commission, min_commission, saler_id) VALUES (33, 0.24, '2019-03-28 09:45:22', 0, 300.00, 1, null, 0, 0, 60, 5.00, 0.38, 0.24, 9);
INSERT INTO gzx.t_sales_performance_comm_detail (id, commission, create_time, creator, performance, state, update_time, updator, order_product_id, order_id, interest, max_commission, min_commission, saler_id) VALUES (35, 0.41, '2019-03-28 20:46:32', 0, 900.00, 1, null, 0, 0, 61, 8.00, 0.65, 0.41, 9);
INSERT INTO gzx.t_sales_performance_comm_detail (id, commission, create_time, creator, performance, state, update_time, updator, order_product_id, order_id, interest, max_commission, min_commission, saler_id) VALUES (38, 12150.00, '2019-03-28 22:56:36', 0, 9000000.00, 1, null, 0, 0, 62, 243000.00, 19440.00, 12150.00, 9);
INSERT INTO gzx.t_sales_performance_comm_detail (id, commission, create_time, creator, performance, state, update_time, updator, order_product_id, order_id, interest, max_commission, min_commission, saler_id) VALUES (39, 4155.84, '2019-04-02 02:14:24', 0, 2220000.00, 1, null, 0, 0, 63, 51948.00, 4155.84, 2597.40, 9);
INSERT INTO gzx.t_sales_performance_comm_detail (id, commission, create_time, creator, performance, state, update_time, updator, order_product_id, order_id, interest, max_commission, min_commission, saler_id) VALUES (41, 6233.76, '2019-04-02 08:05:20', 0, 3330000.00, 1, null, 0, 0, 64, 77922.00, 6233.76, 3896.10, 9);
INSERT INTO gzx.t_sales_performance_comm_detail (id, commission, create_time, creator, performance, state, update_time, updator, order_product_id, order_id, interest, max_commission, min_commission, saler_id) VALUES (44, 0.00, '2019-04-22 15:04:55', 0, 2350000.00, 1, null, 0, 0, 90, 0.00, 0.00, 0.00, 8);
INSERT INTO gzx.t_sales_performance_comm_detail (id, commission, create_time, creator, performance, state, update_time, updator, order_product_id, order_id, interest, max_commission, min_commission, saler_id) VALUES (45, 4688.00, '2019-04-24 02:05:44', 0, 5860000.00, 1, null, 0, 0, 92, 93760.00, 7500.80, 4688.00, 8);
INSERT INTO gzx.t_sales_performance_commission (id, commission, create_time, creator, month, performance, process, state, update_time, updator, interest, max_commission, min_commission, saler_id, saler_name) VALUES (1, 20.00, null, 0, '201901', 30.00, 0, 1, null, 0, 0.00, null, null, 17, null);
INSERT INTO gzx.t_sales_performance_commission (id, commission, create_time, creator, month, performance, process, state, update_time, updator, interest, max_commission, min_commission, saler_id, saler_name) VALUES (4, 27.50, '2019-03-19 15:15:35', 0, '201903', 110.00, 0, 1, '2019-03-19 15:26:05', 0, 0.00, null, null, 16, null);
INSERT INTO gzx.t_sales_performance_commission (id, commission, create_time, creator, month, performance, process, state, update_time, updator, interest, max_commission, min_commission, saler_id, saler_name) VALUES (5, 11.00, '2019-03-19 15:18:08', 0, '201903', 44.00, 0, 100, null, 0, 0.00, null, null, 15, null);
INSERT INTO gzx.t_sales_performance_commission (id, commission, create_time, creator, month, performance, process, state, update_time, updator, interest, max_commission, min_commission, saler_id, saler_name) VALUES (6, 12150.65, '2019-03-28 20:46:32', 0, '201903', 9001200.00, 0, 1, '2019-03-28 22:56:36', 0, 243013.00, 19441.03, 12150.65, 9, 'zhangxs');
INSERT INTO gzx.t_sales_performance_commission (id, commission, create_time, creator, month, performance, process, state, update_time, updator, interest, max_commission, min_commission, saler_id, saler_name) VALUES (7, 10389.60, '2019-04-02 02:14:24', 0, '201904', 5550000.00, 0, 1, '2019-04-02 08:05:20', 0, 129870.00, 10389.60, 6493.50, 9, '张小溪');
INSERT INTO gzx.t_sales_performance_commission (id, commission, create_time, creator, month, performance, process, state, update_time, updator, interest, max_commission, min_commission, saler_id, saler_name) VALUES (8, 0.00, '2019-04-22 15:04:55', 0, '201906', 0.00, 0, 1, '2019-04-24 02:05:44', 0, 0.00, 0.00, 0.00, 8, '王销售');
INSERT INTO gzx.t_ums_resource (id, create_time, creator, name, parent_id, res_url, state, type, update_time, updator, column_name, value_set, grade) VALUES (0, '2019-03-11 11:55:58', 0, '根资源', 0, '/', 1, 1, null, 0, null, null, 1);
INSERT INTO gzx.t_ums_resource (id, create_time, creator, name, parent_id, res_url, state, type, update_time, updator, column_name, value_set, grade) VALUES (1, '2018-12-12 17:25:45', 0, '核心业务系统', 0, '', 1, 1, null, 0, null, null, 1);
INSERT INTO gzx.t_ums_resource (id, create_time, creator, name, parent_id, res_url, state, type, update_time, updator, column_name, value_set, grade) VALUES (2, '2019-03-27 10:38:24', 0, '订单处理', 1, '/order/list', 1, 1, null, 0, '', '', 2);
INSERT INTO gzx.t_ums_resource (id, create_time, creator, name, parent_id, res_url, state, type, update_time, updator, column_name, value_set, grade) VALUES (3, '2018-12-12 17:27:12', 0, '人力系统', 0, '', 1, 1, null, 0, null, null, 1);
INSERT INTO gzx.t_ums_resource (id, create_time, creator, name, parent_id, res_url, state, type, update_time, updator, column_name, value_set, grade) VALUES (4, '2018-12-12 17:27:49', 0, '雇员管理', 3, '/hr/employee', 1, 1, null, 0, null, null, 2);
INSERT INTO gzx.t_ums_resource (id, create_time, creator, name, parent_id, res_url, state, type, update_time, updator, column_name, value_set, grade) VALUES (5, '2018-12-12 17:28:24', 0, '销售系统', 0, '', 1, 1, null, 0, null, null, 1);
INSERT INTO gzx.t_ums_resource (id, create_time, creator, name, parent_id, res_url, state, type, update_time, updator, column_name, value_set, grade) VALUES (6, '2019-03-28 01:07:29', 0, '销售人员管理', 5, '/sales/agent', 1, 1, null, 0, '', '', 2);
INSERT INTO gzx.t_ums_resource (id, create_time, creator, name, parent_id, res_url, state, type, update_time, updator, column_name, value_set, grade) VALUES (7, '2018-12-12 17:29:44', 0, '财务系统', 0, '', 1, 1, null, 0, null, null, 1);
INSERT INTO gzx.t_ums_resource (id, create_time, creator, name, parent_id, res_url, state, type, update_time, updator, column_name, value_set, grade) VALUES (8, '2018-12-12 17:30:21', 0, '收付费管理', 7, '/finance/payment', 1, 1, null, 0, null, null, 2);
INSERT INTO gzx.t_ums_resource (id, create_time, creator, name, parent_id, res_url, state, type, update_time, updator, column_name, value_set, grade) VALUES (22, '2019-03-11 15:51:19', 0, '订单数据', 2, null, 1, 3, null, 0, 'orderState', '(1,2)', 3);
INSERT INTO gzx.t_ums_resource (id, create_time, creator, name, parent_id, res_url, state, type, update_time, updator, column_name, value_set, grade) VALUES (23, '2019-03-11 15:52:13', 0, '订单数据1-2', 2, null, 1, 3, null, 0, 'orderState', '(1,2)', 3);
INSERT INTO gzx.t_ums_resource (id, create_time, creator, name, parent_id, res_url, state, type, update_time, updator, column_name, value_set, grade) VALUES (24, '2019-03-11 15:52:24', 0, '订单数据3', 2, null, 1, 3, null, 0, 'orderState', '(3)', 3);
INSERT INTO gzx.t_ums_resource (id, create_time, creator, name, parent_id, res_url, state, type, update_time, updator, column_name, value_set, grade) VALUES (25, '2019-03-11 15:52:30', 0, '订单数据4', 2, null, 1, 3, null, 0, 'orderState', '(4)', 3);
INSERT INTO gzx.t_ums_resource (id, create_time, creator, name, parent_id, res_url, state, type, update_time, updator, column_name, value_set, grade) VALUES (26, '2019-03-11 15:52:34', 0, '订单数据5', 2, null, 1, 3, null, 0, 'orderState', '(5)', 3);
INSERT INTO gzx.t_ums_resource (id, create_time, creator, name, parent_id, res_url, state, type, update_time, updator, column_name, value_set, grade) VALUES (27, '2019-03-12 15:22:17', 0, '产品管理', 1, '/cbs/product', 1, 1, null, 0, null, null, 2);
INSERT INTO gzx.t_ums_resource (id, create_time, creator, name, parent_id, res_url, state, type, update_time, updator, column_name, value_set, grade) VALUES (28, '2019-03-12 15:23:30', 0, '产品利息', 1, '/cbs/prodInterest', 1, 1, null, 0, null, null, 2);
INSERT INTO gzx.t_ums_resource (id, create_time, creator, name, parent_id, res_url, state, type, update_time, updator, column_name, value_set, grade) VALUES (29, '2019-03-12 15:28:33', 0, '部门管理', 3, '/hr/dept', 1, 1, null, 0, null, null, 2);
INSERT INTO gzx.t_ums_resource (id, create_time, creator, name, parent_id, res_url, state, type, update_time, updator, column_name, value_set, grade) VALUES (30, '2019-03-12 15:28:33', 0, '岗位管理', 3, '/hr/position', 1, 1, null, 0, null, null, 2);
INSERT INTO gzx.t_ums_resource (id, create_time, creator, name, parent_id, res_url, state, type, update_time, updator, column_name, value_set, grade) VALUES (31, '2019-03-12 15:28:33', 0, '工作管理', 3, '/hr/action', 1, 1, null, 0, null, null, 2);
INSERT INTO gzx.t_ums_resource (id, create_time, creator, name, parent_id, res_url, state, type, update_time, updator, column_name, value_set, grade) VALUES (32, '2019-03-12 15:28:33', 0, '考勤管理', 3, '/hr/attendance', 1, 1, null, 0, null, null, 2);
INSERT INTO gzx.t_ums_resource (id, create_time, creator, name, parent_id, res_url, state, type, update_time, updator, column_name, value_set, grade) VALUES (33, '2019-03-12 15:28:33', 0, '薪酬管理', 3, '/hr/salary', 1, 1, null, 0, null, null, 2);
INSERT INTO gzx.t_ums_resource (id, create_time, creator, name, parent_id, res_url, state, type, update_time, updator, column_name, value_set, grade) VALUES (34, '2019-03-12 15:28:33', 0, '培训管理', 3, '/hr/curriculum', 1, 1, null, 0, null, null, 2);
INSERT INTO gzx.t_ums_resource (id, create_time, creator, name, parent_id, res_url, state, type, update_time, updator, column_name, value_set, grade) VALUES (35, '2019-03-12 15:31:15', 0, '提成比例管理', 5, '/sales/commission', 1, 1, null, 0, null, null, 2);
INSERT INTO gzx.t_ums_resource (id, create_time, creator, name, parent_id, res_url, state, type, update_time, updator, column_name, value_set, grade) VALUES (36, '2019-03-12 15:31:15', 0, '提成管理', 5, '/sales/performanceCommission', 1, 1, null, 0, null, null, 2);
INSERT INTO gzx.t_ums_resource (id, create_time, creator, name, parent_id, res_url, state, type, update_time, updator, column_name, value_set, grade) VALUES (37, '2019-03-12 15:33:29', 0, '账户管理', 7, '/finance/account', 1, 1, null, 0, null, null, 2);
INSERT INTO gzx.t_ums_resource (id, create_time, creator, name, parent_id, res_url, state, type, update_time, updator, column_name, value_set, grade) VALUES (38, '2019-03-12 15:34:03', 0, '记账规则管理', 7, '/finance/accountingRule', 1, 1, null, 0, null, null, 2);
INSERT INTO gzx.t_ums_resource (id, create_time, creator, name, parent_id, res_url, state, type, update_time, updator, column_name, value_set, grade) VALUES (39, '2019-03-12 15:35:01', 0, 'IT管理', 0, '', 1, 1, null, 0, null, null, 1);
INSERT INTO gzx.t_ums_resource (id, create_time, creator, name, parent_id, res_url, state, type, update_time, updator, column_name, value_set, grade) VALUES (40, '2019-03-12 15:37:22', 0, '角色管理', 39, '/ums/role', 1, 1, null, 0, null, null, 2);
INSERT INTO gzx.t_ums_resource (id, create_time, creator, name, parent_id, res_url, state, type, update_time, updator, column_name, value_set, grade) VALUES (41, '2019-03-12 15:37:22', 0, '用户角色管理', 39, '/ums/userRole', 1, 1, null, 0, null, null, 2);
INSERT INTO gzx.t_ums_resource (id, create_time, creator, name, parent_id, res_url, state, type, update_time, updator, column_name, value_set, grade) VALUES (42, '2019-03-12 15:37:22', 0, '资源管理', 39, '/ums/resource', 1, 1, null, 0, null, null, 2);
INSERT INTO gzx.t_ums_resource (id, create_time, creator, name, parent_id, res_url, state, type, update_time, updator, column_name, value_set, grade) VALUES (43, '2019-03-12 15:37:22', 0, '角色资源管理', 39, '/ums/roleResource', 1, 1, null, 0, null, null, 2);
INSERT INTO gzx.t_ums_resource (id, create_time, creator, name, parent_id, res_url, state, type, update_time, updator, column_name, value_set, grade) VALUES (44, '2019-03-12 15:37:23', 0, '工作流配置', 39, '/util/workFlow', 1, 1, null, 0, null, null, 2);
INSERT INTO gzx.t_ums_resource (id, create_time, creator, name, parent_id, res_url, state, type, update_time, updator, column_name, value_set, grade) VALUES (45, '2019-03-12 15:41:44', 0, '订单数据5', 2, null, 1, 3, null, 0, 'orderState', '(5)', 3);
INSERT INTO gzx.t_ums_resource (id, create_time, creator, name, parent_id, res_url, state, type, update_time, updator, column_name, value_set, grade) VALUES (66, '2019-03-13 09:59:53', 0, '用户管理', 39, '/ums/user', 1, 1, null, 0, '', '', 2);
INSERT INTO gzx.t_ums_resource (id, create_time, creator, name, parent_id, res_url, state, type, update_time, updator, column_name, value_set, grade) VALUES (67, '2019-03-18 03:55:16', 0, '雇员岗位管理', 3, '/hr/employeePosition', 1, 1, null, 0, '', '', 2);
INSERT INTO gzx.t_ums_resource (id, create_time, creator, name, parent_id, res_url, state, type, update_time, updator, column_name, value_set, grade) VALUES (68, '2019-03-19 02:43:57', 0, '决策系统', 0, '', 1, 1, null, 0, '', '', 1);
INSERT INTO gzx.t_ums_resource (id, create_time, creator, name, parent_id, res_url, state, type, update_time, updator, column_name, value_set, grade) VALUES (69, '2019-03-19 02:45:50', 0, '业务报表', 68, '/mis/showBusiReport', 1, 1, null, 0, '', '', 2);
INSERT INTO gzx.t_ums_resource (id, create_time, creator, name, parent_id, res_url, state, type, update_time, updator, column_name, value_set, grade) VALUES (70, '2019-03-19 03:46:09', 0, '财务大盘', 68, '/mis/showFinReport', 1, 1, null, 0, '', '', 2);
INSERT INTO gzx.t_ums_resource (id, create_time, creator, name, parent_id, res_url, state, type, update_time, updator, column_name, value_set, grade) VALUES (71, '2019-03-21 19:54:27', 0, '暂存订单', 2, '/order/edit', 1, 2, null, 0, null, null, 3);
INSERT INTO gzx.t_ums_resource (id, create_time, creator, name, parent_id, res_url, state, type, update_time, updator, column_name, value_set, grade) VALUES (72, '2019-03-21 19:54:27', 0, '提交订单', 2, '/order/edit', 1, 2, null, 0, null, null, 3);
INSERT INTO gzx.t_ums_resource (id, create_time, creator, name, parent_id, res_url, state, type, update_time, updator, column_name, value_set, grade) VALUES (73, '2019-03-21 19:54:27', 0, '初审不通过', 2, '/order/edit', 1, 2, null, 0, null, null, 3);
INSERT INTO gzx.t_ums_resource (id, create_time, creator, name, parent_id, res_url, state, type, update_time, updator, column_name, value_set, grade) VALUES (74, '2019-03-21 19:54:27', 0, '初审通过', 2, '/order/edit', 1, 2, null, 0, null, null, 3);
INSERT INTO gzx.t_ums_resource (id, create_time, creator, name, parent_id, res_url, state, type, update_time, updator, column_name, value_set, grade) VALUES (75, '2019-03-21 19:54:27', 0, '初审上报', 2, '/order/edit', 1, 2, null, 0, null, null, 3);
INSERT INTO gzx.t_ums_resource (id, create_time, creator, name, parent_id, res_url, state, type, update_time, updator, column_name, value_set, grade) VALUES (76, '2019-03-21 19:54:27', 0, '上传资料', 2, '/order/edit', 1, 2, null, 0, null, null, 3);
INSERT INTO gzx.t_ums_resource (id, create_time, creator, name, parent_id, res_url, state, type, update_time, updator, column_name, value_set, grade) VALUES (77, '2019-03-21 19:54:27', 0, '查看资料', 2, '/order/edit', 1, 2, null, 0, null, null, 3);
INSERT INTO gzx.t_ums_resource (id, create_time, creator, name, parent_id, res_url, state, type, update_time, updator, column_name, value_set, grade) VALUES (78, '2019-03-21 19:54:27', 0, '添加客户', 2, '/order/edit', 1, 2, null, 0, null, null, 3);
INSERT INTO gzx.t_ums_resource (id, create_time, creator, name, parent_id, res_url, state, type, update_time, updator, column_name, value_set, grade) VALUES (79, '2019-03-21 19:54:27', 0, '添加产品', 2, '/order/edit', 1, 2, null, 0, null, null, 3);
INSERT INTO gzx.t_ums_resource (id, create_time, creator, name, parent_id, res_url, state, type, update_time, updator, column_name, value_set, grade) VALUES (80, '2019-03-21 19:54:27', 0, '复审通过', 2, '/order/edit', 1, 2, null, 0, null, null, 3);
INSERT INTO gzx.t_ums_resource (id, create_time, creator, name, parent_id, res_url, state, type, update_time, updator, column_name, value_set, grade) VALUES (81, '2019-03-21 19:54:27', 0, '复审不通过', 2, '/order/edit', 1, 2, null, 0, null, null, 3);
INSERT INTO gzx.t_ums_resource (id, create_time, creator, name, parent_id, res_url, state, type, update_time, updator, column_name, value_set, grade) VALUES (82, '2019-03-21 19:54:27', 0, '订单关闭', 2, '/order/edit', 1, 2, null, 0, null, null, 3);
INSERT INTO gzx.t_ums_resource (id, create_time, creator, name, parent_id, res_url, state, type, update_time, updator, column_name, value_set, grade) VALUES (83, '2019-03-21 19:54:27', 0, '暂存订单', 2, '/order/edit', 1, 2, null, 0, null, null, 3);
INSERT INTO gzx.t_ums_resource (id, create_time, creator, name, parent_id, res_url, state, type, update_time, updator, column_name, value_set, grade) VALUES (84, '2019-03-21 19:54:27', 0, '收下户费成功', 2, '/order/edit', 1, 2, null, 0, null, null, 3);
INSERT INTO gzx.t_ums_resource (id, create_time, creator, name, parent_id, res_url, state, type, update_time, updator, column_name, value_set, grade) VALUES (85, '2019-03-21 19:54:27', 0, '下户通过', 2, '/order/edit', 1, 2, null, 0, null, null, 3);
INSERT INTO gzx.t_ums_resource (id, create_time, creator, name, parent_id, res_url, state, type, update_time, updator, column_name, value_set, grade) VALUES (86, '2019-03-21 19:54:27', 0, '下户不通过', 2, '/order/edit', 1, 2, null, 0, null, null, 3);
INSERT INTO gzx.t_ums_resource (id, create_time, creator, name, parent_id, res_url, state, type, update_time, updator, column_name, value_set, grade) VALUES (87, '2019-03-21 19:54:27', 0, '汇审通过', 2, '/order/edit', 1, 2, null, 0, null, null, 3);
INSERT INTO gzx.t_ums_resource (id, create_time, creator, name, parent_id, res_url, state, type, update_time, updator, column_name, value_set, grade) VALUES (88, '2019-03-21 19:54:27', 0, '汇审不通过', 2, '/order/edit', 1, 2, null, 0, null, null, 3);
INSERT INTO gzx.t_ums_resource (id, create_time, creator, name, parent_id, res_url, state, type, update_time, updator, column_name, value_set, grade) VALUES (89, '2019-03-21 19:54:28', 0, '签约完成', 2, '/order/edit', 1, 2, null, 0, null, null, 3);
INSERT INTO gzx.t_ums_resource (id, create_time, creator, name, parent_id, res_url, state, type, update_time, updator, column_name, value_set, grade) VALUES (90, '2019-03-21 19:54:28', 0, '收服务费成功', 2, '/order/edit', 1, 2, null, 0, null, null, 3);
INSERT INTO gzx.t_ums_resource (id, create_time, creator, name, parent_id, res_url, state, type, update_time, updator, column_name, value_set, grade) VALUES (91, '2019-03-21 19:54:28', 0, '已上报机构', 2, '/order/edit', 1, 2, null, 0, null, null, 3);
INSERT INTO gzx.t_ums_resource (id, create_time, creator, name, parent_id, res_url, state, type, update_time, updator, column_name, value_set, grade) VALUES (92, '2019-03-21 19:54:28', 0, '同意放款', 2, '/order/edit', 1, 2, null, 0, null, null, 3);
INSERT INTO gzx.t_ums_resource (id, create_time, creator, name, parent_id, res_url, state, type, update_time, updator, column_name, value_set, grade) VALUES (93, '2019-03-21 19:54:28', 0, '不同意放款', 2, '/order/edit', 1, 2, null, 0, null, null, 3);
INSERT INTO gzx.t_ums_resource (id, create_time, creator, name, parent_id, res_url, state, type, update_time, updator, column_name, value_set, grade) VALUES (94, '2019-03-21 19:54:28', 0, '放款成功', 2, '/order/edit', 1, 2, null, 0, null, null, 3);
INSERT INTO gzx.t_ums_resource (id, create_time, creator, name, parent_id, res_url, state, type, update_time, updator, column_name, value_set, grade) VALUES (95, '2019-03-21 19:54:28', 0, '扣款完成', 2, '/order/edit', 1, 2, null, 0, null, null, 3);
INSERT INTO gzx.t_ums_resource (id, create_time, creator, name, parent_id, res_url, state, type, update_time, updator, column_name, value_set, grade) VALUES (96, '2019-03-21 19:54:28', 0, '解押材料已领取', 2, '/order/edit', 1, 2, null, 0, null, null, 3);
INSERT INTO gzx.t_ums_resource (id, create_time, creator, name, parent_id, res_url, state, type, update_time, updator, column_name, value_set, grade) VALUES (97, '2019-03-21 19:54:28', 0, '下家已抵押', 2, '/order/edit', 1, 2, null, 0, null, null, 3);
INSERT INTO gzx.t_ums_resource (id, create_time, creator, name, parent_id, res_url, state, type, update_time, updator, column_name, value_set, grade) VALUES (98, '2019-03-21 19:54:28', 0, '回款完成', 2, '/order/edit', 1, 2, null, 0, null, null, 3);
INSERT INTO gzx.t_ums_resource (id, create_time, creator, name, parent_id, res_url, state, type, update_time, updator, column_name, value_set, grade) VALUES (99, '2019-03-21 19:54:28', 0, '已交接材料', 2, '/order/edit', 1, 2, null, 0, null, null, 3);
INSERT INTO gzx.t_ums_resource (id, create_time, creator, name, parent_id, res_url, state, type, update_time, updator, column_name, value_set, grade) VALUES (100, '2019-03-21 19:54:28', 0, '已完结', 2, '/order/edit', 1, 2, null, 0, null, null, 3);
INSERT INTO gzx.t_ums_resource (id, create_time, creator, name, parent_id, res_url, state, type, update_time, updator, column_name, value_set, grade) VALUES (101, '2019-03-25 14:46:41', 0, '上传资料', 1, null, 1, 2, null, 0, null, null, 3);
INSERT INTO gzx.t_ums_resource (id, create_time, creator, name, parent_id, res_url, state, type, update_time, updator, column_name, value_set, grade) VALUES (102, '2019-03-25 14:46:41', 0, '录入客户', 1, null, 1, 2, null, 0, null, null, 3);
INSERT INTO gzx.t_ums_resource (id, create_time, creator, name, parent_id, res_url, state, type, update_time, updator, column_name, value_set, grade) VALUES (103, '2019-03-25 14:46:41', 0, '添加产品', 1, null, 1, 2, null, 0, null, null, 3);
INSERT INTO gzx.t_ums_resource (id, create_time, creator, name, parent_id, res_url, state, type, update_time, updator, column_name, value_set, grade) VALUES (104, '2019-03-25 20:40:37', 0, '公式管理', 39, '/util/calcFormula', 1, 1, null, 0, '', '', 2);
INSERT INTO gzx.t_ums_resource (id, create_time, creator, name, parent_id, res_url, state, type, update_time, updator, column_name, value_set, grade) VALUES (105, '2019-03-25 20:41:03', 0, '参数管理', 39, '/util/calcParam', 1, 1, null, 0, '', '', 2);
INSERT INTO gzx.t_ums_resource (id, create_time, creator, name, parent_id, res_url, state, type, update_time, updator, column_name, value_set, grade) VALUES (106, '2019-03-27 10:06:44', 0, '订单查询', 1, '/order/readList', 1, 1, null, 0, '', '', 2);
INSERT INTO gzx.t_ums_resource (id, create_time, creator, name, parent_id, res_url, state, type, update_time, updator, column_name, value_set, grade) VALUES (107, '2019-03-29 02:56:21', 0, '记账明细', 7, '/finance/accountingEntry', 1, 1, null, 0, '', '', 2);
INSERT INTO gzx.t_ums_resource (id, create_time, creator, name, parent_id, res_url, state, type, update_time, updator, column_name, value_set, grade) VALUES (108, '2019-03-29 02:56:53', 0, '科目余额', 7, '/finance/balance', 1, 1, null, 0, '', '', 2);
INSERT INTO gzx.t_ums_resource (id, create_time, creator, name, parent_id, res_url, state, type, update_time, updator, column_name, value_set, grade) VALUES (109, '2019-03-29 02:57:43', 0, '账期管理', 7, '/finance/accountingPeriod', 1, 1, null, 0, '', '', 2);
INSERT INTO gzx.t_ums_resource (id, create_time, creator, name, parent_id, res_url, state, type, update_time, updator, column_name, value_set, grade) VALUES (110, '2019-03-30 08:54:32', 0, '统计周期管理', 68, '/mis/period', 100, 1, '2019-03-30 08:58:04', 0, '', '', 2);
INSERT INTO gzx.t_ums_resource (id, create_time, creator, name, parent_id, res_url, state, type, update_time, updator, column_name, value_set, grade) VALUES (111, '2019-03-30 11:15:54', 0, '销售组织管理', 5, '/sales/group', 1, 1, null, 0, '', '', 2);
INSERT INTO gzx.t_ums_resource (id, create_time, creator, name, parent_id, res_url, state, type, update_time, updator, column_name, value_set, grade) VALUES (112, '2019-04-01 07:15:57', 0, '现金流报表', 68, '/mis/cashFlowReport', 1, 1, null, 0, '', '', 2);
INSERT INTO gzx.t_ums_resource (id, create_time, creator, name, parent_id, res_url, state, type, update_time, updator, column_name, value_set, grade) VALUES (115, '2019-04-12 07:52:16', 0, '格式化信息', 39, '/util/formatInfo', 1, 1, null, 0, '', '', 2);
INSERT INTO gzx.t_ums_resource (id, create_time, creator, name, parent_id, res_url, state, type, update_time, updator, column_name, value_set, grade) VALUES (116, '2019-04-15 06:36:42', 0, '要件管理', 1, '/cbs/certificate', 1, 1, null, 0, '', '', 2);
INSERT INTO gzx.t_ums_role (id, create_time, creator, name, state, update_time, updator) VALUES (0, '2019-03-14 19:30:40', 0, '全部', 1, null, 0);
INSERT INTO gzx.t_ums_role (id, create_time, creator, name, state, update_time, updator) VALUES (1, '2019-03-20 06:09:42', 0, '超级管理员', 1, null, 0);
INSERT INTO gzx.t_ums_role (id, create_time, creator, name, state, update_time, updator) VALUES (2, '2019-03-20 09:44:48', 0, '业务处理员', 1, null, 0);
INSERT INTO gzx.t_ums_role (id, create_time, creator, name, state, update_time, updator) VALUES (4, '2019-03-20 06:09:19', 0, '财务出纳', 1, null, 0);
INSERT INTO gzx.t_ums_role (id, create_time, creator, name, state, update_time, updator) VALUES (5, '2019-03-20 06:09:11', 0, 'IT管理员', 1, null, 0);
INSERT INTO gzx.t_ums_role (id, create_time, creator, name, state, update_time, updator) VALUES (6, '2019-03-13 09:55:17', 0, '人力', 1, null, 0);
INSERT INTO gzx.t_ums_role (id, create_time, creator, name, state, update_time, updator) VALUES (7, '2019-03-13 09:55:42', 0, '风控', 100, '2019-03-20 06:05:53', 0);
INSERT INTO gzx.t_ums_role (id, create_time, creator, name, state, update_time, updator) VALUES (9, '2019-03-20 06:05:51', 0, '风控专员', 1, null, 0);
INSERT INTO gzx.t_ums_role (id, create_time, creator, name, state, update_time, updator) VALUES (10, '2019-03-20 06:10:02', 0, '风控总监', 1, null, 0);
INSERT INTO gzx.t_ums_role (id, create_time, creator, name, state, update_time, updator) VALUES (11, '2019-03-20 09:37:41', 0, '业务总监', 1, null, 0);
INSERT INTO gzx.t_ums_role (id, create_time, creator, name, state, update_time, updator) VALUES (12, '2019-03-20 09:37:54', 0, '业务团队经理', 100, '2019-03-20 09:40:21', 0);
INSERT INTO gzx.t_ums_role (id, create_time, creator, name, state, update_time, updator) VALUES (13, '2019-03-22 11:01:00', 0, '战略决策者', 1, null, 0);
INSERT INTO gzx.t_ums_role_privilege (id, create_time, creator, privilege_type, res_id, role_id, state, update_time, updator) VALUES (1, '2018-12-12 17:34:50', 1, 1, 1, 1, 1, null, 1);
INSERT INTO gzx.t_ums_role_privilege (id, create_time, creator, privilege_type, res_id, role_id, state, update_time, updator) VALUES (2, '2018-12-12 17:34:50', 1, 1, 2, 1, 1, null, 1);
INSERT INTO gzx.t_ums_role_privilege (id, create_time, creator, privilege_type, res_id, role_id, state, update_time, updator) VALUES (3, '2018-12-12 17:34:50', 1, 1, 3, 1, 1, null, 1);
INSERT INTO gzx.t_ums_role_privilege (id, create_time, creator, privilege_type, res_id, role_id, state, update_time, updator) VALUES (4, '2018-12-12 17:34:50', 1, 1, 4, 1, 1, null, 1);
INSERT INTO gzx.t_ums_role_privilege (id, create_time, creator, privilege_type, res_id, role_id, state, update_time, updator) VALUES (5, '2018-12-12 17:34:50', 1, 1, 5, 1, 1, null, 1);
INSERT INTO gzx.t_ums_role_privilege (id, create_time, creator, privilege_type, res_id, role_id, state, update_time, updator) VALUES (6, '2018-12-12 17:34:50', 1, 1, 6, 1, 1, null, 1);
INSERT INTO gzx.t_ums_role_privilege (id, create_time, creator, privilege_type, res_id, role_id, state, update_time, updator) VALUES (7, '2018-12-12 17:34:50', 1, 1, 7, 1, 1, null, 1);
INSERT INTO gzx.t_ums_role_privilege (id, create_time, creator, privilege_type, res_id, role_id, state, update_time, updator) VALUES (8, '2018-12-12 17:34:50', 1, 1, 8, 1, 1, null, 1);
INSERT INTO gzx.t_ums_role_privilege (id, create_time, creator, privilege_type, res_id, role_id, state, update_time, updator) VALUES (9, '2018-12-12 17:34:50', 1, 1, 1, 2, 1, null, 1);
INSERT INTO gzx.t_ums_role_privilege (id, create_time, creator, privilege_type, res_id, role_id, state, update_time, updator) VALUES (10, '2018-12-12 17:34:50', 1, 1, 2, 2, 1, null, 1);
INSERT INTO gzx.t_ums_role_resource (id, create_time, creator, res_id, role_id, state, type, update_time, updator) VALUES (1, '2019-03-11 00:42:58', 0, 1, 1, 1, 1, null, 0);
INSERT INTO gzx.t_ums_role_resource (id, create_time, creator, res_id, role_id, state, type, update_time, updator) VALUES (2, '2019-03-11 00:43:06', 0, 2, 1, 1, 1, null, 0);
INSERT INTO gzx.t_ums_role_resource (id, create_time, creator, res_id, role_id, state, type, update_time, updator) VALUES (3, '2019-03-11 00:43:14', 0, 3, 1, 1, 1, null, 0);
INSERT INTO gzx.t_ums_role_resource (id, create_time, creator, res_id, role_id, state, type, update_time, updator) VALUES (4, '2019-03-11 00:43:19', 0, 4, 1, 1, 1, null, 0);
INSERT INTO gzx.t_ums_role_resource (id, create_time, creator, res_id, role_id, state, type, update_time, updator) VALUES (5, '2019-03-11 00:43:25', 0, 5, 1, 100, 1, '2019-03-13 07:06:57', 0);
INSERT INTO gzx.t_ums_role_resource (id, create_time, creator, res_id, role_id, state, type, update_time, updator) VALUES (6, '2019-03-11 00:43:29', 0, 1, 1, 100, 0, '2019-03-11 00:43:46', 0);
INSERT INTO gzx.t_ums_role_resource (id, create_time, creator, res_id, role_id, state, type, update_time, updator) VALUES (7, '2019-03-11 00:43:39', 0, 1, 1, 100, 0, '2019-03-11 00:43:47', 0);
INSERT INTO gzx.t_ums_role_resource (id, create_time, creator, res_id, role_id, state, type, update_time, updator) VALUES (8, '2019-03-11 04:27:18', 0, 7, 1, 1, 1, null, 0);
INSERT INTO gzx.t_ums_role_resource (id, create_time, creator, res_id, role_id, state, type, update_time, updator) VALUES (9, '2019-03-11 04:28:27', 0, 8, 1, 1, 1, null, 0);
INSERT INTO gzx.t_ums_role_resource (id, create_time, creator, res_id, role_id, state, type, update_time, updator) VALUES (10, '2019-03-12 01:40:56', 0, 23, 1, 1, 3, null, 0);
INSERT INTO gzx.t_ums_role_resource (id, create_time, creator, res_id, role_id, state, type, update_time, updator) VALUES (11, '2019-03-12 01:41:07', 0, 24, 1, 1, 3, null, 0);
INSERT INTO gzx.t_ums_role_resource (id, create_time, creator, res_id, role_id, state, type, update_time, updator) VALUES (12, '2019-03-12 01:41:15', 0, 25, 1, 1, 3, null, 0);
INSERT INTO gzx.t_ums_role_resource (id, create_time, creator, res_id, role_id, state, type, update_time, updator) VALUES (13, '2019-03-12 01:41:24', 0, 26, 1, 1, 3, null, 0);
INSERT INTO gzx.t_ums_role_resource (id, create_time, creator, res_id, role_id, state, type, update_time, updator) VALUES (14, '2019-03-12 15:48:56', 0, 27, 1, 1, 1, null, 0);
INSERT INTO gzx.t_ums_role_resource (id, create_time, creator, res_id, role_id, state, type, update_time, updator) VALUES (15, '2019-03-12 15:48:56', 0, 28, 1, 1, 1, null, 0);
INSERT INTO gzx.t_ums_role_resource (id, create_time, creator, res_id, role_id, state, type, update_time, updator) VALUES (16, '2019-03-12 15:48:56', 0, 29, 1, 1, 1, null, 0);
INSERT INTO gzx.t_ums_role_resource (id, create_time, creator, res_id, role_id, state, type, update_time, updator) VALUES (17, '2019-03-12 15:48:56', 0, 30, 1, 1, 1, null, 0);
INSERT INTO gzx.t_ums_role_resource (id, create_time, creator, res_id, role_id, state, type, update_time, updator) VALUES (18, '2019-03-12 15:48:56', 0, 31, 1, 1, 1, null, 0);
INSERT INTO gzx.t_ums_role_resource (id, create_time, creator, res_id, role_id, state, type, update_time, updator) VALUES (19, '2019-03-12 15:48:56', 0, 32, 1, 1, 1, null, 0);
INSERT INTO gzx.t_ums_role_resource (id, create_time, creator, res_id, role_id, state, type, update_time, updator) VALUES (20, '2019-03-12 15:48:56', 0, 33, 1, 1, 1, null, 0);
INSERT INTO gzx.t_ums_role_resource (id, create_time, creator, res_id, role_id, state, type, update_time, updator) VALUES (21, '2019-03-12 15:48:56', 0, 34, 1, 1, 1, null, 0);
INSERT INTO gzx.t_ums_role_resource (id, create_time, creator, res_id, role_id, state, type, update_time, updator) VALUES (22, '2019-03-12 15:48:56', 0, 35, 1, 1, 1, null, 0);
INSERT INTO gzx.t_ums_role_resource (id, create_time, creator, res_id, role_id, state, type, update_time, updator) VALUES (23, '2019-03-12 15:48:56', 0, 36, 1, 1, 1, null, 0);
INSERT INTO gzx.t_ums_role_resource (id, create_time, creator, res_id, role_id, state, type, update_time, updator) VALUES (24, '2019-03-12 15:48:56', 0, 37, 1, 1, 1, null, 0);
INSERT INTO gzx.t_ums_role_resource (id, create_time, creator, res_id, role_id, state, type, update_time, updator) VALUES (25, '2019-03-12 15:48:56', 0, 38, 1, 1, 1, null, 0);
INSERT INTO gzx.t_ums_role_resource (id, create_time, creator, res_id, role_id, state, type, update_time, updator) VALUES (26, '2019-03-12 15:48:56', 0, 39, 1, 1, 1, null, 0);
INSERT INTO gzx.t_ums_role_resource (id, create_time, creator, res_id, role_id, state, type, update_time, updator) VALUES (27, '2019-03-12 15:48:56', 0, 40, 1, 1, 1, null, 0);
INSERT INTO gzx.t_ums_role_resource (id, create_time, creator, res_id, role_id, state, type, update_time, updator) VALUES (28, '2019-03-12 15:48:56', 0, 41, 1, 1, 1, null, 0);
INSERT INTO gzx.t_ums_role_resource (id, create_time, creator, res_id, role_id, state, type, update_time, updator) VALUES (29, '2019-03-12 15:48:56', 0, 42, 1, 1, 1, null, 0);
INSERT INTO gzx.t_ums_role_resource (id, create_time, creator, res_id, role_id, state, type, update_time, updator) VALUES (30, '2019-03-12 15:48:56', 0, 43, 1, 1, 1, null, 0);
INSERT INTO gzx.t_ums_role_resource (id, create_time, creator, res_id, role_id, state, type, update_time, updator) VALUES (31, '2019-03-12 15:48:56', 0, 44, 1, 1, 1, null, 0);
INSERT INTO gzx.t_ums_role_resource (id, create_time, creator, res_id, role_id, state, type, update_time, updator) VALUES (32, '2019-03-12 15:48:56', 0, 45, 1, 1, 1, null, 0);
INSERT INTO gzx.t_ums_role_resource (id, create_time, creator, res_id, role_id, state, type, update_time, updator) VALUES (39, '2019-03-13 07:07:29', 0, 5, 1, 1, 1, null, 0);
INSERT INTO gzx.t_ums_role_resource (id, create_time, creator, res_id, role_id, state, type, update_time, updator) VALUES (40, '2019-03-13 10:00:32', 0, 66, 1, 1, 1, null, 0);
INSERT INTO gzx.t_ums_role_resource (id, create_time, creator, res_id, role_id, state, type, update_time, updator) VALUES (41, '2019-03-13 20:44:55', 0, 5, 2, 100, 0, '2019-03-13 21:59:18', 0);
INSERT INTO gzx.t_ums_role_resource (id, create_time, creator, res_id, role_id, state, type, update_time, updator) VALUES (42, '2019-03-13 20:45:43', 0, 5, 2, 1, 1, null, 0);
INSERT INTO gzx.t_ums_role_resource (id, create_time, creator, res_id, role_id, state, type, update_time, updator) VALUES (43, '2019-03-13 20:46:07', 0, 7, 4, 1, 1, null, 0);
INSERT INTO gzx.t_ums_role_resource (id, create_time, creator, res_id, role_id, state, type, update_time, updator) VALUES (44, '2019-03-13 20:46:32', 0, 39, 5, 100, 1, '2019-03-20 09:21:59', 0);
INSERT INTO gzx.t_ums_role_resource (id, create_time, creator, res_id, role_id, state, type, update_time, updator) VALUES (45, '2019-03-13 20:46:44', 0, 3, 6, 1, 1, null, 0);
INSERT INTO gzx.t_ums_role_resource (id, create_time, creator, res_id, role_id, state, type, update_time, updator) VALUES (46, '2019-03-13 20:46:57', 0, 1, 7, 100, 1, '2019-03-20 09:34:22', 0);
INSERT INTO gzx.t_ums_role_resource (id, create_time, creator, res_id, role_id, state, type, update_time, updator) VALUES (47, '2019-03-20 20:53:55', 0, 11, 1, 100, 1, null, 0);
INSERT INTO gzx.t_ums_role_resource (id, create_time, creator, res_id, role_id, state, type, update_time, updator) VALUES (48, '2019-03-19 02:46:13', 0, 68, 1, 1, 1, null, 0);
INSERT INTO gzx.t_ums_role_resource (id, create_time, creator, res_id, role_id, state, type, update_time, updator) VALUES (49, '2019-03-20 04:18:17', 0, 69, 1, 1, 1, null, 0);
INSERT INTO gzx.t_ums_role_resource (id, create_time, creator, res_id, role_id, state, type, update_time, updator) VALUES (50, '2019-03-20 06:00:19', 0, 70, 1, 1, 1, null, 0);
INSERT INTO gzx.t_ums_role_resource (id, create_time, creator, res_id, role_id, state, type, update_time, updator) VALUES (51, '2019-03-20 06:01:06', 0, 67, 1, 1, 1, null, 0);
INSERT INTO gzx.t_ums_role_resource (id, create_time, creator, res_id, role_id, state, type, update_time, updator) VALUES (52, '2019-03-20 06:01:31', 0, 6, 1, 1, 1, null, 0);
INSERT INTO gzx.t_ums_role_resource (id, create_time, creator, res_id, role_id, state, type, update_time, updator) VALUES (53, '2019-03-20 09:21:10', 0, 39, 5, 1, 1, null, 0);
INSERT INTO gzx.t_ums_role_resource (id, create_time, creator, res_id, role_id, state, type, update_time, updator) VALUES (54, '2019-03-20 09:21:23', 0, 40, 5, 1, 1, null, 0);
INSERT INTO gzx.t_ums_role_resource (id, create_time, creator, res_id, role_id, state, type, update_time, updator) VALUES (55, '2019-03-20 09:21:36', 0, 41, 5, 1, 1, null, 0);
INSERT INTO gzx.t_ums_role_resource (id, create_time, creator, res_id, role_id, state, type, update_time, updator) VALUES (56, '2019-03-20 09:22:31', 0, 42, 0, 1, 1, null, 0);
INSERT INTO gzx.t_ums_role_resource (id, create_time, creator, res_id, role_id, state, type, update_time, updator) VALUES (57, '2019-03-20 09:22:46', 0, 43, 5, 1, 1, null, 0);
INSERT INTO gzx.t_ums_role_resource (id, create_time, creator, res_id, role_id, state, type, update_time, updator) VALUES (58, '2019-03-20 09:23:13', 0, 44, 5, 1, 1, null, 0);
INSERT INTO gzx.t_ums_role_resource (id, create_time, creator, res_id, role_id, state, type, update_time, updator) VALUES (59, '2019-03-20 09:23:26', 0, 66, 5, 1, 1, null, 0);
INSERT INTO gzx.t_ums_role_resource (id, create_time, creator, res_id, role_id, state, type, update_time, updator) VALUES (60, '2019-03-20 09:23:57', 0, 42, 5, 1, 1, null, 0);
INSERT INTO gzx.t_ums_role_resource (id, create_time, creator, res_id, role_id, state, type, update_time, updator) VALUES (61, '2019-03-20 09:24:36', 0, 8, 4, 1, 1, null, 0);
INSERT INTO gzx.t_ums_role_resource (id, create_time, creator, res_id, role_id, state, type, update_time, updator) VALUES (62, '2019-03-20 09:25:14', 0, 37, 4, 1, 1, null, 0);
INSERT INTO gzx.t_ums_role_resource (id, create_time, creator, res_id, role_id, state, type, update_time, updator) VALUES (63, '2019-03-20 09:25:43', 0, 4, 6, 1, 1, null, 0);
INSERT INTO gzx.t_ums_role_resource (id, create_time, creator, res_id, role_id, state, type, update_time, updator) VALUES (64, '2019-03-20 09:26:09', 0, 29, 6, 1, 1, null, 0);
INSERT INTO gzx.t_ums_role_resource (id, create_time, creator, res_id, role_id, state, type, update_time, updator) VALUES (65, '2019-03-20 09:26:33', 0, 30, 6, 1, 1, null, 0);
INSERT INTO gzx.t_ums_role_resource (id, create_time, creator, res_id, role_id, state, type, update_time, updator) VALUES (66, '2019-03-20 09:26:47', 0, 31, 6, 1, 1, null, 0);
INSERT INTO gzx.t_ums_role_resource (id, create_time, creator, res_id, role_id, state, type, update_time, updator) VALUES (67, '2019-03-20 09:27:01', 0, 32, 6, 1, 1, null, 0);
INSERT INTO gzx.t_ums_role_resource (id, create_time, creator, res_id, role_id, state, type, update_time, updator) VALUES (68, '2019-03-20 09:27:13', 0, 33, 6, 1, 1, null, 0);
INSERT INTO gzx.t_ums_role_resource (id, create_time, creator, res_id, role_id, state, type, update_time, updator) VALUES (69, '2019-03-20 09:27:28', 0, 34, 6, 100, 1, '2019-03-20 09:28:15', 0);
INSERT INTO gzx.t_ums_role_resource (id, create_time, creator, res_id, role_id, state, type, update_time, updator) VALUES (70, '2019-03-20 09:27:45', 0, 34, 6, 1, 1, null, 0);
INSERT INTO gzx.t_ums_role_resource (id, create_time, creator, res_id, role_id, state, type, update_time, updator) VALUES (71, '2019-03-20 09:27:59', 0, 67, 6, 1, 1, null, 0);
INSERT INTO gzx.t_ums_role_resource (id, create_time, creator, res_id, role_id, state, type, update_time, updator) VALUES (72, '2019-03-20 09:29:18', 0, 1, 2, 1, 1, null, 0);
INSERT INTO gzx.t_ums_role_resource (id, create_time, creator, res_id, role_id, state, type, update_time, updator) VALUES (73, '2019-03-20 09:29:31', 0, 2, 2, 1, 1, null, 0);
INSERT INTO gzx.t_ums_role_resource (id, create_time, creator, res_id, role_id, state, type, update_time, updator) VALUES (74, '2019-03-20 09:30:16', 0, 36, 2, 1, 1, null, 0);
INSERT INTO gzx.t_ums_role_resource (id, create_time, creator, res_id, role_id, state, type, update_time, updator) VALUES (75, '2019-03-20 09:32:05', 0, 1, 9, 100, 0, '2019-03-20 09:33:00', 0);
INSERT INTO gzx.t_ums_role_resource (id, create_time, creator, res_id, role_id, state, type, update_time, updator) VALUES (76, '2019-03-20 09:32:15', 0, 2, 9, 100, 0, '2019-03-20 09:33:04', 0);
INSERT INTO gzx.t_ums_role_resource (id, create_time, creator, res_id, role_id, state, type, update_time, updator) VALUES (77, '2019-03-20 09:32:22', 0, 1, 10, 100, 0, '2019-03-20 09:33:08', 0);
INSERT INTO gzx.t_ums_role_resource (id, create_time, creator, res_id, role_id, state, type, update_time, updator) VALUES (78, '2019-03-20 09:32:31', 0, 2, 10, 100, 0, '2019-03-20 09:33:11', 0);
INSERT INTO gzx.t_ums_role_resource (id, create_time, creator, res_id, role_id, state, type, update_time, updator) VALUES (79, '2019-03-20 09:33:22', 0, 1, 9, 100, 1, '2019-03-20 09:46:41', 0);
INSERT INTO gzx.t_ums_role_resource (id, create_time, creator, res_id, role_id, state, type, update_time, updator) VALUES (80, '2019-03-20 09:33:32', 0, 2, 9, 100, 1, '2019-03-20 09:46:45', 0);
INSERT INTO gzx.t_ums_role_resource (id, create_time, creator, res_id, role_id, state, type, update_time, updator) VALUES (81, '2019-03-20 09:33:41', 0, 1, 10, 100, 1, '2019-03-20 09:46:54', 0);
INSERT INTO gzx.t_ums_role_resource (id, create_time, creator, res_id, role_id, state, type, update_time, updator) VALUES (82, '2019-03-20 09:33:51', 0, 2, 10, 100, 1, '2019-03-20 09:46:58', 0);
INSERT INTO gzx.t_ums_role_resource (id, create_time, creator, res_id, role_id, state, type, update_time, updator) VALUES (83, '2019-03-20 09:38:42', 0, 1, 11, 100, 1, '2019-03-20 09:45:37', 0);
INSERT INTO gzx.t_ums_role_resource (id, create_time, creator, res_id, role_id, state, type, update_time, updator) VALUES (84, '2019-03-20 09:38:51', 0, 2, 11, 100, 1, '2019-03-20 09:45:45', 0);
INSERT INTO gzx.t_ums_role_resource (id, create_time, creator, res_id, role_id, state, type, update_time, updator) VALUES (85, '2019-03-20 09:39:01', 0, 5, 11, 100, 1, '2019-03-20 09:55:53', 0);
INSERT INTO gzx.t_ums_role_resource (id, create_time, creator, res_id, role_id, state, type, update_time, updator) VALUES (86, '2019-03-20 09:39:30', 0, 36, 11, 100, 1, '2019-03-20 09:45:52', 0);
INSERT INTO gzx.t_ums_role_resource (id, create_time, creator, res_id, role_id, state, type, update_time, updator) VALUES (87, '2019-03-20 09:39:44', 0, 6, 11, 1, 1, null, 0);
INSERT INTO gzx.t_ums_role_resource (id, create_time, creator, res_id, role_id, state, type, update_time, updator) VALUES (88, '2019-03-22 11:01:25', 0, 68, 13, 1, 1, null, 0);
INSERT INTO gzx.t_ums_role_resource (id, create_time, creator, res_id, role_id, state, type, update_time, updator) VALUES (89, '2019-03-22 11:01:45', 0, 69, 13, 1, 1, null, 0);
INSERT INTO gzx.t_ums_role_resource (id, create_time, creator, res_id, role_id, state, type, update_time, updator) VALUES (90, '2019-03-22 11:02:02', 0, 70, 13, 1, 1, null, 0);
INSERT INTO gzx.t_ums_role_resource (id, create_time, creator, res_id, role_id, state, type, update_time, updator) VALUES (91, '2019-03-22 11:05:05', 0, 35, 13, 1, 1, null, 0);
INSERT INTO gzx.t_ums_role_resource (id, create_time, creator, res_id, role_id, state, type, update_time, updator) VALUES (92, '2019-03-25 20:41:22', 0, 104, 1, 1, 1, null, 0);
INSERT INTO gzx.t_ums_role_resource (id, create_time, creator, res_id, role_id, state, type, update_time, updator) VALUES (93, '2019-03-25 20:41:34', 0, 105, 1, 1, 1, null, 0);
INSERT INTO gzx.t_ums_role_resource (id, create_time, creator, res_id, role_id, state, type, update_time, updator) VALUES (94, '2019-03-27 10:07:16', 0, 106, 2, 1, 1, null, 0);
INSERT INTO gzx.t_ums_role_resource (id, create_time, creator, res_id, role_id, state, type, update_time, updator) VALUES (95, '2019-03-29 02:58:08', 0, 107, 4, 1, 1, null, 0);
INSERT INTO gzx.t_ums_role_resource (id, create_time, creator, res_id, role_id, state, type, update_time, updator) VALUES (96, '2019-03-29 02:58:19', 0, 108, 4, 1, 1, null, 0);
INSERT INTO gzx.t_ums_role_resource (id, create_time, creator, res_id, role_id, state, type, update_time, updator) VALUES (97, '2019-03-29 02:58:31', 0, 109, 4, 1, 1, null, 0);
INSERT INTO gzx.t_ums_role_resource (id, create_time, creator, res_id, role_id, state, type, update_time, updator) VALUES (98, '2019-03-29 02:58:47', 0, 38, 4, 1, 1, null, 0);
INSERT INTO gzx.t_ums_role_resource (id, create_time, creator, res_id, role_id, state, type, update_time, updator) VALUES (99, '2019-03-30 08:55:06', 0, 110, 13, 1, 0, null, 0);
INSERT INTO gzx.t_ums_role_resource (id, create_time, creator, res_id, role_id, state, type, update_time, updator) VALUES (100, '2019-03-30 11:16:39', 0, 111, 11, 1, 1, null, 0);
INSERT INTO gzx.t_ums_role_resource (id, create_time, creator, res_id, role_id, state, type, update_time, updator) VALUES (101, '2019-03-30 11:16:49', 0, 111, 1, 1, 1, null, 0);
INSERT INTO gzx.t_ums_role_resource (id, create_time, creator, res_id, role_id, state, type, update_time, updator) VALUES (102, '2019-04-01 07:16:16', 0, 112, 13, 1, 1, null, 0);
INSERT INTO gzx.t_ums_role_resource (id, create_time, creator, res_id, role_id, state, type, update_time, updator) VALUES (103, '2019-04-01 07:16:38', 0, 112, 1, 1, 1, null, 0);
INSERT INTO gzx.t_ums_role_resource (id, create_time, creator, res_id, role_id, state, type, update_time, updator) VALUES (104, '2019-04-12 07:52:32', 0, 115, 1, 1, 1, null, 0);
INSERT INTO gzx.t_ums_role_resource (id, create_time, creator, res_id, role_id, state, type, update_time, updator) VALUES (105, '2019-04-15 06:37:01', 0, 116, 1, 1, 1, null, 0);
INSERT INTO gzx.t_ums_user (id, create_time, creator, last_log_in_time, password, state, update_time, updator, user_name, dduser_name) VALUES (0, '2019-03-14 19:31:25', 0, null, '0', 1, '2019-03-14 19:31:44', 0, '全部', null);
INSERT INTO gzx.t_ums_user (id, create_time, creator, last_log_in_time, password, state, update_time, updator, user_name, dduser_name) VALUES (1, '2018-12-12 09:17:09', 1, '2018-12-12 09:50:18', 'C4CA4238A0B923820DCC509A6F75849B', 1, '2019-03-14 02:55:41', 0, 'admin', null);
INSERT INTO gzx.t_ums_user (id, create_time, creator, last_log_in_time, password, state, update_time, updator, user_name, dduser_name) VALUES (7, '2019-03-22 10:24:54', 0, null, 'C4CA4238A0B923820DCC509A6F75849B', 1, null, 0, 'wanghm', null);
INSERT INTO gzx.t_ums_user (id, create_time, creator, last_log_in_time, password, state, update_time, updator, user_name, dduser_name) VALUES (8, '2019-03-22 10:25:11', 0, null, 'C4CA4238A0B923820DCC509A6F75849B', 1, null, 0, 'liuys', null);
INSERT INTO gzx.t_ums_user (id, create_time, creator, last_log_in_time, password, state, update_time, updator, user_name, dduser_name) VALUES (9, '2019-03-22 10:25:20', 0, null, 'C4CA4238A0B923820DCC509A6F75849B', 1, null, 0, 'liuxs', null);
INSERT INTO gzx.t_ums_user (id, create_time, creator, last_log_in_time, password, state, update_time, updator, user_name, dduser_name) VALUES (10, '2019-03-22 10:25:38', 0, null, 'C4CA4238A0B923820DCC509A6F75849B', 1, null, 0, 'lixin', null);
INSERT INTO gzx.t_ums_user (id, create_time, creator, last_log_in_time, password, state, update_time, updator, user_name, dduser_name) VALUES (13, '2019-03-22 10:45:43', 0, null, 'C4CA4238A0B923820DCC509A6F75849B', 1, null, 0, 'zhangxs', null);
INSERT INTO gzx.t_ums_user (id, create_time, creator, last_log_in_time, password, state, update_time, updator, user_name, dduser_name) VALUES (14, '2019-03-22 10:46:42', 0, null, 'C4CA4238A0B923820DCC509A6F75849B', 1, null, 0, 'hexu', null);
INSERT INTO gzx.t_ums_user (id, create_time, creator, last_log_in_time, password, state, update_time, updator, user_name, dduser_name) VALUES (15, '2019-03-28 06:49:05', 0, null, 'C4CA4238A0B923820DCC509A6F75849B', 1, null, 0, 'wangxs', null);
INSERT INTO gzx.t_ums_user (id, create_time, creator, last_log_in_time, password, state, update_time, updator, user_name, dduser_name) VALUES (16, '2019-03-28 07:08:28', 0, null, 'B6D767D2F8ED5D21A44B0E5886680CB9', 1, '2019-04-02 00:14:44', 16, 'zhangxx', null);
INSERT INTO gzx.t_ums_user_role (id, create_time, creator, role_id, state, update_time, updator, user_id) VALUES (1, '2019-03-10 21:57:07', 0, 1, 100, '2019-03-13 09:57:20', 0, 2);
INSERT INTO gzx.t_ums_user_role (id, create_time, creator, role_id, state, update_time, updator, user_id) VALUES (2, '2019-03-10 21:57:14', 0, 1, 1, null, 0, 1);
INSERT INTO gzx.t_ums_user_role (id, create_time, creator, role_id, state, update_time, updator, user_id) VALUES (3, '2019-03-13 21:54:55', 0, 2, 1, null, 0, 7);
INSERT INTO gzx.t_ums_user_role (id, create_time, creator, role_id, state, update_time, updator, user_id) VALUES (4, '2019-03-22 10:32:31', 0, 2, 1, null, 0, 8);
INSERT INTO gzx.t_ums_user_role (id, create_time, creator, role_id, state, update_time, updator, user_id) VALUES (5, '2019-03-22 10:32:45', 0, 2, 1, null, 0, 9);
INSERT INTO gzx.t_ums_user_role (id, create_time, creator, role_id, state, update_time, updator, user_id) VALUES (6, '2019-03-22 10:33:00', 0, 2, 1, null, 0, 10);
INSERT INTO gzx.t_ums_user_role (id, create_time, creator, role_id, state, update_time, updator, user_id) VALUES (7, '2019-03-22 10:33:10', 0, 2, 100, '2019-03-22 10:47:41', 0, 11);
INSERT INTO gzx.t_ums_user_role (id, create_time, creator, role_id, state, update_time, updator, user_id) VALUES (8, '2019-03-22 10:33:21', 0, 2, 100, '2019-03-22 10:47:43', 0, 12);
INSERT INTO gzx.t_ums_user_role (id, create_time, creator, role_id, state, update_time, updator, user_id) VALUES (9, '2019-03-22 10:49:04', 0, 2, 1, null, 0, 13);
INSERT INTO gzx.t_ums_user_role (id, create_time, creator, role_id, state, update_time, updator, user_id) VALUES (10, '2019-03-22 10:49:13', 0, 2, 1, null, 0, 14);
INSERT INTO gzx.t_ums_user_role (id, create_time, creator, role_id, state, update_time, updator, user_id) VALUES (11, '2019-03-22 11:02:28', 0, 13, 1, null, 0, 7);
INSERT INTO gzx.t_ums_user_role (id, create_time, creator, role_id, state, update_time, updator, user_id) VALUES (12, '2019-03-22 11:06:21', 0, 6, 1, null, 0, 10);
INSERT INTO gzx.t_ums_user_role (id, create_time, creator, role_id, state, update_time, updator, user_id) VALUES (13, '2019-03-22 11:07:03', 0, 4, 1, null, 0, 10);
INSERT INTO gzx.t_ums_user_role (id, create_time, creator, role_id, state, update_time, updator, user_id) VALUES (14, '2019-03-28 06:49:19', 0, 2, 1, null, 0, 15);
INSERT INTO gzx.t_ums_user_role (id, create_time, creator, role_id, state, update_time, updator, user_id) VALUES (15, '2019-03-28 07:10:39', 0, 2, 1, null, 0, 16);
INSERT INTO gzx.t_user_role (id, create_time, creator, role_id, state, update_time, updator, user_id) VALUES (1, '2018-12-12 17:24:57', 1, 1, 1, null, 1, 1);
INSERT INTO gzx.t_user_role (id, create_time, creator, role_id, state, update_time, updator, user_id) VALUES (3, '2018-12-12 17:37:32', 1, 2, 1, null, 1, 2);
INSERT INTO gzx.t_util_calc_formula (id, begin_date, create_time, creator, end_date, expression, name, state, type, update_time, updator) VALUES (4, '2018-12-31 10:00:00', '2019-03-25 22:27:57', 0, '2019-12-31 10:00:00', '(orderArea==1||orderArea==2||orderArea==3)&&(demandDate==applyDateAdd1Day)&&amount<=8000000?(0.008*using10DaysNum+0.003*using3DaysNum)*amount:0', '利息1', 1, 1, null, 0);
INSERT INTO gzx.t_util_calc_formula (id, begin_date, create_time, creator, end_date, expression, name, state, type, update_time, updator) VALUES (8, '2018-12-31 10:00:00', '2019-03-25 22:36:51', 0, '2019-12-31 10:00:00', '(orderArea==1||orderArea==2||orderArea==3)&&(demandDate==applyDateAdd1Day)&&amount>8000000?(0.009*using10DaysNum+0.003*using3DaysNum)*amount:0', '利息2', 1, 1, null, 0);
INSERT INTO gzx.t_util_calc_formula (id, begin_date, create_time, creator, end_date, expression, name, state, type, update_time, updator) VALUES (9, '2018-12-31 10:00:00', '2019-03-25 22:48:35', 0, '2019-12-31 10:00:00', '(orderArea==1||orderArea==2||orderArea==3)&&(demandDate!=applyDateAdd1Day)&&amount<=8000000&&nextOrg==1?(0.0068*using10DaysNum+0.003*using3DaysNum)*amount:0', '利息5', 1, 1, null, 0);
INSERT INTO gzx.t_util_calc_formula (id, begin_date, create_time, creator, end_date, expression, name, state, type, update_time, updator) VALUES (11, '2018-12-31 10:00:00', '2019-03-25 22:50:16', 0, '2019-12-31 10:00:00', '(orderArea==1||orderArea==2||orderArea==3)&&(demandDate!=applyDateAdd1Day)&&amount<=8000000&&nextOrg==2?(0.0075*using10DaysNum+0.003*using3DaysNum)*amount:0', '利息7', 1, 1, null, 0);
INSERT INTO gzx.t_util_calc_formula (id, begin_date, create_time, creator, end_date, expression, name, state, type, update_time, updator) VALUES (13, '2018-12-31 10:00:00', '2019-03-25 22:52:33', 0, '2019-12-31 10:00:00', '(orderArea==1||orderArea==2||orderArea==3)&&(demandDate!=applyDateAdd1Day)&&amount>8000000&&amount<=13000000?(0.008*using10DaysNum+0.003*using3DaysNum)*amount:0', '利息9', 1, 1, null, 0);
INSERT INTO gzx.t_util_calc_formula (id, begin_date, create_time, creator, end_date, expression, name, state, type, update_time, updator) VALUES (15, '2018-12-31 10:00:00', '2019-03-25 22:56:38', 0, '2019-12-31 10:00:00', 'orderArea==4&&(demandDate==applyDateAdd1Day)?(0.009*using10DaysNum+0.003*using3DaysNum)*amount:0', '利息11', 1, 1, null, 0);
INSERT INTO gzx.t_util_calc_formula (id, begin_date, create_time, creator, end_date, expression, name, state, type, update_time, updator) VALUES (17, '2018-12-31 10:00:00', '2019-03-25 22:57:18', 0, '2019-12-31 10:00:00', 'orderArea==4&&(demandDate==applyDateAdd2Day)?(0.008*using10DaysNum+0.003*using3DaysNum)*amount:0', '利息12', 1, 1, null, 0);
INSERT INTO gzx.t_util_calc_formula (id, begin_date, create_time, creator, end_date, expression, name, state, type, update_time, updator) VALUES (18, '2018-12-31 10:00:00', '2019-03-25 22:58:51', 0, '2019-12-31 10:00:00', 'busiType==5?(0.008*using10DaysNum+0.003*using3DaysNum)*amount:0', '利息13', 1, 1, null, 0);
INSERT INTO gzx.t_util_calc_formula (id, begin_date, create_time, creator, end_date, expression, name, state, type, update_time, updator) VALUES (19, '2018-12-31 10:00:00', '2019-03-26 00:45:51', 0, '2019-12-31 10:00:00', '(orderArea==1||orderArea==2||orderArea==3)&&mortgageNum1>=1?(600+(mortgageNum1-1)*200):0', '下户1', 1, 2, '2019-03-26 03:06:20', 0);
INSERT INTO gzx.t_util_calc_formula (id, begin_date, create_time, creator, end_date, expression, name, state, type, update_time, updator) VALUES (20, '2018-12-31 10:00:00', '2019-03-26 00:46:38', 0, '2019-12-31 10:00:00', '(orderArea==4&&mortgageNum1>=1)?(1500+(mortgageNum1-1)*200):0', '下户2', 1, 2, '2019-03-26 03:07:58', 0);
INSERT INTO gzx.t_util_calc_formula (id, begin_date, create_time, creator, end_date, expression, name, state, type, update_time, updator) VALUES (22, '2018-12-31 10:00:00', '2019-03-26 00:48:17', 0, '2019-12-31 10:00:00', '0.002*amount', '律师费', 1, 3, null, 0);
INSERT INTO gzx.t_util_calc_formula (id, begin_date, create_time, creator, end_date, expression, name, state, type, update_time, updator) VALUES (23, '2018-12-31 10:00:00', '2019-03-26 03:06:54', 0, '2019-12-31 10:00:00', '(orderArea==1||orderArea==2||orderArea==3)&&mortgageNum2>=1?(1200+(mortgageNum2-1)*200):0', '下户3', 1, 2, null, 0);
INSERT INTO gzx.t_util_calc_formula (id, begin_date, create_time, creator, end_date, expression, name, state, type, update_time, updator) VALUES (24, '2018-12-31 10:00:00', '2019-03-26 03:08:23', 0, '2019-12-31 10:00:00', '(orderArea==4&&mortgageNum2>=1)?(1500+(mortgageNum2-1)*200):0', '下户4', 1, 2, null, 0);
INSERT INTO gzx.t_util_calc_formula (id, begin_date, create_time, creator, end_date, expression, name, state, type, update_time, updator) VALUES (25, '2018-12-31 10:00:00', '2019-03-26 10:02:12', 0, '2019-12-31 10:00:00', 'enterCompanyYYYMM==calcYYYYMM&&positionId==2&&enterCompanyDay>=1&&enterCompanyDay<=10&&monthInterest>30000?4000:0', '专员工资1', 1, 4, null, 0);
INSERT INTO gzx.t_util_calc_formula (id, begin_date, create_time, creator, end_date, expression, name, state, type, update_time, updator) VALUES (26, '2018-12-31 10:00:00', '2019-03-26 10:02:58', 0, '2019-12-31 10:00:00', 'enterCompanyYYYMM==calcYYYYMM&&positionId==2&&enterCompanyDay>=1&&enterCompanyDay<=10&&monthInterest<=30000?2500:0', '专员工资2', 1, 4, null, 0);
INSERT INTO gzx.t_util_calc_formula (id, begin_date, create_time, creator, end_date, expression, name, state, type, update_time, updator) VALUES (27, '2018-12-31 10:00:00', '2019-03-26 10:04:06', 0, '2019-12-31 10:00:00', 'enterCompanyYYYMM==calcYYYYMM&&positionId==2&&enterCompanyDay>10&&enterCompanyDay<=20&&monthInterest>15000?4000:0', '专员工资3', 1, 4, '2019-03-26 10:05:07', 0);
INSERT INTO gzx.t_util_calc_formula (id, begin_date, create_time, creator, end_date, expression, name, state, type, update_time, updator) VALUES (28, '2018-12-31 10:00:00', '2019-03-26 10:04:54', 0, '2019-12-31 10:00:00', 'enterCompanyYYYMM==calcYYYYMM&&positionId==2&&enterCompanyDay>10&&enterCompanyDay<=20&&monthInterest<=15000?2500:0', '专员工资4', 1, 4, null, 0);
INSERT INTO gzx.t_util_calc_formula (id, begin_date, create_time, creator, end_date, expression, name, state, type, update_time, updator) VALUES (29, '2018-12-31 10:00:00', '2019-03-26 10:07:07', 0, '2019-12-31 10:00:00', 'enterCompanyYYYMM==calcYYYYMM&&positionId==10&&enterCompanyDay>=1&&enterCompanyDay<=10&&groupInterest>300000?7000:0', '经理工资1', 1, 6, null, 0);
INSERT INTO gzx.t_util_calc_formula (id, begin_date, create_time, creator, end_date, expression, name, state, type, update_time, updator) VALUES (30, '2018-12-31 10:00:00', '2019-03-26 10:07:54', 0, '2019-12-31 10:00:00', 'enterCompanyYYYMM==calcYYYYMM&&positionId==10&&enterCompanyDay>=1&&enterCompanyDay<=10&&groupInterest<=300000?5000:0', '经理工资2', 1, 6, null, 0);
INSERT INTO gzx.t_util_calc_formula (id, begin_date, create_time, creator, end_date, expression, name, state, type, update_time, updator) VALUES (31, '2018-12-31 10:00:00', '2019-03-26 10:08:59', 0, '2019-12-31 10:00:00', 'enterCompanyYYYMM==calcYYYYMM&&positionId==10&&enterCompanyDay>10&&enterCompanyDay<=20&&groupInterest>150000?7000:0', '经理工资3', 1, 6, null, 0);
INSERT INTO gzx.t_util_calc_formula (id, begin_date, create_time, creator, end_date, expression, name, state, type, update_time, updator) VALUES (32, '2018-12-31 10:00:00', '2019-03-26 10:09:46', 0, '2019-12-31 10:00:00', 'enterCompanyYYYMM==calcYYYYMM&&positionId==10&&enterCompanyDay>10&&enterCompanyDay<=20&&groupInterest<=150000?5000:0', '经理工资4', 1, 6, null, 0);
INSERT INTO gzx.t_util_calc_formula (id, begin_date, create_time, creator, end_date, expression, name, state, type, update_time, updator) VALUES (33, '2018-12-31 10:00:00', '2019-03-26 10:10:40', 0, '2019-12-31 10:00:00', 'enterCompanyYYYMM==calcYYYYMM&&positionId==10&&enterCompanyDay>20?7000:0', '经理工资5', 1, 6, null, 0);
INSERT INTO gzx.t_util_calc_formula (id, begin_date, create_time, creator, end_date, expression, name, state, type, update_time, updator) VALUES (34, '2018-12-31 10:00:00', '2019-03-26 10:12:19', 0, '2019-12-31 10:00:00', 'enterCompanyYYYMM==calcYYYYMM&&positionId==2&&enterCompanyDay>20?4000:0', '专员工资5', 1, 4, null, 0);
INSERT INTO gzx.t_util_calc_formula (id, begin_date, create_time, creator, end_date, expression, name, state, type, update_time, updator) VALUES (35, '2018-12-31 10:00:00', '2019-03-26 10:22:37', 0, '2019-12-31 10:00:00', 'enterCompanyYYYMM!=calcYYYYMM&&positionId==2&&monthInterest>30000&&newBusinessCount>=1?4000:0', '专员工资6', 1, 4, null, 0);
INSERT INTO gzx.t_util_calc_formula (id, begin_date, create_time, creator, end_date, expression, name, state, type, update_time, updator) VALUES (36, '2018-12-31 10:00:00', '2019-03-26 10:26:30', 0, '2019-12-31 10:00:00', 'enterCompanyYYYMM!=calcYYYYMM&&positionId==2&&monthInterest<=30000?2500:0', '专员工资7', 1, 4, '2019-03-26 10:27:50', 0);
INSERT INTO gzx.t_util_calc_formula (id, begin_date, create_time, creator, end_date, expression, name, state, type, update_time, updator) VALUES (37, '2018-12-31 10:00:00', '2019-03-26 10:29:30', 0, '2019-12-31 10:00:00', 'enterCompanyYYYMM!=calcYYYYMM&&positionId==10&&groupInterest>300000&&groupCount>=6?7000:0', '经理工资6', 1, 6, null, 0);
INSERT INTO gzx.t_util_calc_formula (id, begin_date, create_time, creator, end_date, expression, name, state, type, update_time, updator) VALUES (38, '2018-12-31 10:00:00', '2019-03-26 10:30:28', 0, '2019-12-31 10:00:00', 'enterCompanyYYYMM!=calcYYYYMM&&positionId==10&&(groupInterest<=300000||groupCount<6)?5000:0', '经理工资7', 1, 6, null, 0);
INSERT INTO gzx.t_util_calc_formula (id, begin_date, create_time, creator, end_date, expression, name, state, type, update_time, updator) VALUES (39, '2018-12-31 10:00:00', '2019-03-26 10:32:51', 0, '2019-12-31 10:00:00', 'monthInterest>50000?0.08*orderInterest:0', '专员提成1', 1, 5, '2019-03-28 01:14:57', 0);
INSERT INTO gzx.t_util_calc_formula (id, begin_date, create_time, creator, end_date, expression, name, state, type, update_time, updator) VALUES (40, '2018-12-31 10:00:00', '2019-03-26 10:33:26', 0, '2019-12-31 10:00:00', 'monthInterest<=50000?0.05*orderInterest:0', '专员提成2', 1, 5, '2019-03-28 01:15:12', 0);
INSERT INTO gzx.t_util_calc_formula (id, begin_date, create_time, creator, end_date, expression, name, state, type, update_time, updator) VALUES (41, '2018-12-31 10:00:00', '2019-03-26 10:34:12', 0, '2019-12-31 10:00:00', 'groupInterest>600000?0.04*groupInterest:0', '经理提成1', 1, 7, null, 0);
INSERT INTO gzx.t_util_calc_formula (id, begin_date, create_time, creator, end_date, expression, name, state, type, update_time, updator) VALUES (42, '2018-12-31 10:00:00', '2019-03-26 10:35:47', 0, '2019-12-31 10:00:00', 'groupInterest>300000&&groupInterest<=600000?0.02*groupInterest:0', '经理提成2', 1, 7, null, 0);
INSERT INTO gzx.t_util_calc_formula (id, begin_date, create_time, creator, end_date, expression, name, state, type, update_time, updator) VALUES (43, '2018-12-31 10:00:00', '2019-03-26 10:36:23', 0, '2019-12-31 10:00:00', 'groupInterest<=300000?0.01*groupInterest:0', '经理提成3', 1, 7, null, 0);
INSERT INTO gzx.t_util_calc_formula (id, begin_date, create_time, creator, end_date, expression, name, state, type, update_time, updator) VALUES (44, '2018-12-31 10:00:00', '2019-03-28 01:55:17', 0, '2019-12-31 10:00:00', '0.05*orderInterest', '专员最低提成', 1, 8, null, 0);
INSERT INTO gzx.t_util_calc_formula (id, begin_date, create_time, creator, end_date, expression, name, state, type, update_time, updator) VALUES (45, '2018-12-31 10:00:00', '2019-03-28 01:55:43', 0, '2019-12-31 10:00:00', '0.08*orderInterest', '专员最高提成', 1, 9, null, 0);
INSERT INTO gzx.t_util_calc_formula (id, begin_date, create_time, creator, end_date, expression, name, state, type, update_time, updator) VALUES (46, '2018-12-31 10:00:00', '2019-03-28 01:57:52', 0, '2019-12-31 10:00:00', '0.07*orderInterest', '外勤提成', 1, 10, null, 0);
INSERT INTO gzx.t_util_calc_formula (id, begin_date, create_time, creator, end_date, expression, name, state, type, update_time, updator) VALUES (47, '2018-12-31 10:00:00', '2019-03-30 21:47:16', 0, '2019-12-31 10:00:00', '0.04*orderInterest', '经理最高提成', 1, 11, '2019-03-30 21:50:21', 0);
INSERT INTO gzx.t_util_calc_formula (id, begin_date, create_time, creator, end_date, expression, name, state, type, update_time, updator) VALUES (48, '2018-12-31 10:00:00', '2019-03-30 21:47:32', 0, '2019-12-31 10:00:00', '0.01*orderInterest', '经理最低', 1, 12, '2019-03-30 21:50:39', 0);
INSERT INTO gzx.t_util_calc_param (id, create_time, creator, expression, formula_id, name, state, update_time, updator, formula_type_id, para_desc) VALUES (1, '2019-03-26 01:11:15', 0, 'area', null, '区域', 1, null, 0, 1, '');
INSERT INTO gzx.t_util_calc_param (id, create_time, creator, expression, formula_id, name, state, update_time, updator, formula_type_id, para_desc) VALUES (2, '2019-03-26 01:11:47', 0, 'usingDateAdd1', null, '用款日加1天', 1, null, 0, 1, '都按照当天的零时零点');
INSERT INTO gzx.t_util_calc_param (id, create_time, creator, expression, formula_id, name, state, update_time, updator, formula_type_id, para_desc) VALUES (3, '2019-03-26 01:12:00', 0, 'applyDate', null, '申请日', 1, null, 0, 1, '');
INSERT INTO gzx.t_util_calc_param (id, create_time, creator, expression, formula_id, name, state, update_time, updator, formula_type_id, para_desc) VALUES (4, '2019-03-26 01:12:13', 0, 'amount', null, '垫资金额', 1, null, 0, 1, '');
INSERT INTO gzx.t_util_calc_param (id, create_time, creator, expression, formula_id, name, state, update_time, updator, formula_type_id, para_desc) VALUES (5, '2019-03-26 01:12:29', 0, 'usingDateAdd10', null, '用款日加10天', 1, null, 0, 1, '');
INSERT INTO gzx.t_util_calc_param (id, create_time, creator, expression, formula_id, name, state, update_time, updator, formula_type_id, para_desc) VALUES (6, '2019-03-26 01:12:43', 0, 'endDate', null, '用款结束日', 1, null, 0, 1, '');
INSERT INTO gzx.t_util_calc_param (id, create_time, creator, expression, formula_id, name, state, update_time, updator, formula_type_id, para_desc) VALUES (7, '2019-03-26 01:12:59', 0, 'usingDateAdd3', null, '用款日加3天', 1, null, 0, 1, '');
INSERT INTO gzx.t_util_calc_param (id, create_time, creator, expression, formula_id, name, state, update_time, updator, formula_type_id, para_desc) VALUES (8, '2019-03-26 01:13:16', 0, 'nextOrg', null, '下家机构', 1, null, 0, 1, '1、银行；2、机构');
INSERT INTO gzx.t_util_calc_param (id, create_time, creator, expression, formula_id, name, state, update_time, updator, formula_type_id, para_desc) VALUES (9, '2019-03-26 01:13:47', 0, 'busiType', null, '业务类型', 1, null, 0, 1, '');
INSERT INTO gzx.t_util_calc_param (id, create_time, creator, expression, formula_id, name, state, update_time, updator, formula_type_id, para_desc) VALUES (10, '2019-03-26 01:14:18', 0, 'mortgageNum', null, '抵押次数', 100, '2019-03-26 01:47:22', 0, 2, '');
INSERT INTO gzx.t_util_calc_param (id, create_time, creator, expression, formula_id, name, state, update_time, updator, formula_type_id, para_desc) VALUES (11, '2019-03-26 01:15:14', 0, 'houseNum', null, '机构下房子数', 100, '2019-03-26 01:47:23', 0, 2, '');
INSERT INTO gzx.t_util_calc_param (id, create_time, creator, expression, formula_id, name, state, update_time, updator, formula_type_id, para_desc) VALUES (12, '2019-03-26 01:16:40', 0, 'orgNum', null, '机构数', 100, '2019-03-26 01:47:26', 0, 2, '');
INSERT INTO gzx.t_util_calc_param (id, create_time, creator, expression, formula_id, name, state, update_time, updator, formula_type_id, para_desc) VALUES (13, '2019-03-26 01:48:10', 0, 'mortgageNum1', null, '一抵房子数', 1, null, 0, 2, '');
INSERT INTO gzx.t_util_calc_param (id, create_time, creator, expression, formula_id, name, state, update_time, updator, formula_type_id, para_desc) VALUES (14, '2019-03-26 01:48:24', 0, 'mortgageNum2', null, '二抵房子数', 1, null, 0, 2, '');
INSERT INTO gzx.t_util_format_info (id, busi_type, ch_name, create_time, creator, data_type, en_name, if_scatter, need_step, scatter_obj, state, update_time, updator, who_object, can_modify_role_set, can_see_role_set) VALUES (1, 2, '付息提醒日', '2019-04-12 17:22:53', 0, 4, 'payInterestAlertDate', 2, '-1', '', 1, null, 0, 1, '0', '2,7,16,14,6,11,12,8');
INSERT INTO gzx.t_util_format_info (id, busi_type, ch_name, create_time, creator, data_type, en_name, if_scatter, need_step, scatter_obj, state, update_time, updator, who_object, can_modify_role_set, can_see_role_set) VALUES (2, 2, '下次付息日', '2019-04-12 17:22:54', 0, 4, 'nextInterestPaymentDate', 2, '-1', '', 1, null, 0, 1, '0', '2,7,16,14,6,11,12,8');
INSERT INTO gzx.t_util_format_info (id, busi_type, ch_name, create_time, creator, data_type, en_name, if_scatter, need_step, scatter_obj, state, update_time, updator, who_object, can_modify_role_set, can_see_role_set) VALUES (3, 2, '提醒日期', '2019-04-12 17:22:54', 0, 4, 'reminderDate', 2, '-1', '', 1, null, 0, 1, '0', '2,7,16,14,6,11,12,8');
INSERT INTO gzx.t_util_format_info (id, busi_type, ch_name, create_time, creator, data_type, en_name, if_scatter, need_step, scatter_obj, state, update_time, updator, who_object, can_modify_role_set, can_see_role_set) VALUES (4, 2, '评估日期', '2019-04-12 17:22:54', 0, 4, 'assessmentDate', 2, '102', '', 1, null, 0, 1, '8', '2,7,16,14,6,11,12,8');
INSERT INTO gzx.t_util_format_info (id, busi_type, ch_name, create_time, creator, data_type, en_name, if_scatter, need_step, scatter_obj, state, update_time, updator, who_object, can_modify_role_set, can_see_role_set) VALUES (5, 2, '链家评估日期', '2019-04-12 17:22:54', 0, 4, 'chainFamilyEvaluationDate', 2, '102', '', 1, null, 0, 1, '8', '2,7,16,14,6,11,12,8');
INSERT INTO gzx.t_util_format_info (id, busi_type, ch_name, create_time, creator, data_type, en_name, if_scatter, need_step, scatter_obj, state, update_time, updator, who_object, can_modify_role_set, can_see_role_set) VALUES (6, 2, '大数据日期', '2019-04-12 17:22:54', 0, 4, 'bigDataDate', 2, '102', '', 1, null, 0, 1, '8', '2,7,16,14,6,11,12,8');
INSERT INTO gzx.t_util_format_info (id, busi_type, ch_name, create_time, creator, data_type, en_name, if_scatter, need_step, scatter_obj, state, update_time, updator, who_object, can_modify_role_set, can_see_role_set) VALUES (7, 2, '预约还款日', '2019-04-12 17:22:54', 0, 4, 'reservedRepaymentDate', 2, '123', '', 1, null, 0, 1, '7', '2,7,16,14,6,11,12,8');
INSERT INTO gzx.t_util_format_info (id, busi_type, ch_name, create_time, creator, data_type, en_name, if_scatter, need_step, scatter_obj, state, update_time, updator, who_object, can_modify_role_set, can_see_role_set) VALUES (8, 2, '上家核实到期日期', '2019-04-12 17:22:54', 0, 4, 'checkExpirationDate', 2, '111', '', 1, null, 0, 1, '7', '2,7,16,14,6,11,12,8');
INSERT INTO gzx.t_util_format_info (id, busi_type, ch_name, create_time, creator, data_type, en_name, if_scatter, need_step, scatter_obj, state, update_time, updator, who_object, can_modify_role_set, can_see_role_set) VALUES (9, 2, '上家核实日期', '2019-04-12 17:22:54', 0, 4, 'verificationDate', 2, '111', '', 1, null, 0, 1, '7', '2,7,16,14,6,11,12,8');
INSERT INTO gzx.t_util_format_info (id, busi_type, ch_name, create_time, creator, data_type, en_name, if_scatter, need_step, scatter_obj, state, update_time, updator, who_object, can_modify_role_set, can_see_role_set) VALUES (10, 2, '下家核实批贷日期', '2019-04-12 17:22:54', 0, 4, 'verificationApprovalDate', 2, '111', '', 1, null, 0, 1, '7', '2,7,16,14,6,11,12,8');
INSERT INTO gzx.t_util_format_info (id, busi_type, ch_name, create_time, creator, data_type, en_name, if_scatter, need_step, scatter_obj, state, update_time, updator, who_object, can_modify_role_set, can_see_role_set) VALUES (11, 2, '下家核实公证日期', '2019-04-12 17:22:54', 0, 4, 'verificationNotarizationDate', 2, '111', '', 1, null, 0, 1, '7', '2,7,16,14,6,11,12,8');
INSERT INTO gzx.t_util_format_info (id, busi_type, ch_name, create_time, creator, data_type, en_name, if_scatter, need_step, scatter_obj, state, update_time, updator, who_object, can_modify_role_set, can_see_role_set) VALUES (12, 2, '下家放款账户提供日期', '2019-04-12 17:22:54', 0, 4, 'accountProvisionDate', 2, '111', '', 1, null, 0, 1, '7', '2,7,16,14,6,11,12,8');
INSERT INTO gzx.t_util_format_info (id, busi_type, ch_name, create_time, creator, data_type, en_name, if_scatter, need_step, scatter_obj, state, update_time, updator, who_object, can_modify_role_set, can_see_role_set) VALUES (13, 2, '下家核实日期', '2019-04-12 17:22:54', 0, 4, 'nextVerificationDate', 2, '111', '', 1, null, 0, 1, '7', '2,7,16,14,6,11,12,8');
INSERT INTO gzx.t_util_format_info (id, busi_type, ch_name, create_time, creator, data_type, en_name, if_scatter, need_step, scatter_obj, state, update_time, updator, who_object, can_modify_role_set, can_see_role_set) VALUES (14, 2, '签约日期', '2019-04-12 17:22:54', 0, 4, 'reContractDate', 2, '112,114', '', 100, null, 0, 1, '7', '2,7,16,14,6,11,12,8');
INSERT INTO gzx.t_util_format_info (id, busi_type, ch_name, create_time, creator, data_type, en_name, if_scatter, need_step, scatter_obj, state, update_time, updator, who_object, can_modify_role_set, can_see_role_set) VALUES (15, 2, '卷齐日期', '2019-04-12 17:22:54', 0, 4, 'fileCollectionDate', 2, '112,114', '', 1, null, 0, 1, '7', '2,7,16,14,6,11,12,8');
INSERT INTO gzx.t_util_format_info (id, busi_type, ch_name, create_time, creator, data_type, en_name, if_scatter, need_step, scatter_obj, state, update_time, updator, who_object, can_modify_role_set, can_see_role_set) VALUES (16, 2, '报卷日期', '2019-04-12 17:22:54', 0, 4, 'fileReportDate', 2, '-1', '', 1, null, 0, 1, '0', '2,7,16,14,6,11,12,8');
INSERT INTO gzx.t_util_format_info (id, busi_type, ch_name, create_time, creator, data_type, en_name, if_scatter, need_step, scatter_obj, state, update_time, updator, who_object, can_modify_role_set, can_see_role_set) VALUES (17, 2, '批贷日期', '2019-04-12 17:22:54', 0, 4, 'approvedDate', 2, '118', '', 1, null, 0, 1, '8', '2,7,16,14,6,11,12,8');
INSERT INTO gzx.t_util_format_info (id, busi_type, ch_name, create_time, creator, data_type, en_name, if_scatter, need_step, scatter_obj, state, update_time, updator, who_object, can_modify_role_set, can_see_role_set) VALUES (18, 2, '证件收押日期', '2019-04-12 17:22:54', 0, 4, 'depositCertificatesDate', 2, '112,114', '', 1, null, 0, 1, '7', '2,7,16,14,6,11,12,8');
INSERT INTO gzx.t_util_format_info (id, busi_type, ch_name, create_time, creator, data_type, en_name, if_scatter, need_step, scatter_obj, state, update_time, updator, who_object, can_modify_role_set, can_see_role_set) VALUES (19, 2, '垫资放款日期', '2019-04-12 17:22:54', 0, 4, 'loanDate', 2, '-1', '', 1, null, 0, 1, '0', '2,7,16,14,6,11,12,8');
INSERT INTO gzx.t_util_format_info (id, busi_type, ch_name, create_time, creator, data_type, en_name, if_scatter, need_step, scatter_obj, state, update_time, updator, who_object, can_modify_role_set, can_see_role_set) VALUES (20, 2, '上家扣款日期', '2019-04-12 17:22:54', 0, 4, 'deductionDate', 2, '121', '', 1, null, 0, 1, '12', '2,7,16,14,6,11,12,8');
INSERT INTO gzx.t_util_format_info (id, busi_type, ch_name, create_time, creator, data_type, en_name, if_scatter, need_step, scatter_obj, state, update_time, updator, who_object, can_modify_role_set, can_see_role_set) VALUES (21, 2, '收费日期', '2019-04-12 17:22:54', 0, 4, 'feeDate', 2, '-1', '', 1, null, 0, 1, '0', '2,7,16,14,6,11,12,8');
INSERT INTO gzx.t_util_format_info (id, busi_type, ch_name, create_time, creator, data_type, en_name, if_scatter, need_step, scatter_obj, state, update_time, updator, who_object, can_modify_role_set, can_see_role_set) VALUES (22, 2, '上家房本预计领取日期', '2019-04-12 17:22:54', 0, 4, 'houseOwnershipExpectedReceiveDate', 2, '122', '', 1, null, 0, 1, '7', '2,7,16,14,6,11,12,8');
INSERT INTO gzx.t_util_format_info (id, busi_type, ch_name, create_time, creator, data_type, en_name, if_scatter, need_step, scatter_obj, state, update_time, updator, who_object, can_modify_role_set, can_see_role_set) VALUES (23, 2, '上家房本实际领取日期', '2019-04-12 17:22:54', 0, 4, 'houseOwnershipRealReceiveDate', 2, '-1', '', 1, null, 0, 1, '0', '2,7,16,14,6,11,12,8');
INSERT INTO gzx.t_util_format_info (id, busi_type, ch_name, create_time, creator, data_type, en_name, if_scatter, need_step, scatter_obj, state, update_time, updator, who_object, can_modify_role_set, can_see_role_set) VALUES (24, 2, '解压材料预计领取日期', '2019-04-12 17:22:54', 0, 4, 'unzipDocExpectedReceiveDate', 2, '122', '', 1, null, 0, 1, '7', '2,7,16,14,6,11,12,8');
INSERT INTO gzx.t_util_format_info (id, busi_type, ch_name, create_time, creator, data_type, en_name, if_scatter, need_step, scatter_obj, state, update_time, updator, who_object, can_modify_role_set, can_see_role_set) VALUES (25, 2, '解压材料实际领取日期', '2019-04-12 17:22:54', 0, 4, 'unzipDocRealReceiveDate', 2, '-1', '', 1, null, 0, 1, '0', '2,7,16,14,6,11,12,8');
INSERT INTO gzx.t_util_format_info (id, busi_type, ch_name, create_time, creator, data_type, en_name, if_scatter, need_step, scatter_obj, state, update_time, updator, who_object, can_modify_role_set, can_see_role_set) VALUES (26, 2, '解压材料解押日期', '2019-04-12 17:22:54', 0, 4, 'unzipDocUndepositDate', 2, '122', '', 1, null, 0, 1, '7', '2,7,16,14,6,11,12,8');
INSERT INTO gzx.t_util_format_info (id, busi_type, ch_name, create_time, creator, data_type, en_name, if_scatter, need_step, scatter_obj, state, update_time, updator, who_object, can_modify_role_set, can_see_role_set) VALUES (27, 2, '下家房本送至日期', '2019-04-12 17:22:54', 0, 4, 'nextHouseOwnershipSendDate', 2, '123', '', 1, null, 0, 1, '7', '2,7,16,14,6,11,12,8');
INSERT INTO gzx.t_util_format_info (id, busi_type, ch_name, create_time, creator, data_type, en_name, if_scatter, need_step, scatter_obj, state, update_time, updator, who_object, can_modify_role_set, can_see_role_set) VALUES (28, 2, '下家房本抵押日期', '2019-04-12 17:22:54', 0, 4, 'nextHouseOwnershipDepositDate', 2, '123', '', 1, null, 0, 1, '7', '2,7,16,14,6,11,12,8');
INSERT INTO gzx.t_util_format_info (id, busi_type, ch_name, create_time, creator, data_type, en_name, if_scatter, need_step, scatter_obj, state, update_time, updator, who_object, can_modify_role_set, can_see_role_set) VALUES (29, 2, '下家房本他证领取日期', '2019-04-12 17:22:54', 0, 4, 'nextHouseOtherReceiveDate', 2, '123', '', 1, null, 0, 1, '7', '2,7,16,14,6,11,12,8');
INSERT INTO gzx.t_util_format_info (id, busi_type, ch_name, create_time, creator, data_type, en_name, if_scatter, need_step, scatter_obj, state, update_time, updator, who_object, can_modify_role_set, can_see_role_set) VALUES (30, 2, '下家放款预计放款日期', '2019-04-12 17:22:54', 0, 4, 'nextExceptionLoanDate', 2, '124', '', 1, null, 0, 1, '12', '2,7,16,14,6,11,12,8');
INSERT INTO gzx.t_util_format_info (id, busi_type, ch_name, create_time, creator, data_type, en_name, if_scatter, need_step, scatter_obj, state, update_time, updator, who_object, can_modify_role_set, can_see_role_set) VALUES (31, 2, '下家放款实际放款日期', '2019-04-12 17:22:54', 0, 4, 'nextRealLoanDate', 2, '124', '', 1, null, 0, 1, '12', '2,7,16,14,6,11,12,8');
INSERT INTO gzx.t_util_format_info (id, busi_type, ch_name, create_time, creator, data_type, en_name, if_scatter, need_step, scatter_obj, state, update_time, updator, who_object, can_modify_role_set, can_see_role_set) VALUES (32, 2, '完结日期', '2019-04-12 17:22:54', 0, 4, 'finishDate', 2, '-1', '', 1, null, 0, 1, '0', '2,7,16,14,6,11,12,8');
INSERT INTO gzx.t_util_format_info (id, busi_type, ch_name, create_time, creator, data_type, en_name, if_scatter, need_step, scatter_obj, state, update_time, updator, who_object, can_modify_role_set, can_see_role_set) VALUES (33, 2, '产权人', '2019-04-12 17:22:54', 0, 3, 'propertyOwner', 2, '104', '', 1, null, 0, 1, '11', '2,7,16,14,6,11,12,8');
INSERT INTO gzx.t_util_format_info (id, busi_type, ch_name, create_time, creator, data_type, en_name, if_scatter, need_step, scatter_obj, state, update_time, updator, who_object, can_modify_role_set, can_see_role_set) VALUES (34, 2, '身份证号', '2019-04-12 17:22:54', 0, 3, 'certiNO', 2, '104', '', 1, null, 0, 1, '11', '2,7,16,14,6,11,12,8');
INSERT INTO gzx.t_util_format_info (id, busi_type, ch_name, create_time, creator, data_type, en_name, if_scatter, need_step, scatter_obj, state, update_time, updator, who_object, can_modify_role_set, can_see_role_set) VALUES (35, 2, '是否已婚', '2019-04-12 17:22:54', 0, 1, 'maritalStatus', 1, '104', 'YesNo', 1, null, 0, 1, '11', '2,7,16,14,6,11,12,8');
INSERT INTO gzx.t_util_format_info (id, busi_type, ch_name, create_time, creator, data_type, en_name, if_scatter, need_step, scatter_obj, state, update_time, updator, who_object, can_modify_role_set, can_see_role_set) VALUES (36, 2, '配偶姓名', '2019-04-12 17:22:55', 0, 3, 'spouseName', 2, '-1', '', 1, null, 0, 1, '11', '2,7,16,14,6,11,12,8');
INSERT INTO gzx.t_util_format_info (id, busi_type, ch_name, create_time, creator, data_type, en_name, if_scatter, need_step, scatter_obj, state, update_time, updator, who_object, can_modify_role_set, can_see_role_set) VALUES (37, 2, '配偶身份证号', '2019-04-12 17:22:55', 0, 3, 'spouseCertiNO', 2, '-1', '', 1, null, 0, 1, '11', '2,7,16,14,6,11,12,8');
INSERT INTO gzx.t_util_format_info (id, busi_type, ch_name, create_time, creator, data_type, en_name, if_scatter, need_step, scatter_obj, state, update_time, updator, who_object, can_modify_role_set, can_see_role_set) VALUES (38, 2, '大数据结论', '2019-04-12 17:22:55', 0, 3, 'bigDateConclusion', 2, '102', '', 1, null, 0, 1, '8', '2,7,16,14,6,11,12,8');
INSERT INTO gzx.t_util_format_info (id, busi_type, ch_name, create_time, creator, data_type, en_name, if_scatter, need_step, scatter_obj, state, update_time, updator, who_object, can_modify_role_set, can_see_role_set) VALUES (39, 2, '客户本金收款户名', '2019-04-12 17:22:55', 0, 3, 'customerCapitalAccountName', 2, '104', '', 1, null, 0, 1, '11', '2,7,16,14,6,11,12,8');
INSERT INTO gzx.t_util_format_info (id, busi_type, ch_name, create_time, creator, data_type, en_name, if_scatter, need_step, scatter_obj, state, update_time, updator, who_object, can_modify_role_set, can_see_role_set) VALUES (40, 2, '客户本金收款账号', '2019-04-12 17:22:55', 0, 3, 'customerCapitalAccountNO', 2, '104', '', 1, null, 0, 1, '11', '2,7,16,14,6,11,12,8');
INSERT INTO gzx.t_util_format_info (id, busi_type, ch_name, create_time, creator, data_type, en_name, if_scatter, need_step, scatter_obj, state, update_time, updator, who_object, can_modify_role_set, can_see_role_set) VALUES (41, 2, '客户本金收款开户行', '2019-04-12 17:22:55', 0, 3, 'customerCapitalBank', 2, '104', '', 1, null, 0, 1, '11', '2,7,16,14,6,11,12,8');
INSERT INTO gzx.t_util_format_info (id, busi_type, ch_name, create_time, creator, data_type, en_name, if_scatter, need_step, scatter_obj, state, update_time, updator, who_object, can_modify_role_set, can_see_role_set) VALUES (42, 2, '产权证号', '2019-04-12 17:22:55', 0, 3, 'titleCertificateNO', 2, '104', '', 1, null, 0, 1, '11', '2,7,16,14,6,11,12,8');
INSERT INTO gzx.t_util_format_info (id, busi_type, ch_name, create_time, creator, data_type, en_name, if_scatter, need_step, scatter_obj, state, update_time, updator, who_object, can_modify_role_set, can_see_role_set) VALUES (43, 2, '房屋坐落', '2019-04-12 17:22:55', 0, 3, 'houseAddress', 2, '104', '', 1, null, 0, 1, '11', '2,7,16,14,6,11,12,8');
INSERT INTO gzx.t_util_format_info (id, busi_type, ch_name, create_time, creator, data_type, en_name, if_scatter, need_step, scatter_obj, state, update_time, updator, who_object, can_modify_role_set, can_see_role_set) VALUES (44, 2, '建筑面积', '2019-04-12 17:22:55', 0, 5, 'houseSquare', 2, '104', '', 1, null, 0, 1, '11', '2,7,16,14,6,11,12,8');
INSERT INTO gzx.t_util_format_info (id, busi_type, ch_name, create_time, creator, data_type, en_name, if_scatter, need_step, scatter_obj, state, update_time, updator, who_object, can_modify_role_set, can_see_role_set) VALUES (45, 2, '房屋类型', '2019-04-12 17:22:55', 0, 1, 'houseType', 1, '104', '', 1, null, 0, 1, '11', '2,7,16,14,6,11,12,8');
INSERT INTO gzx.t_util_format_info (id, busi_type, ch_name, create_time, creator, data_type, en_name, if_scatter, need_step, scatter_obj, state, update_time, updator, who_object, can_modify_role_set, can_see_role_set) VALUES (46, 2, '评估总价', '2019-04-12 17:22:55', 0, 5, 'houseEvaluatePrice', 2, '102', '', 1, null, 0, 1, '8', '2,7,16,14,6,11,12,8');
INSERT INTO gzx.t_util_format_info (id, busi_type, ch_name, create_time, creator, data_type, en_name, if_scatter, need_step, scatter_obj, state, update_time, updator, who_object, can_modify_role_set, can_see_role_set) VALUES (47, 2, '链家快出总价', '2019-04-12 17:22:55', 0, 5, 'chainFamilyFastOutPrice', 2, '102', '', 1, null, 0, 1, '8', '2,7,16,14,6,11,12,8');
INSERT INTO gzx.t_util_format_info (id, busi_type, ch_name, create_time, creator, data_type, en_name, if_scatter, need_step, scatter_obj, state, update_time, updator, who_object, can_modify_role_set, can_see_role_set) VALUES (48, 2, '垫资金额', '2019-04-12 17:22:55', 0, 5, 'amount', 2, '0', '', 100, null, 0, 1, '11', '2,7,16,14,6,11,12,8');
INSERT INTO gzx.t_util_format_info (id, busi_type, ch_name, create_time, creator, data_type, en_name, if_scatter, need_step, scatter_obj, state, update_time, updator, who_object, can_modify_role_set, can_see_role_set) VALUES (49, 2, '预计天数', '2019-04-12 17:22:55', 0, 1, 'exceptionDays', 2, '-1', '', 1, null, 0, 1, '11', '2,7,16,14,6,11,12,8');
INSERT INTO gzx.t_util_format_info (id, busi_type, ch_name, create_time, creator, data_type, en_name, if_scatter, need_step, scatter_obj, state, update_time, updator, who_object, can_modify_role_set, can_see_role_set) VALUES (50, 2, '报信托天数', '2019-04-12 17:22:55', 0, 1, 'tellUpDays', 2, '112,114', '', 1, null, 0, 1, '7', '2,7,16,14,6,11,12,8');
INSERT INTO gzx.t_util_format_info (id, busi_type, ch_name, create_time, creator, data_type, en_name, if_scatter, need_step, scatter_obj, state, update_time, updator, who_object, can_modify_role_set, can_see_role_set) VALUES (51, 2, '客户首付天数', '2019-04-12 17:22:55', 0, 1, 'customerFirstPayDays', 2, '112,114', '', 1, null, 0, 1, '7', '2,7,16,14,6,11,12,8');
INSERT INTO gzx.t_util_format_info (id, busi_type, ch_name, create_time, creator, data_type, en_name, if_scatter, need_step, scatter_obj, state, update_time, updator, who_object, can_modify_role_set, can_see_role_set) VALUES (52, 2, '逾期天数', '2019-04-12 17:22:55', 0, 1, 'overdueDays', 2, '-1', '', 1, null, 0, 1, '7', '2,7,16,14,6,11,12,8');
INSERT INTO gzx.t_util_format_info (id, busi_type, ch_name, create_time, creator, data_type, en_name, if_scatter, need_step, scatter_obj, state, update_time, updator, who_object, can_modify_role_set, can_see_role_set) VALUES (53, 2, '申请天数', '2019-04-12 17:22:55', 0, 1, 'applyDays', 2, '104', '', 100, null, 0, 1, '11', '2,7,16,14,6,11,12,8');
INSERT INTO gzx.t_util_format_info (id, busi_type, ch_name, create_time, creator, data_type, en_name, if_scatter, need_step, scatter_obj, state, update_time, updator, who_object, can_modify_role_set, can_see_role_set) VALUES (54, 2, '垫资是否展期', '2019-04-12 17:22:55', 0, 1, 'ifExtension', 1, '122', 'YesNo', 1, null, 0, 1, '7', '2,7,16,14,6,11,12,8');
INSERT INTO gzx.t_util_format_info (id, busi_type, ch_name, create_time, creator, data_type, en_name, if_scatter, need_step, scatter_obj, state, update_time, updator, who_object, can_modify_role_set, can_see_role_set) VALUES (55, 2, '首展天数', '2019-04-12 17:22:55', 0, 1, 'firstExtensionDays', 2, '-1', '', 1, null, 0, 1, '7', '2,7,16,14,6,11,12,8');
INSERT INTO gzx.t_util_format_info (id, busi_type, ch_name, create_time, creator, data_type, en_name, if_scatter, need_step, scatter_obj, state, update_time, updator, who_object, can_modify_role_set, can_see_role_set) VALUES (56, 2, '展期收费', '2019-04-12 17:22:55', 0, 5, 'extensionFee', 2, '-1', '', 1, null, 0, 1, '7', '2,7,16,14,6,11,12,8');
INSERT INTO gzx.t_util_format_info (id, busi_type, ch_name, create_time, creator, data_type, en_name, if_scatter, need_step, scatter_obj, state, update_time, updator, who_object, can_modify_role_set, can_see_role_set) VALUES (57, 2, '上家名称', '2019-04-12 17:22:55', 0, 3, 'upName', 2, '111', '', 1, null, 0, 1, '7', '2,7,16,14,6,11,12,8');
INSERT INTO gzx.t_util_format_info (id, busi_type, ch_name, create_time, creator, data_type, en_name, if_scatter, need_step, scatter_obj, state, update_time, updator, who_object, can_modify_role_set, can_see_role_set) VALUES (58, 2, '剩余本金', '2019-04-12 17:22:55', 0, 5, 'upResidueCapital', 2, '111', '', 1, null, 0, 1, '7', '2,7,16,14,6,11,12,8');
INSERT INTO gzx.t_util_format_info (id, busi_type, ch_name, create_time, creator, data_type, en_name, if_scatter, need_step, scatter_obj, state, update_time, updator, who_object, can_modify_role_set, can_see_role_set) VALUES (59, 2, '剩余利息', '2019-04-12 17:22:55', 0, 5, 'upResidueInterest', 2, '111', '', 1, null, 0, 1, '7', '2,7,16,14,6,11,12,8');
INSERT INTO gzx.t_util_format_info (id, busi_type, ch_name, create_time, creator, data_type, en_name, if_scatter, need_step, scatter_obj, state, update_time, updator, who_object, can_modify_role_set, can_see_role_set) VALUES (60, 2, '罚息/其他', '2019-04-12 17:22:55', 0, 5, 'upPenaltyInterest', 2, '111', '', 1, null, 0, 1, '7', '2,7,16,14,6,11,12,8');
INSERT INTO gzx.t_util_format_info (id, busi_type, ch_name, create_time, creator, data_type, en_name, if_scatter, need_step, scatter_obj, state, update_time, updator, who_object, can_modify_role_set, can_see_role_set) VALUES (61, 2, '是否逾期', '2019-04-12 17:22:55', 0, 1, 'upIfOverdue', 1, '111', 'YesNo', 1, null, 0, 1, '7', '2,7,16,14,6,11,12,8');
INSERT INTO gzx.t_util_format_info (id, busi_type, ch_name, create_time, creator, data_type, en_name, if_scatter, need_step, scatter_obj, state, update_time, updator, who_object, can_modify_role_set, can_see_role_set) VALUES (62, 2, '上家逾期天数', '2019-04-12 17:22:55', 0, 1, 'upOverdueDays', 2, '-1', '', 1, null, 0, 1, '7', '2,7,16,14,6,11,12,8');
INSERT INTO gzx.t_util_format_info (id, busi_type, ch_name, create_time, creator, data_type, en_name, if_scatter, need_step, scatter_obj, state, update_time, updator, who_object, can_modify_role_set, can_see_role_set) VALUES (63, 2, '房本是否收押', '2019-04-12 17:22:55', 0, 1, 'upIfHouseDeposit', 1, '111', 'YesNo', 1, null, 0, 1, '7', '2,7,16,14,6,11,12,8');
INSERT INTO gzx.t_util_format_info (id, busi_type, ch_name, create_time, creator, data_type, en_name, if_scatter, need_step, scatter_obj, state, update_time, updator, who_object, can_modify_role_set, can_see_role_set) VALUES (64, 2, '解押材料', '2019-04-12 17:22:55', 0, 3, 'upUnzipDoc', 2, '102', '', 100, null, 0, 1, '0', '2,7,16,14,6,11,12,8');
INSERT INTO gzx.t_util_format_info (id, busi_type, ch_name, create_time, creator, data_type, en_name, if_scatter, need_step, scatter_obj, state, update_time, updator, who_object, can_modify_role_set, can_see_role_set) VALUES (65, 2, '上家本金收款户名', '2019-04-12 17:22:55', 0, 3, 'upCapitalAccountName', 2, '111', '', 1, null, 0, 1, '7', '2,7,16,14,6,11,12,8');
INSERT INTO gzx.t_util_format_info (id, busi_type, ch_name, create_time, creator, data_type, en_name, if_scatter, need_step, scatter_obj, state, update_time, updator, who_object, can_modify_role_set, can_see_role_set) VALUES (66, 2, '上家本金收款开户行', '2019-04-12 17:22:55', 0, 3, 'upCapitalBank', 2, '111', '', 1, null, 0, 1, '7', '2,7,16,14,6,11,12,8');
INSERT INTO gzx.t_util_format_info (id, busi_type, ch_name, create_time, creator, data_type, en_name, if_scatter, need_step, scatter_obj, state, update_time, updator, who_object, can_modify_role_set, can_see_role_set) VALUES (67, 2, '上家本金收款账号', '2019-04-12 17:22:55', 0, 3, 'upCapitalAccountNO', 2, '111', '', 1, null, 0, 1, '7', '2,7,16,14,6,11,12,8');
INSERT INTO gzx.t_util_format_info (id, busi_type, ch_name, create_time, creator, data_type, en_name, if_scatter, need_step, scatter_obj, state, update_time, updator, who_object, can_modify_role_set, can_see_role_set) VALUES (68, 2, '下家名称', '2019-04-12 17:22:55', 0, 3, 'nextName', 2, '111', '', 1, null, 0, 1, '7', '2,7,16,14,6,11,12,8');
INSERT INTO gzx.t_util_format_info (id, busi_type, ch_name, create_time, creator, data_type, en_name, if_scatter, need_step, scatter_obj, state, update_time, updator, who_object, can_modify_role_set, can_see_role_set) VALUES (69, 2, '批贷额', '2019-04-12 17:22:55', 0, 5, 'nextAount', 2, '111', '', 1, null, 0, 1, '7', '2,7,16,14,6,11,12,8');
INSERT INTO gzx.t_util_format_info (id, busi_type, ch_name, create_time, creator, data_type, en_name, if_scatter, need_step, scatter_obj, state, update_time, updator, who_object, can_modify_role_set, can_see_role_set) VALUES (70, 2, '是否带用途批', '2019-04-12 17:22:55', 0, 1, 'nextIfLimitPurpose', 1, '111', 'YesNo', 1, null, 0, 1, '7', '2,7,16,14,6,11,12,8');
INSERT INTO gzx.t_util_format_info (id, busi_type, ch_name, create_time, creator, data_type, en_name, if_scatter, need_step, scatter_obj, state, update_time, updator, who_object, can_modify_role_set, can_see_role_set) VALUES (71, 2, '是否公证', '2019-04-12 17:22:55', 0, 1, 'nextIfNotarization', 1, '111', 'YesNo', 1, null, 0, 1, '7', '2,7,16,14,6,11,12,8');
INSERT INTO gzx.t_util_format_info (id, busi_type, ch_name, create_time, creator, data_type, en_name, if_scatter, need_step, scatter_obj, state, update_time, updator, who_object, can_modify_role_set, can_see_role_set) VALUES (72, 2, '放款形式', '2019-04-12 17:22:55', 0, 1, 'nextLoanWay', 1, '111', '', 1, null, 0, 1, '7', '2,7,16,14,6,11,12,8');
INSERT INTO gzx.t_util_format_info (id, busi_type, ch_name, create_time, creator, data_type, en_name, if_scatter, need_step, scatter_obj, state, update_time, updator, who_object, can_modify_role_set, can_see_role_set) VALUES (73, 2, '下家放款账户提供方', '2019-04-12 17:22:55', 0, 3, 'nextCapitalAccountProvider', 1, '111', '', 1, null, 0, 1, '7', '2,7,16,14,6,11,12,8');
INSERT INTO gzx.t_util_format_info (id, busi_type, ch_name, create_time, creator, data_type, en_name, if_scatter, need_step, scatter_obj, state, update_time, updator, who_object, can_modify_role_set, can_see_role_set) VALUES (74, 2, '下家放款户名', '2019-04-12 17:22:55', 0, 3, 'nextCapitalAccountName', 2, '111', '', 1, null, 0, 1, '7', '2,7,16,14,6,11,12,8');
INSERT INTO gzx.t_util_format_info (id, busi_type, ch_name, create_time, creator, data_type, en_name, if_scatter, need_step, scatter_obj, state, update_time, updator, who_object, can_modify_role_set, can_see_role_set) VALUES (75, 2, '下家放款开户行', '2019-04-12 17:22:55', 0, 3, 'nextCapitalBank', 2, '111', '', 1, null, 0, 1, '7', '2,7,16,14,6,11,12,8');
INSERT INTO gzx.t_util_format_info (id, busi_type, ch_name, create_time, creator, data_type, en_name, if_scatter, need_step, scatter_obj, state, update_time, updator, who_object, can_modify_role_set, can_see_role_set) VALUES (76, 2, '民族', '2019-04-18 15:48:00', 0, 3, 'nationality', 2, '104', '', 1, null, 0, 1, '11', '2,7,16,14,6,11,12,8');
INSERT INTO gzx.t_util_format_info (id, busi_type, ch_name, create_time, creator, data_type, en_name, if_scatter, need_step, scatter_obj, state, update_time, updator, who_object, can_modify_role_set, can_see_role_set) VALUES (77, 2, '发证地址', '2019-04-18 15:48:00', 0, 3, 'certiAddress', 2, '104', '', 1, null, 0, 1, '11', '2,7,16,14,6,11,12,8');
INSERT INTO gzx.t_util_format_info (id, busi_type, ch_name, create_time, creator, data_type, en_name, if_scatter, need_step, scatter_obj, state, update_time, updator, who_object, can_modify_role_set, can_see_role_set) VALUES (78, 2, '身份证有效期起', '2019-04-18 15:48:00', 0, 4, 'certiStartDate', 2, '104', '', 1, null, 0, 1, '11', '2,7,16,14,6,11,12,8');
INSERT INTO gzx.t_util_format_info (id, busi_type, ch_name, create_time, creator, data_type, en_name, if_scatter, need_step, scatter_obj, state, update_time, updator, who_object, can_modify_role_set, can_see_role_set) VALUES (79, 2, '身份证有效期止', '2019-04-18 15:48:00', 0, 4, 'certiEndDate', 2, '104', '', 1, null, 0, 1, '11', '2,7,16,14,6,11,12,8');
INSERT INTO gzx.t_util_format_info (id, busi_type, ch_name, create_time, creator, data_type, en_name, if_scatter, need_step, scatter_obj, state, update_time, updator, who_object, can_modify_role_set, can_see_role_set) VALUES (80, 2, '发证机关', '2019-04-18 15:48:00', 0, 3, 'certiIssue', 2, '104', '', 1, null, 0, 1, '11', '2,7,16,14,6,11,12,8');
INSERT INTO gzx.t_util_format_info (id, busi_type, ch_name, create_time, creator, data_type, en_name, if_scatter, need_step, scatter_obj, state, update_time, updator, who_object, can_modify_role_set, can_see_role_set) VALUES (81, 2, '房产证号', '2019-04-18 15:48:00', 0, 3, 'houseCertiNo', 2, '104', '', 1, null, 0, 1, '11', '2,7,16,14,6,11,12,8');
INSERT INTO gzx.t_util_format_info (id, busi_type, ch_name, create_time, creator, data_type, en_name, if_scatter, need_step, scatter_obj, state, update_time, updator, who_object, can_modify_role_set, can_see_role_set) VALUES (82, 2, '权利人', '2019-04-18 15:48:01', 0, 3, 'houseOwnership', 2, '104', '', 100, null, 0, 1, '11', '2,7,16,14,6,11,12,8');
INSERT INTO gzx.t_util_format_info (id, busi_type, ch_name, create_time, creator, data_type, en_name, if_scatter, need_step, scatter_obj, state, update_time, updator, who_object, can_modify_role_set, can_see_role_set) VALUES (83, 2, '共有情况', '2019-04-18 15:48:01', 0, 3, 'belongType', 2, '104', '', 1, null, 0, 1, '11', '2,7,16,14,6,11,12,8');
INSERT INTO gzx.t_util_format_info (id, busi_type, ch_name, create_time, creator, data_type, en_name, if_scatter, need_step, scatter_obj, state, update_time, updator, who_object, can_modify_role_set, can_see_role_set) VALUES (85, 2, '不动产单元号', '2019-04-18 15:48:01', 0, 3, 'houseUnitNo', 2, '104', '', 1, null, 0, 1, '11', '2,7,16,14,6,11,12,8');
INSERT INTO gzx.t_util_format_info (id, busi_type, ch_name, create_time, creator, data_type, en_name, if_scatter, need_step, scatter_obj, state, update_time, updator, who_object, can_modify_role_set, can_see_role_set) VALUES (86, 2, '土地权利类型', '2019-04-18 15:48:01', 0, 3, 'landRightType', 2, '104', '', 1, null, 0, 1, '11', '2,7,16,14,6,11,12,8');
INSERT INTO gzx.t_util_format_info (id, busi_type, ch_name, create_time, creator, data_type, en_name, if_scatter, need_step, scatter_obj, state, update_time, updator, who_object, can_modify_role_set, can_see_role_set) VALUES (87, 2, '房屋权利类型', '2019-04-18 15:48:01', 0, 3, 'houseRigthType', 2, '104', '', 1, null, 0, 1, '11', '2,7,16,14,6,11,12,8');
INSERT INTO gzx.t_util_format_info (id, busi_type, ch_name, create_time, creator, data_type, en_name, if_scatter, need_step, scatter_obj, state, update_time, updator, who_object, can_modify_role_set, can_see_role_set) VALUES (88, 2, '土地权利性质/取得方式', '2019-04-18 15:48:01', 0, 3, 'landGetWay', 2, '104', 'certiIssue', 1, null, 0, 1, '11', '2,7,16,14,6,11,12,8');
INSERT INTO gzx.t_util_format_info (id, busi_type, ch_name, create_time, creator, data_type, en_name, if_scatter, need_step, scatter_obj, state, update_time, updator, who_object, can_modify_role_set, can_see_role_set) VALUES (89, 2, '房屋权利性质/取得方式', '2019-04-18 15:48:01', 0, 3, 'houseGetWay', 2, '104', '', 1, null, 0, 1, '11', '2,7,16,14,6,11,12,8');
INSERT INTO gzx.t_util_format_info (id, busi_type, ch_name, create_time, creator, data_type, en_name, if_scatter, need_step, scatter_obj, state, update_time, updator, who_object, can_modify_role_set, can_see_role_set) VALUES (90, 2, '土地用途', '2019-04-18 15:48:01', 0, 3, 'landPurpose', 2, '104', '', 1, null, 0, 1, '11', '2,7,16,14,6,11,12,8');
INSERT INTO gzx.t_util_format_info (id, busi_type, ch_name, create_time, creator, data_type, en_name, if_scatter, need_step, scatter_obj, state, update_time, updator, who_object, can_modify_role_set, can_see_role_set) VALUES (91, 2, '房屋用途', '2019-04-18 15:48:01', 0, 3, 'housePurpose', 2, '104', '', 1, null, 0, 1, '11', '2,7,16,14,6,11,12,8');
INSERT INTO gzx.t_util_format_info (id, busi_type, ch_name, create_time, creator, data_type, en_name, if_scatter, need_step, scatter_obj, state, update_time, updator, who_object, can_modify_role_set, can_see_role_set) VALUES (92, 2, '建筑面积', '2019-04-18 15:48:01', 0, 5, 'coveredArea', 2, '104', '', 100, null, 0, 1, '11', '2,7,16,14,6,11,12,8');
INSERT INTO gzx.t_util_format_info (id, busi_type, ch_name, create_time, creator, data_type, en_name, if_scatter, need_step, scatter_obj, state, update_time, updator, who_object, can_modify_role_set, can_see_role_set) VALUES (93, 2, '使用期限', '2019-04-18 15:48:01', 0, 3, 'serviceLife', 2, '104', '', 1, null, 0, 1, '11', '2,7,16,14,6,11,12,8');
INSERT INTO gzx.t_util_format_info (id, busi_type, ch_name, create_time, creator, data_type, en_name, if_scatter, need_step, scatter_obj, state, update_time, updator, who_object, can_modify_role_set, can_see_role_set) VALUES (94, 2, '业务类型', '2019-04-19 15:15:20', 0, 1, 'busiType', 1, '104', '', 100, null, 0, 1, '11', '2,7,16,14,6,11,12,8');
INSERT INTO gzx.t_util_format_info (id, busi_type, ch_name, create_time, creator, data_type, en_name, if_scatter, need_step, scatter_obj, state, update_time, updator, who_object, can_modify_role_set, can_see_role_set) VALUES (95, 2, '业务状态', '2019-04-19 15:15:20', 0, 1, 'orderState', 1, '104', '', 100, null, 0, 1, '11', '2,7,16,14,6,11,12,8');
INSERT INTO gzx.t_util_format_info (id, busi_type, ch_name, create_time, creator, data_type, en_name, if_scatter, need_step, scatter_obj, state, update_time, updator, who_object, can_modify_role_set, can_see_role_set) VALUES (96, 2, '最新提醒事项', '2019-04-19 15:15:20', 0, 3, 'latestReminders', 2, '104', '', 100, null, 0, 1, '11', '2,7,16,14,6,11,12,8');
INSERT INTO gzx.t_util_format_info (id, busi_type, ch_name, create_time, creator, data_type, en_name, if_scatter, need_step, scatter_obj, state, update_time, updator, who_object, can_modify_role_set, can_see_role_set) VALUES (97, 2, '提醒事项办理人', '2019-04-19 15:15:20', 0, 1, 'reminderPeople', 2, '104', '', 100, null, 0, 1, '11', '2,7,16,14,6,11,12,8');
INSERT INTO gzx.t_util_format_info (id, busi_type, ch_name, create_time, creator, data_type, en_name, if_scatter, need_step, scatter_obj, state, update_time, updator, who_object, can_modify_role_set, can_see_role_set) VALUES (98, 2, '业务员', '2019-04-19 15:15:20', 0, 1, 'salerId', 2, '104', '', 100, null, 0, 1, '11', '2,7,16,14,6,11,12,8');
INSERT INTO gzx.t_util_format_info (id, busi_type, ch_name, create_time, creator, data_type, en_name, if_scatter, need_step, scatter_obj, state, update_time, updator, who_object, can_modify_role_set, can_see_role_set) VALUES (99, 2, '风控专员', '2019-04-19 15:15:20', 0, 1, 'riskController', 2, '104', '', 100, null, 0, 1, '11', '2,7,16,14,6,11,12,8');
INSERT INTO gzx.t_util_format_info (id, busi_type, ch_name, create_time, creator, data_type, en_name, if_scatter, need_step, scatter_obj, state, update_time, updator, who_object, can_modify_role_set, can_see_role_set) VALUES (100, 2, '合作渠道/个人', '2019-04-19 15:15:20', 0, 4, 'channelName', 2, '104', '', 100, null, 0, 1, '11', '2,7,16,14,6,11,12,8');
INSERT INTO gzx.t_util_format_info (id, busi_type, ch_name, create_time, creator, data_type, en_name, if_scatter, need_step, scatter_obj, state, update_time, updator, who_object, can_modify_role_set, can_see_role_set) VALUES (101, 2, '贷款类型', '2019-04-19 15:15:20', 0, 1, 'upLoanType', 2, '104', '', 100, null, 0, 1, '11', '2,7,16,14,6,11,12,8');
INSERT INTO gzx.t_util_format_info (id, busi_type, ch_name, create_time, creator, data_type, en_name, if_scatter, need_step, scatter_obj, state, update_time, updator, who_object, can_modify_role_set, can_see_role_set) VALUES (102, 2, '房本领取日期', '2019-04-19 15:15:20', 0, 4, 'upHouseReceiveDate', 2, '104', '', 100, null, 0, 1, '11', '2,7,16,14,6,11,12,8');
INSERT INTO gzx.t_util_format_info (id, busi_type, ch_name, create_time, creator, data_type, en_name, if_scatter, need_step, scatter_obj, state, update_time, updator, who_object, can_modify_role_set, can_see_role_set) VALUES (103, 2, '下家机构类型', '2019-04-22 23:16:33', 0, 1, 'nextOrganType', 1, '111', '', 1, null, 0, 1, '7', '2,7,16,14,6,11,12,8');
INSERT INTO gzx.t_util_format_info (id, busi_type, ch_name, create_time, creator, data_type, en_name, if_scatter, need_step, scatter_obj, state, update_time, updator, who_object, can_modify_role_set, can_see_role_set) VALUES (104, 2, '申请人电话', '2019-04-22 23:44:33', 0, 3, 'applyTel', 2, '-1', '', 1, null, 0, 1, '11', '11');
INSERT INTO gzx.t_util_format_info (id, busi_type, ch_name, create_time, creator, data_type, en_name, if_scatter, need_step, scatter_obj, state, update_time, updator, who_object, can_modify_role_set, can_see_role_set) VALUES (105, 2, '房屋区域', '2019-04-23 20:06:41', 0, 1, 'houseArea', 1, '104', '', 1, null, 0, 1, '11', '2,7,16,14,6,11,12,8');
INSERT INTO gzx.t_util_format_info (id, busi_type, ch_name, create_time, creator, data_type, en_name, if_scatter, need_step, scatter_obj, state, update_time, updator, who_object, can_modify_role_set, can_see_role_set) VALUES (106, 2, '几抵', '2019-04-23 20:06:41', 0, 1, 'mortgageNum', 2, '104', '', 1, null, 0, 1, '11', '2,7,16,14,6,11,12,8');
INSERT INTO gzx.t_util_work_flow (id, after_state, before_state, create_time, creator, state, trans_condition, update_time, updator, work_type, action_id, busi_type, position_id, button_id) VALUES (1, 101, 0, '2019-03-21 09:52:46', 0, 1, '', null, 0, 1, 0, 2, 11, 71);
INSERT INTO gzx.t_util_work_flow (id, after_state, before_state, create_time, creator, state, trans_condition, update_time, updator, work_type, action_id, busi_type, position_id, button_id) VALUES (2, 102, 101, '2019-03-21 09:57:10', 0, 1, '', null, 0, 1, 0, 2, 11, 72);
INSERT INTO gzx.t_util_work_flow (id, after_state, before_state, create_time, creator, state, trans_condition, update_time, updator, work_type, action_id, busi_type, position_id, button_id) VALUES (3, 103, 102, '2019-03-21 09:59:56', 0, 1, '', null, 0, 1, 0, 2, 8, 73);
INSERT INTO gzx.t_util_work_flow (id, after_state, before_state, create_time, creator, state, trans_condition, update_time, updator, work_type, action_id, busi_type, position_id, button_id) VALUES (4, 104, 102, '2019-03-21 10:00:21', 0, 1, '', null, 0, 1, 0, 2, 8, 74);
INSERT INTO gzx.t_util_work_flow (id, after_state, before_state, create_time, creator, state, trans_condition, update_time, updator, work_type, action_id, busi_type, position_id, button_id) VALUES (5, 105, 102, '2019-03-21 10:00:53', 0, 1, '', null, 0, 1, 0, 2, 8, 75);
INSERT INTO gzx.t_util_work_flow (id, after_state, before_state, create_time, creator, state, trans_condition, update_time, updator, work_type, action_id, busi_type, position_id, button_id) VALUES (6, 103, 105, '2019-03-21 10:02:37', 0, 1, '', null, 0, 1, 0, 2, 6, 73);
INSERT INTO gzx.t_util_work_flow (id, after_state, before_state, create_time, creator, state, trans_condition, update_time, updator, work_type, action_id, busi_type, position_id, button_id) VALUES (7, 104, 105, '2019-03-21 10:03:12', 0, 1, '', null, 0, 1, 0, 2, 6, 74);
INSERT INTO gzx.t_util_work_flow (id, after_state, before_state, create_time, creator, state, trans_condition, update_time, updator, work_type, action_id, busi_type, position_id, button_id) VALUES (8, 106, 103, '2019-03-21 10:03:39', 0, 1, '', null, 0, 1, 0, 2, 11, 82);
INSERT INTO gzx.t_util_work_flow (id, after_state, before_state, create_time, creator, state, trans_condition, update_time, updator, work_type, action_id, busi_type, position_id, button_id) VALUES (9, 101, 103, '2019-03-21 10:04:18', 0, 1, '', null, 0, 1, 0, 2, 11, 71);
INSERT INTO gzx.t_util_work_flow (id, after_state, before_state, create_time, creator, state, trans_condition, update_time, updator, work_type, action_id, busi_type, position_id, button_id) VALUES (10, 107, 104, '2019-03-21 10:04:55', 0, 1, '', null, 0, 1, 0, 2, 11, 72);
INSERT INTO gzx.t_util_work_flow (id, after_state, before_state, create_time, creator, state, trans_condition, update_time, updator, work_type, action_id, busi_type, position_id, button_id) VALUES (11, 108, 107, '2019-03-21 10:05:58', 0, 1, '', null, 0, 1, 0, 2, 6, 80);
INSERT INTO gzx.t_util_work_flow (id, after_state, before_state, create_time, creator, state, trans_condition, update_time, updator, work_type, action_id, busi_type, position_id, button_id) VALUES (12, 109, 107, '2019-03-21 10:06:44', 0, 1, '', null, 0, 1, 0, 2, 6, 81);
INSERT INTO gzx.t_util_work_flow (id, after_state, before_state, create_time, creator, state, trans_condition, update_time, updator, work_type, action_id, busi_type, position_id, button_id) VALUES (13, 106, 109, '2019-03-21 10:07:31', 0, 1, '', null, 0, 1, 0, 2, 11, 82);
INSERT INTO gzx.t_util_work_flow (id, after_state, before_state, create_time, creator, state, trans_condition, update_time, updator, work_type, action_id, busi_type, position_id, button_id) VALUES (14, 110, 109, '2019-03-21 10:08:09', 0, 1, '', null, 0, 1, 0, 2, 11, 71);
INSERT INTO gzx.t_util_work_flow (id, after_state, before_state, create_time, creator, state, trans_condition, update_time, updator, work_type, action_id, busi_type, position_id, button_id) VALUES (15, 107, 110, '2019-03-21 10:08:50', 0, 1, '', null, 0, 1, 0, 2, 11, 72);
INSERT INTO gzx.t_util_work_flow (id, after_state, before_state, create_time, creator, state, trans_condition, update_time, updator, work_type, action_id, busi_type, position_id, button_id) VALUES (16, 111, 108, '2019-03-21 10:09:35', 0, 1, '', null, 0, 1, 0, 2, 12, 84);
INSERT INTO gzx.t_util_work_flow (id, after_state, before_state, create_time, creator, state, trans_condition, update_time, updator, work_type, action_id, busi_type, position_id, button_id) VALUES (17, 112, 111, '2019-03-21 10:10:10', 0, 1, '', null, 0, 1, 0, 2, 7, 85);
INSERT INTO gzx.t_util_work_flow (id, after_state, before_state, create_time, creator, state, trans_condition, update_time, updator, work_type, action_id, busi_type, position_id, button_id) VALUES (18, 113, 111, '2019-03-21 10:10:34', 0, 1, '', null, 0, 1, 0, 2, 7, 86);
INSERT INTO gzx.t_util_work_flow (id, after_state, before_state, create_time, creator, state, trans_condition, update_time, updator, work_type, action_id, busi_type, position_id, button_id) VALUES (19, 114, 113, '2019-03-21 10:12:26', 0, 1, '', null, 0, 1, 0, 2, 15, 87);
INSERT INTO gzx.t_util_work_flow (id, after_state, before_state, create_time, creator, state, trans_condition, update_time, updator, work_type, action_id, busi_type, position_id, button_id) VALUES (20, 115, 113, '2019-03-21 10:12:55', 0, 1, '', null, 0, 1, 0, 2, 15, 88);
INSERT INTO gzx.t_util_work_flow (id, after_state, before_state, create_time, creator, state, trans_condition, update_time, updator, work_type, action_id, busi_type, position_id, button_id) VALUES (21, 106, 115, '2019-03-21 10:13:27', 0, 1, '', null, 0, 1, 0, 2, 11, 82);
INSERT INTO gzx.t_util_work_flow (id, after_state, before_state, create_time, creator, state, trans_condition, update_time, updator, work_type, action_id, busi_type, position_id, button_id) VALUES (22, 116, 112, '2019-03-21 10:14:07', 0, 1, '', null, 0, 1, 0, 2, 7, 89);
INSERT INTO gzx.t_util_work_flow (id, after_state, before_state, create_time, creator, state, trans_condition, update_time, updator, work_type, action_id, busi_type, position_id, button_id) VALUES (23, 116, 114, '2019-03-21 10:14:32', 0, 1, '', null, 0, 1, 0, 2, 7, 89);
INSERT INTO gzx.t_util_work_flow (id, after_state, before_state, create_time, creator, state, trans_condition, update_time, updator, work_type, action_id, busi_type, position_id, button_id) VALUES (24, 117, 116, '2019-03-21 10:15:03', 0, 1, '', null, 0, 1, 0, 2, 12, 90);
INSERT INTO gzx.t_util_work_flow (id, after_state, before_state, create_time, creator, state, trans_condition, update_time, updator, work_type, action_id, busi_type, position_id, button_id) VALUES (25, 118, 117, '2019-03-21 10:16:28', 0, 100, '', null, 0, 1, 0, 2, 8, 91);
INSERT INTO gzx.t_util_work_flow (id, after_state, before_state, create_time, creator, state, trans_condition, update_time, updator, work_type, action_id, busi_type, position_id, button_id) VALUES (26, 119, 117, '2019-03-21 10:16:56', 0, 1, '', null, 0, 1, 0, 2, 14, 92);
INSERT INTO gzx.t_util_work_flow (id, after_state, before_state, create_time, creator, state, trans_condition, update_time, updator, work_type, action_id, busi_type, position_id, button_id) VALUES (27, 120, 117, '2019-03-21 10:17:29', 0, 1, '', null, 0, 1, 0, 2, 14, 93);
INSERT INTO gzx.t_util_work_flow (id, after_state, before_state, create_time, creator, state, trans_condition, update_time, updator, work_type, action_id, busi_type, position_id, button_id) VALUES (28, 106, 120, '2019-03-21 10:17:50', 0, 1, '', null, 0, 1, 0, 2, 11, 82);
INSERT INTO gzx.t_util_work_flow (id, after_state, before_state, create_time, creator, state, trans_condition, update_time, updator, work_type, action_id, busi_type, position_id, button_id) VALUES (29, 121, 119, '2019-03-21 10:18:30', 0, 1, '', null, 0, 1, 0, 2, 12, 94);
INSERT INTO gzx.t_util_work_flow (id, after_state, before_state, create_time, creator, state, trans_condition, update_time, updator, work_type, action_id, busi_type, position_id, button_id) VALUES (30, 122, 121, '2019-03-21 10:18:59', 0, 1, '', null, 0, 1, 0, 2, 12, 95);
INSERT INTO gzx.t_util_work_flow (id, after_state, before_state, create_time, creator, state, trans_condition, update_time, updator, work_type, action_id, busi_type, position_id, button_id) VALUES (31, 123, 122, '2019-03-21 10:19:33', 0, 1, '', null, 0, 1, 0, 2, 7, 96);
INSERT INTO gzx.t_util_work_flow (id, after_state, before_state, create_time, creator, state, trans_condition, update_time, updator, work_type, action_id, busi_type, position_id, button_id) VALUES (32, 124, 123, '2019-03-21 10:19:52', 0, 1, '', null, 0, 1, 0, 2, 7, 97);
INSERT INTO gzx.t_util_work_flow (id, after_state, before_state, create_time, creator, state, trans_condition, update_time, updator, work_type, action_id, busi_type, position_id, button_id) VALUES (33, 125, 124, '2019-03-21 10:20:31', 0, 1, '', null, 0, 1, 0, 2, 12, 98);
INSERT INTO gzx.t_util_work_flow (id, after_state, before_state, create_time, creator, state, trans_condition, update_time, updator, work_type, action_id, busi_type, position_id, button_id) VALUES (34, 126, 125, '2019-03-21 10:21:09', 0, 1, '', null, 0, 1, 0, 2, 7, 99);
INSERT INTO gzx.t_util_work_flow (id, after_state, before_state, create_time, creator, state, trans_condition, update_time, updator, work_type, action_id, busi_type, position_id, button_id) VALUES (35, 127, 126, '2019-03-21 10:21:36', 0, 1, '', null, 0, 1, 0, 2, 8, 100);